#\Rows = 775
#\Cols = 13
#\Coordinate system = equ
#\Equinox = J2000
#\Coordinate format = degree
#\objname is name or coordinates
#\ra is right ascension in degrees J2000
#\dec is declination in degrees J2000
#\zody is zodiacal light, unit = MJy/sr; it is median in viewing zone if ido_view = 1
#\ism is interstellar light, unit = MJy/sr
#\stars is stellar light, unit = MJy/sr
#\cib is cosmic infrared background, unit = MJy/sr
#\totbg is total background, unit = MJy/sr
#\wavelength in microns
#\year
#\day is day of year, or -999 if ido_view = 1
#\selon is solar elongation in deg, or -999 if ido_view = 1
#\obsloc is observing location, 0=L2, 3=Earth orbit
#\obsver is code version
#\ido_view if 1 then use median zodiacal in view range
#|objname                                                         |ra             |dec            |zody            |ism             |stars           |cib             |totbg           |wavelength  |year    |day     |selon   |obsloc  |obsver  |ido_view|errmsg                                                                                                                          |
#|char                                                            |double         |double         |double          |double          |double          |double          |double          |float       |char    |char    |int     |char    |char    |char    |char                                                                                                                            |
#|                                                                |deg            |deg            |MJy/sr          |MJy/sr          |MJy/sr          |MJy/sr          |MJy/sr          |microns     |        |        |deg     |        |        |        |                                                                                                                                |
                                                                  5.304890        -86.520000      0.173384         0.005397         0.517155         0.005470         0.701407         1.4          2027     1        67       0        4        0                                                                                                                                        
                                                                  60.000000       -86.520000      0.162883         0.005685         0.541413         0.005470         0.715452         1.4          2027     1        70       0        4        0                                                                                                                                        
                                                                  60.000000       -83.200000      0.155247         0.005018         0.471460         0.005470         0.637195         1.4          2027     1        72       0        4        0                                                                                                                                        
                                                                  31.960400       -83.200000      0.163630         0.007327         0.433684         0.005470         0.610111         1.4          2027     1        69       0        4        0                                                                                                                                        
                                                                  5.304890        -86.520000      0.173384         0.005397         0.517155         0.005470         0.701407         1.4          2027     1        67       0        4        0                                                                                                                                        
                                                                  60.000000       -86.520000      0.162883         0.005685         0.541413         0.005470         0.715452         1.4          2027     1        70       0        4        0                                                                                                                                        
                                                                  114.695110      -86.520000      0.160312         0.008420         0.653448         0.005470         0.827650         1.4          2027     1        70       0        4        0                                                                                                                                        
                                                                  88.039600       -83.200000      0.150936         0.008189         0.552885         0.005470         0.717479         1.4          2027     1        74       0        4        0                                                                                                                                        
                                                                  60.000000       -83.200000      0.155247         0.005018         0.471460         0.005470         0.637195         1.4          2027     1        72       0        4        0                                                                                                                                        
                                                                  60.000000       -86.520000      0.162883         0.005685         0.541413         0.005470         0.715452         1.4          2027     1        70       0        4        0                                                                                                                                        
                                                                  17.940600       -83.200000      0.168951         0.007581         0.429839         0.005470         0.611841         1.4          2027     1        68       0        4        0                                                                                                                                        
                                                                  45.980200       -83.200000      0.158728         0.004663         0.447642         0.005470         0.616503         1.4          2027     1        71       0        4        0                                                                                                                                        
                                                                  50.552640       -79.880000      0.151731         0.004108         0.394962         0.005470         0.556271         1.4          2027     1        74       0        4        0                                                                                                                                        
                                                                  31.657910       -79.880000      0.160148         0.004156         0.370642         0.005470         0.540416         1.4          2027     1        71       0        4        0                                                                                                                                        
                                                                  17.940600       -83.200000      0.168951         0.007581         0.429839         0.005470         0.611841         1.4          2027     1        68       0        4        0                                                                                                                                        
                                                                  45.980200       -83.200000      0.158728         0.004663         0.447642         0.005470         0.616503         1.4          2027     1        71       0        4        0                                                                                                                                        
                                                                  74.019800       -83.200000      0.152334         0.009178         0.506278         0.005470         0.673260         1.4          2027     1        73       0        4        0                                                                                                                                        
                                                                  69.447360       -79.880000      0.145982         0.005448         0.443792         0.005470         0.600693         1.4          2027     1        76       0        4        0                                                                                                                                        
                                                                  50.552640       -79.880000      0.151731         0.004108         0.394962         0.005470         0.556271         1.4          2027     1        74       0        4        0                                                                                                                                        
                                                                  45.980200       -83.200000      0.158728         0.004663         0.447642         0.005470         0.616503         1.4          2027     1        71       0        4        0                                                                                                                                        
                                                                  74.019800       -83.200000      0.152334         0.009178         0.506278         0.005470         0.673260         1.4          2027     1        73       0        4        0                                                                                                                                        
                                                                  102.059400      -83.200000      0.150592         0.011811         0.611738         0.005470         0.779611         1.4          2027     1        74       0        4        0                                                                                                                                        
                                                                  88.342090       -79.880000      0.143296         0.006363         0.523780         0.005470         0.678909         1.4          2027     1        77       0        4        0                                                                                                                                        
                                                                  69.447360       -79.880000      0.145982         0.005448         0.443792         0.005470         0.600693         1.4          2027     1        76       0        4        0                                                                                                                                        
                                                                  74.019800       -83.200000      0.152334         0.009178         0.506278         0.005470         0.673260         1.4          2027     1        73       0        4        0                                                                                                                                        
                                                                  22.210540       -79.880000      0.165578         0.004001         0.366369         0.005470         0.541418         1.4          2027     1        69       0        4        0                                                                                                                                        
                                                                  41.105270       -79.880000      0.155834         0.004469         0.379928         0.005470         0.545701         1.4          2027     1        72       0        4        0                                                                                                                                        
                                                                  45.715940       -76.560000      0.148974         0.004415         0.338787         0.005470         0.497646         1.4          2027     1        75       0        4        0                                                                                                                                        
                                                                  31.431890       -76.560000      0.157674         0.003242         0.321830         0.005470         0.488216         1.4          2027     1        72       0        4        0                                                                                                                                        
                                                                  22.210540       -79.880000      0.165578         0.004001         0.366369         0.005470         0.541418         1.4          2027     1        69       0        4        0                                                                                                                                        
                                                                  41.105270       -79.880000      0.155834         0.004469         0.379928         0.005470         0.545701         1.4          2027     1        72       0        4        0                                                                                                                                        
                                                                  60.000000       -79.880000      0.148275         0.005199         0.415886         0.005470         0.574831         1.4          2027     1        75       0        4        0                                                                                                                                        
                                                                  60.000000       -76.560000      0.142824         0.004532         0.371473         0.005470         0.524300         1.4          2027     1        77       0        4        0                                                                                                                                        
                                                                  45.715940       -76.560000      0.148974         0.004415         0.338787         0.005470         0.497646         1.4          2027     1        75       0        4        0                                                                                                                                        
                                                                  41.105270       -79.880000      0.155834         0.004469         0.379928         0.005470         0.545701         1.4          2027     1        72       0        4        0                                                                                                                                        
                                                                  60.000000       -79.880000      0.148275         0.005199         0.415886         0.005470         0.574831         1.4          2027     1        75       0        4        0                                                                                                                                        
                                                                  78.894730       -79.880000      0.144327         0.008383         0.479551         0.005470         0.637731         1.4          2027     1        76       0        4        0                                                                                                                                        
                                                                  74.284060       -76.560000      0.138553         0.005895         0.423050         0.005470         0.572968         1.4          2027     1        79       0        4        0                                                                                                                                        
                                                                  60.000000       -76.560000      0.142824         0.004532         0.371473         0.005470         0.524300         1.4          2027     1        77       0        4        0                                                                                                                                        
                                                                  60.000000       -79.880000      0.148275         0.005199         0.415886         0.005470         0.574831         1.4          2027     1        75       0        4        0                                                                                                                                        
                                                                  78.894730       -79.880000      0.144327         0.008383         0.479551         0.005470         0.637731         1.4          2027     1        76       0        4        0                                                                                                                                        
                                                                  97.789460       -79.880000      0.142358         0.015017         0.577914         0.005470         0.740759         1.4          2027     1        77       0        4        0                                                                                                                                        
                                                                  88.568110       -76.560000      0.136534         0.005630         0.499950         0.005470         0.647584         1.4          2027     1        80       0        4        0                                                                                                                                        
                                                                  74.284060       -76.560000      0.138553         0.005895         0.423050         0.005470         0.572968         1.4          2027     1        79       0        4        0                                                                                                                                        
                                                                  78.894730       -79.880000      0.144327         0.008383         0.479551         0.005470         0.637731         1.4          2027     1        76       0        4        0                                                                                                                                        
                                                                  24.289860       -76.560000      0.162363         0.003179         0.318079         0.005470         0.489091         1.4          2027     1        71       0        4        0                                                                                                                                        
                                                                  38.573920       -76.560000      0.153065         0.003691         0.328660         0.005470         0.490886         1.4          2027     1        74       0        4        0                                                                                                                                        
                                                                  42.730120       -73.240000      0.147343         0.002055         0.296348         0.005470         0.451216         1.4          2027     1        76       0        4        0                                                                                                                                        
                                                                  31.216870       -73.240000      0.155289         0.001960         0.283305         0.005470         0.446024         1.4          2027     1        73       0        4        0                                                                                                                                        
                                                                  24.289860       -76.560000      0.162363         0.003179         0.318079         0.005470         0.489091         1.4          2027     1        71       0        4        0                                                                                                                                        
                                                                  38.573920       -76.560000      0.153065         0.003691         0.328660         0.005470         0.490886         1.4          2027     1        74       0        4        0                                                                                                                                        
                                                                  52.857970       -76.560000      0.145914         0.008216         0.353302         0.005470         0.512902         1.4          2027     1        76       0        4        0                                                                                                                                        
                                                                  54.243370       -73.240000      0.141136         0.003761         0.319420         0.005470         0.469787         1.4          2027     1        79       0        4        0                                                                                                                                        
                                                                  42.730120       -73.240000      0.147343         0.002055         0.296348         0.005470         0.451216         1.4          2027     1        76       0        4        0                                                                                                                                        
                                                                  38.573920       -76.560000      0.153065         0.003691         0.328660         0.005470         0.490886         1.4          2027     1        74       0        4        0                                                                                                                                        
                                                                  52.857970       -76.560000      0.145914         0.008216         0.353302         0.005470         0.512902         1.4          2027     1        76       0        4        0                                                                                                                                        
                                                                  67.142030       -76.560000      0.140735         0.004554         0.394624         0.005470         0.545383         1.4          2027     1        78       0        4        0                                                                                                                                        
                                                                  65.756630       -73.240000      0.135915         0.005930         0.354949         0.005470         0.502264         1.4          2027     1        81       0        4        0                                                                                                                                        
                                                                  54.243370       -73.240000      0.141136         0.003761         0.319420         0.005470         0.469787         1.4          2027     1        79       0        4        0                                                                                                                                        
                                                                  52.857970       -76.560000      0.145914         0.008216         0.353302         0.005470         0.512902         1.4          2027     1        76       0        4        0                                                                                                                                        
                                                                  67.142030       -76.560000      0.140735         0.004554         0.394624         0.005470         0.545383         1.4          2027     1        78       0        4        0                                                                                                                                        
                                                                  81.426080       -76.560000      0.137340         0.005116         0.457962         0.005470         0.605888         1.4          2027     1        80       0        4        0                                                                                                                                        
                                                                  77.269880       -73.240000      0.133136         0.006667         0.407125         0.005470         0.552398         1.4          2027     1        82       0        4        0                                                                                                                                        
                                                                  65.756630       -73.240000      0.135915         0.005930         0.354949         0.005470         0.502264         1.4          2027     1        81       0        4        0                                                                                                                                        
                                                                  67.142030       -76.560000      0.140735         0.004554         0.394624         0.005470         0.545383         1.4          2027     1        78       0        4        0                                                                                                                                        
                                                                  81.426080       -76.560000      0.137340         0.005116         0.457962         0.005470         0.605888         1.4          2027     1        80       0        4        0                                                                                                                                        
                                                                  95.710140       -76.560000      0.136126         0.005148         0.550512         0.005470         0.697256         1.4          2027     1        80       0        4        0                                                                                                                                        
                                                                  88.783130       -73.240000      0.130880         0.006819         0.481197         0.005470         0.624366         1.4          2027     1        83       0        4        0                                                                                                                                        
                                                                  77.269880       -73.240000      0.133136         0.006667         0.407125         0.005470         0.552398         1.4          2027     1        82       0        4        0                                                                                                                                        
                                                                  81.426080       -76.560000      0.137340         0.005116         0.457962         0.005470         0.605888         1.4          2027     1        80       0        4        0                                                                                                                                        
                                                                  25.460250       -73.240000      0.160217         0.003395         0.280127         0.005470         0.449209         1.4          2027     1        72       0        4        0                                                                                                                                        
                                                                  36.973500       -73.240000      0.150824         0.002248         0.288535         0.005470         0.447078         1.4          2027     1        75       0        4        0                                                                                                                                        
                                                                  40.660110       -69.920000      0.145753         0.003143         0.262540         0.005470         0.416906         1.4          2027     1        78       0        4        0                                                                                                                                        
                                                                  30.990170       -69.920000      0.153444         0.001478         0.252763         0.005470         0.413155         1.4          2027     1        75       0        4        0                                                                                                                                        
                                                                  25.460250       -73.240000      0.160217         0.003395         0.280127         0.005470         0.449209         1.4          2027     1        72       0        4        0                                                                                                                                        
                                                                  36.973500       -73.240000      0.150824         0.002248         0.288535         0.005470         0.447078         1.4          2027     1        75       0        4        0                                                                                                                                        
                                                                  48.486750       -73.240000      0.143766         0.002666         0.306555         0.005470         0.458457         1.4          2027     1        78       0        4        0                                                                                                                                        
                                                                  50.330060       -69.920000      0.139600         0.002127         0.279845         0.005470         0.427043         1.4          2027     1        80       0        4        0                                                                                                                                        
                                                                  40.660110       -69.920000      0.145753         0.003143         0.262540         0.005470         0.416906         1.4          2027     1        78       0        4        0                                                                                                                                        
                                                                  36.973500       -73.240000      0.150824         0.002248         0.288535         0.005470         0.447078         1.4          2027     1        75       0        4        0                                                                                                                                        
                                                                  48.486750       -73.240000      0.143766         0.002666         0.306555         0.005470         0.458457         1.4          2027     1        78       0        4        0                                                                                                                                        
                                                                  60.000000       -73.240000      0.138347         0.006255         0.335282         0.005470         0.485354         1.4          2027     1        80       0        4        0                                                                                                                                        
                                                                  60.000000       -69.920000      0.134104         0.005970         0.305854         0.005470         0.451399         1.4          2027     1        82       0        4        0                                                                                                                                        
                                                                  50.330060       -69.920000      0.139600         0.002127         0.279845         0.005470         0.427043         1.4          2027     1        80       0        4        0                                                                                                                                        
                                                                  48.486750       -73.240000      0.143766         0.002666         0.306555         0.005470         0.458457         1.4          2027     1        78       0        4        0                                                                                                                                        
                                                                  60.000000       -73.240000      0.138347         0.006255         0.335282         0.005470         0.485354         1.4          2027     1        80       0        4        0                                                                                                                                        
                                                                  71.513250       -73.240000      0.134369         0.005898         0.378557         0.005470         0.524294         1.4          2027     1        82       0        4        0                                                                                                                                        
                                                                  69.669940       -69.920000      0.130362         0.005999         0.342986         0.005470         0.484817         1.4          2027     1        84       0        4        0                                                                                                                                        
                                                                  60.000000       -69.920000      0.134104         0.005970         0.305854         0.005470         0.451399         1.4          2027     1        82       0        4        0                                                                                                                                        
                                                                  60.000000       -73.240000      0.138347         0.006255         0.335282         0.005470         0.485354         1.4          2027     1        80       0        4        0                                                                                                                                        
                                                                  71.513250       -73.240000      0.134369         0.005898         0.378557         0.005470         0.524294         1.4          2027     1        82       0        4        0                                                                                                                                        
                                                                  83.026500       -73.240000      0.131530         0.005149         0.441034         0.005470         0.583182         1.4          2027     1        83       0        4        0                                                                                                                                        
                                                                  79.339890       -69.920000      0.127650         0.052489         0.394847         0.005470         0.580456         1.4          2027     1        86       0        4        0                                                                                                                                        
                                                                  69.669940       -69.920000      0.130362         0.005999         0.342986         0.005470         0.484817         1.4          2027     1        84       0        4        0                                                                                                                                        
                                                                  71.513250       -73.240000      0.134369         0.005898         0.378557         0.005470         0.524294         1.4          2027     1        82       0        4        0                                                                                                                                        
                                                                  83.026500       -73.240000      0.131530         0.005149         0.441034         0.005470         0.583182         1.4          2027     1        83       0        4        0                                                                                                                                        
                                                                  94.539750       -73.240000      0.130506         0.006867         0.528697         0.005470         0.671540         1.4          2027     1        84       0        4        0                                                                                                                                        
                                                                  89.009830       -69.920000      0.125868         0.006912         0.466333         0.005470         0.604584         1.4          2027     1        87       0        4        0                                                                                                                                        
                                                                  79.339890       -69.920000      0.127650         0.052489         0.394847         0.005470         0.580456         1.4          2027     1        86       0        4        0                                                                                                                                        
                                                                  83.026500       -73.240000      0.131530         0.005149         0.441034         0.005470         0.583182         1.4          2027     1        83       0        4        0                                                                                                                                        
                                                                  26.155200       -69.920000      0.158197         0.001543         0.250098         0.005470         0.415308         1.4          2027     1        73       0        4        0                                                                                                                                        
                                                                  35.825140       -69.920000      0.149665         0.002855         0.256878         0.005470         0.414868         1.4          2027     1        76       0        4        0                                                                                                                                        
                                                                  39.100980       -66.600000      0.144714         0.001697         0.236070         0.005470         0.387951         1.4          2027     1        79       0        4        0                                                                                                                                        
                                                                  30.741380       -66.600000      0.152728         0.001695         0.227938         0.005470         0.387831         1.4          2027     1        76       0        4        0                                                                                                                                        
                                                                  26.155200       -69.920000      0.158197         0.001543         0.250098         0.005470         0.415308         1.4          2027     1        73       0        4        0                                                                                                                                        
                                                                  35.825140       -69.920000      0.149665         0.002855         0.256878         0.005470         0.414868         1.4          2027     1        76       0        4        0                                                                                                                                        
                                                                  45.495080       -69.920000      0.142216         0.002011         0.270268         0.005470         0.419966         1.4          2027     1        79       0        4        0                                                                                                                                        
                                                                  47.460590       -66.600000      0.138673         0.002097         0.249147         0.005470         0.395386         1.4          2027     1        82       0        4        0                                                                                                                                        
                                                                  39.100980       -66.600000      0.144714         0.001697         0.236070         0.005470         0.387951         1.4          2027     1        79       0        4        0                                                                                                                                        
                                                                  35.825140       -69.920000      0.149665         0.002855         0.256878         0.005470         0.414868         1.4          2027     1        76       0        4        0                                                                                                                                        
                                                                  45.495080       -69.920000      0.142216         0.002011         0.270268         0.005470         0.419966         1.4          2027     1        79       0        4        0                                                                                                                                        
                                                                  55.165030       -69.920000      0.136760         0.002007         0.291876         0.005470         0.436114         1.4          2027     1        81       0        4        0                                                                                                                                        
                                                                  55.820200       -66.600000      0.133083         0.005512         0.268998         0.005470         0.413063         1.4          2027     1        84       0        4        0                                                                                                                                        
                                                                  47.460590       -66.600000      0.138673         0.002097         0.249147         0.005470         0.395386         1.4          2027     1        82       0        4        0                                                                                                                                        
                                                                  45.495080       -69.920000      0.142216         0.002011         0.270268         0.005470         0.419966         1.4          2027     1        79       0        4        0                                                                                                                                        
                                                                  55.165030       -69.920000      0.136760         0.002007         0.291876         0.005470         0.436114         1.4          2027     1        81       0        4        0                                                                                                                                        
                                                                  64.834970       -69.920000      0.132410         0.004867         0.322885         0.005470         0.465632         1.4          2027     1        83       0        4        0                                                                                                                                        
                                                                  64.179800       -66.600000      0.129218         0.001832         0.296446         0.005470         0.432967         1.4          2027     1        86       0        4        0                                                                                                                                        
                                                                  55.820200       -66.600000      0.133083         0.005512         0.268998         0.005470         0.413063         1.4          2027     1        84       0        4        0                                                                                                                                        
                                                                  55.165030       -69.920000      0.136760         0.002007         0.291876         0.005470         0.436114         1.4          2027     1        81       0        4        0                                                                                                                                        
                                                                  64.834970       -69.920000      0.132410         0.004867         0.322885         0.005470         0.465632         1.4          2027     1        83       0        4        0                                                                                                                                        
                                                                  74.504920       -69.920000      0.129166         0.008369         0.366647         0.005470         0.509653         1.4          2027     1        85       0        4        0                                                                                                                                        
                                                                  72.539410       -66.600000      0.125819         0.006861         0.334241         0.005470         0.472391         1.4          2027     1        88       0        4        0                                                                                                                                        
                                                                  64.179800       -66.600000      0.129218         0.001832         0.296446         0.005470         0.432967         1.4          2027     1        86       0        4        0                                                                                                                                        
                                                                  64.834970       -69.920000      0.132410         0.004867         0.322885         0.005470         0.465632         1.4          2027     1        83       0        4        0                                                                                                                                        
                                                                  74.504920       -69.920000      0.129166         0.008369         0.366647         0.005470         0.509653         1.4          2027     1        85       0        4        0                                                                                                                                        
                                                                  84.174860       -69.920000      0.126897         0.096838         0.427532         0.005470         0.656736         1.4          2027     1        86       0        4        0                                                                                                                                        
                                                                  80.899020       -66.600000      0.123413         0.028531         0.385828         0.005470         0.543242         1.4          2027     1        89       0        4        0                                                                                                                                        
                                                                  72.539410       -66.600000      0.125819         0.006861         0.334241         0.005470         0.472391         1.4          2027     1        88       0        4        0                                                                                                                                        
                                                                  74.504920       -69.920000      0.129166         0.008369         0.366647         0.005470         0.509653         1.4          2027     1        85       0        4        0                                                                                                                                        
                                                                  84.174860       -69.920000      0.126897         0.096838         0.427532         0.005470         0.656736         1.4          2027     1        86       0        4        0                                                                                                                                        
                                                                  93.844800       -69.920000      0.125526         0.004670         0.511897         0.005470         0.647563         1.4          2027     1        87       0        4        0                                                                                                                                        
                                                                  89.258620       -66.600000      0.121953         0.004666         0.455844         0.005470         0.587933         1.4          2027     1        90       0        4        0                                                                                                                                        
                                                                  80.899020       -66.600000      0.123413         0.028531         0.385828         0.005470         0.543242         1.4          2027     1        89       0        4        0                                                                                                                                        
                                                                  84.174860       -69.920000      0.126897         0.096838         0.427532         0.005470         0.656736         1.4          2027     1        86       0        4        0                                                                                                                                        
                                                                  26.561570       -66.600000      0.156765         0.001403         0.225707         0.005470         0.389345         1.4          2027     1        75       0        4        0                                                                                                                                        
                                                                  34.921180       -66.600000      0.148536         0.001835         0.231240         0.005470         0.387082         1.4          2027     1        78       0        4        0                                                                                                                                        
                                                                  37.848490       -63.280000      0.144831         0.001511         0.214522         0.005470         0.366333         1.4          2027     1        81       0        4        0                                                                                                                                        
                                                                  30.464660       -63.280000      0.152068         0.001800         0.207881         0.005470         0.367220         1.4          2027     1        78       0        4        0                                                                                                                                        
                                                                  26.561570       -66.600000      0.156765         0.001403         0.225707         0.005470         0.389345         1.4          2027     1        75       0        4        0                                                                                                                                        
                                                                  34.921180       -66.600000      0.148536         0.001835         0.231240         0.005470         0.387082         1.4          2027     1        78       0        4        0                                                                                                                                        
                                                                  43.280790       -66.600000      0.141814         0.001857         0.241741         0.005470         0.390882         1.4          2027     1        80       0        4        0                                                                                                                                        
                                                                  45.232330       -63.280000      0.138214         0.001275         0.224917         0.005470         0.369876         1.4          2027     1        83       0        4        0                                                                                                                                        
                                                                  37.848490       -63.280000      0.144831         0.001511         0.214522         0.005470         0.366333         1.4          2027     1        81       0        4        0                                                                                                                                        
                                                                  34.921180       -66.600000      0.148536         0.001835         0.231240         0.005470         0.387082         1.4          2027     1        78       0        4        0                                                                                                                                        
                                                                  43.280790       -66.600000      0.141814         0.001857         0.241741         0.005470         0.390882         1.4          2027     1        80       0        4        0                                                                                                                                        
                                                                  51.640390       -66.600000      0.135711         0.003382         0.258432         0.005470         0.402995         1.4          2027     1        83       0        4        0                                                                                                                                        
                                                                  52.616160       -63.280000      0.132751         0.005427         0.240194         0.005470         0.383842         1.4          2027     1        86       0        4        0                                                                                                                                        
                                                                  45.232330       -63.280000      0.138214         0.001275         0.224917         0.005470         0.369876         1.4          2027     1        83       0        4        0                                                                                                                                        
                                                                  43.280790       -66.600000      0.141814         0.001857         0.241741         0.005470         0.390882         1.4          2027     1        80       0        4        0                                                                                                                                        
                                                                  51.640390       -66.600000      0.135711         0.003382         0.258432         0.005470         0.402995         1.4          2027     1        83       0        4        0                                                                                                                                        
                                                                  60.000000       -66.600000      0.131316         0.002416         0.281452         0.005470         0.420653         1.4          2027     1        85       0        4        0                                                                                                                                        
                                                                  60.000000       -63.280000      0.128417         0.002392         0.261455         0.005470         0.397734         1.4          2027     1        88       0        4        0                                                                                                                                        
                                                                  52.616160       -63.280000      0.132751         0.005427         0.240194         0.005470         0.383842         1.4          2027     1        86       0        4        0                                                                                                                                        
                                                                  51.640390       -66.600000      0.135711         0.003382         0.258432         0.005470         0.402995         1.4          2027     1        83       0        4        0                                                                                                                                        
                                                                  60.000000       -66.600000      0.131316         0.002416         0.281452         0.005470         0.420653         1.4          2027     1        85       0        4        0                                                                                                                                        
                                                                  68.359610       -66.600000      0.127391         0.002492         0.313913         0.005470         0.449266         1.4          2027     1        87       0        4        0                                                                                                                                        
                                                                  67.383840       -63.280000      0.124866         0.001955         0.289915         0.005470         0.422205         1.4          2027     1        90       0        4        0                                                                                                                                        
                                                                  60.000000       -63.280000      0.128417         0.002392         0.261455         0.005470         0.397734         1.4          2027     1        88       0        4        0                                                                                                                                        
                                                                  60.000000       -66.600000      0.131316         0.002416         0.281452         0.005470         0.420653         1.4          2027     1        85       0        4        0                                                                                                                                        
                                                                  68.359610       -66.600000      0.127391         0.002492         0.313913         0.005470         0.449266         1.4          2027     1        87       0        4        0                                                                                                                                        
                                                                  76.719210       -66.600000      0.124496         0.009331         0.357896         0.005470         0.497193         1.4          2027     1        88       0        4        0                                                                                                                                        
                                                                  74.767670       -63.280000      0.122556         0.001604         0.328661         0.005470         0.458291         1.4          2027     1        91       0        4        0                                                                                                                                        
                                                                  67.383840       -63.280000      0.124866         0.001955         0.289915         0.005470         0.422205         1.4          2027     1        90       0        4        0                                                                                                                                        
                                                                  68.359610       -66.600000      0.127391         0.002492         0.313913         0.005470         0.449266         1.4          2027     1        87       0        4        0                                                                                                                                        
                                                                  76.719210       -66.600000      0.124496         0.009331         0.357896         0.005470         0.497193         1.4          2027     1        88       0        4        0                                                                                                                                        
                                                                  85.078820       -66.600000      0.122566         0.009921         0.417947         0.005470         0.555904         1.4          2027     1        89       0        4        0                                                                                                                                        
                                                                  82.151510       -63.280000      0.120990         0.003075         0.379875         0.005470         0.509410         1.4          2027     1        92       0        4        0                                                                                                                                        
                                                                  74.767670       -63.280000      0.122556         0.001604         0.328661         0.005470         0.458291         1.4          2027     1        91       0        4        0                                                                                                                                        
                                                                  76.719210       -66.600000      0.124496         0.009331         0.357896         0.005470         0.497193         1.4          2027     1        88       0        4        0                                                                                                                                        
                                                                  85.078820       -66.600000      0.122566         0.009921         0.417947         0.005470         0.555904         1.4          2027     1        89       0        4        0                                                                                                                                        
                                                                  93.438430       -66.600000      0.121572         0.003786         0.500126         0.005470         0.630954         1.4          2027     1        90       0        4        0                                                                                                                                        
                                                                  89.535340       -63.280000      0.119964         0.003089         0.449576         0.005470         0.578099         1.4          2027     1        93       0        4        0                                                                                                                                        
                                                                  82.151510       -63.280000      0.120990         0.003075         0.379875         0.005470         0.509410         1.4          2027     1        92       0        4        0                                                                                                                                        
                                                                  85.078820       -66.600000      0.122566         0.009921         0.417947         0.005470         0.555904         1.4          2027     1        89       0        4        0                                                                                                                                        
                                                                  26.772740       -63.280000      0.156529         0.001147         0.206010         0.005470         0.369156         1.4          2027     1        76       0        4        0                                                                                                                                        
                                                                  34.156580       -63.280000      0.147982         0.001490         0.210572         0.005470         0.365514         1.4          2027     1        79       0        4        0                                                                                                                                        
                                                                  36.788060       -59.960000      0.144977         0.002083         0.196747         0.005470         0.349277         1.4          2027     1        82       0        4        0                                                                                                                                        
                                                                  30.156080       -59.960000      0.152029         0.001494         0.191234         0.005470         0.350228         1.4          2027     1        79       0        4        0                                                                                                                                        
                                                                  26.772740       -63.280000      0.156529         0.001147         0.206010         0.005470         0.369156         1.4          2027     1        76       0        4        0                                                                                                                                        
                                                                  34.156580       -63.280000      0.147982         0.001490         0.210572         0.005470         0.365514         1.4          2027     1        79       0        4        0                                                                                                                                        
                                                                  41.540410       -63.280000      0.141430         0.001493         0.219016         0.005470         0.367410         1.4          2027     1        82       0        4        0                                                                                                                                        
                                                                  43.420040       -59.960000      0.138403         0.001353         0.205200         0.005470         0.350426         1.4          2027     1        85       0        4        0                                                                                                                                        
                                                                  36.788060       -59.960000      0.144977         0.002083         0.196747         0.005470         0.349277         1.4          2027     1        82       0        4        0                                                                                                                                        
                                                                  34.156580       -63.280000      0.147982         0.001490         0.210572         0.005470         0.365514         1.4          2027     1        79       0        4        0                                                                                                                                        
                                                                  41.540410       -63.280000      0.141430         0.001493         0.219016         0.005470         0.367410         1.4          2027     1        82       0        4        0                                                                                                                                        
                                                                  48.924250       -63.280000      0.135330         0.001581         0.231935         0.005470         0.374315         1.4          2027     1        84       0        4        0                                                                                                                                        
                                                                  50.052030       -59.960000      0.133065         0.001560         0.217519         0.005470         0.357615         1.4          2027     1        87       0        4        0                                                                                                                                        
                                                                  43.420040       -59.960000      0.138403         0.001353         0.205200         0.005470         0.350426         1.4          2027     1        85       0        4        0                                                                                                                                        
                                                                  41.540410       -63.280000      0.141430         0.001493         0.219016         0.005470         0.367410         1.4          2027     1        82       0        4        0                                                                                                                                        
                                                                  48.924250       -63.280000      0.135330         0.001581         0.231935         0.005470         0.374315         1.4          2027     1        84       0        4        0                                                                                                                                        
                                                                  56.308080       -63.280000      0.130453         0.002362         0.250233         0.005470         0.388517         1.4          2027     1        87       0        4        0                                                                                                                                        
                                                                  56.684010       -59.960000      0.128290         0.002413         0.234492         0.005470         0.370665         1.4          2027     1        89       0        4        0                                                                                                                                        
                                                                  50.052030       -59.960000      0.133065         0.001560         0.217519         0.005470         0.357615         1.4          2027     1        87       0        4        0                                                                                                                                        
                                                                  48.924250       -63.280000      0.135330         0.001581         0.231935         0.005470         0.374315         1.4          2027     1        84       0        4        0                                                                                                                                        
                                                                  56.308080       -63.280000      0.130453         0.002362         0.250233         0.005470         0.388517         1.4          2027     1        87       0        4        0                                                                                                                                        
                                                                  63.691920       -63.280000      0.126626         0.001924         0.274854         0.005470         0.408874         1.4          2027     1        89       0        4        0                                                                                                                                        
                                                                  63.315990       -59.960000      0.125185         0.000842         0.256859         0.005470         0.388357         1.4          2027     1        91       0        4        0                                                                                                                                        
                                                                  56.684010       -59.960000      0.128290         0.002413         0.234492         0.005470         0.370665         1.4          2027     1        89       0        4        0                                                                                                                                        
                                                                  56.308080       -63.280000      0.130453         0.002362         0.250233         0.005470         0.388517         1.4          2027     1        87       0        4        0                                                                                                                                        
                                                                  63.691920       -63.280000      0.126626         0.001924         0.274854         0.005470         0.408874         1.4          2027     1        89       0        4        0                                                                                                                                        
                                                                  71.075750       -63.280000      0.123547         0.002224         0.307725         0.005470         0.438966         1.4          2027     1        90       0        4        0                                                                                                                                        
                                                                  69.947970       -59.960000      0.122809         0.001490         0.286227         0.005470         0.415996         1.4          2027     1        93       0        4        0                                                                                                                                        
                                                                  63.315990       -59.960000      0.125185         0.000842         0.256859         0.005470         0.388357         1.4          2027     1        91       0        4        0                                                                                                                                        
                                                                  63.691920       -63.280000      0.126626         0.001924         0.274854         0.005470         0.408874         1.4          2027     1        89       0        4        0                                                                                                                                        
                                                                  71.075750       -63.280000      0.123547         0.002224         0.307725         0.005470         0.438966         1.4          2027     1        90       0        4        0                                                                                                                                        
                                                                  78.459590       -63.280000      0.121705         0.001996         0.352400         0.005470         0.481570         1.4          2027     1        92       0        4        0                                                                                                                                        
                                                                  76.579960       -59.960000      0.120942         0.001287         0.325280         0.005470         0.452979         1.4          2027     1        95       0        4        0                                                                                                                                        
                                                                  69.947970       -59.960000      0.122809         0.001490         0.286227         0.005470         0.415996         1.4          2027     1        93       0        4        0                                                                                                                                        
                                                                  71.075750       -63.280000      0.123547         0.002224         0.307725         0.005470         0.438966         1.4          2027     1        90       0        4        0                                                                                                                                        
                                                                  78.459590       -63.280000      0.121705         0.001996         0.352400         0.005470         0.481570         1.4          2027     1        92       0        4        0                                                                                                                                        
                                                                  85.843420       -63.280000      0.120411         0.003326         0.412130         0.005470         0.541337         1.4          2027     1        93       0        4        0                                                                                                                                        
                                                                  83.211940       -59.960000      0.119555         0.002384         0.377313         0.005470         0.504723         1.4          2027     1        96       0        4        0                                                                                                                                        
                                                                  76.579960       -59.960000      0.120942         0.001287         0.325280         0.005470         0.452979         1.4          2027     1        95       0        4        0                                                                                                                                        
                                                                  78.459590       -63.280000      0.121705         0.001996         0.352400         0.005470         0.481570         1.4          2027     1        92       0        4        0                                                                                                                                        
                                                                  85.843420       -63.280000      0.120411         0.003326         0.412130         0.005470         0.541337         1.4          2027     1        93       0        4        0                                                                                                                                        
                                                                  93.227260       -63.280000      0.119649         0.002503         0.492797         0.005470         0.620418         1.4          2027     1        93       0        4        0                                                                                                                                        
                                                                  89.843920       -59.960000      0.118625         0.003259         0.446736         0.005470         0.574089         1.4          2027     1        96       0        4        0                                                                                                                                        
                                                                  83.211940       -59.960000      0.119555         0.002384         0.377313         0.005470         0.504723         1.4          2027     1        96       0        4        0                                                                                                                                        
                                                                  85.843420       -63.280000      0.120411         0.003326         0.412130         0.005470         0.541337         1.4          2027     1        93       0        4        0                                                                                                                                        
                                                                  26.840090       -59.960000      0.159111         0.001136         0.189662         0.005470         0.355379         1.4          2027     1        78       0        4        0                                                                                                                                        
                                                                  33.472070       -59.960000      0.148630         0.002094         0.193454         0.005470         0.349648         1.4          2027     1        81       0        4        0                                                                                                                                        
                                                                  35.850060       -56.640000      0.148045         0.002052         0.181924         0.005470         0.337491         1.4          2027     1        83       0        4        0                                                                                                                                        
                                                                  29.812570       -56.640000      0.155850         0.001254         0.177674         0.005470         0.340247         1.4          2027     1        80       0        4        0                                                                                                                                        
                                                                  26.840090       -59.960000      0.159111         0.001136         0.189662         0.005470         0.355379         1.4          2027     1        78       0        4        0                                                                                                                                        
                                                                  33.472070       -59.960000      0.148630         0.002094         0.193454         0.005470         0.349648         1.4          2027     1        81       0        4        0                                                                                                                                        
                                                                  40.104050       -59.960000      0.141521         0.001641         0.200383         0.005470         0.349015         1.4          2027     1        83       0        4        0                                                                                                                                        
                                                                  41.887540       -56.640000      0.139242         0.001407         0.189318         0.005470         0.335438         1.4          2027     1        86       0        4        0                                                                                                                                        
                                                                  35.850060       -56.640000      0.148045         0.002052         0.181924         0.005470         0.337491         1.4          2027     1        83       0        4        0                                                                                                                                        
                                                                  33.472070       -59.960000      0.148630         0.002094         0.193454         0.005470         0.349648         1.4          2027     1        81       0        4        0                                                                                                                                        
                                                                  40.104050       -59.960000      0.141521         0.001641         0.200383         0.005470         0.349015         1.4          2027     1        83       0        4        0                                                                                                                                        
                                                                  46.736040       -59.960000      0.135593         0.000992         0.210883         0.005470         0.352938         1.4          2027     1        86       0        4        0                                                                                                                                        
                                                                  47.925030       -56.640000      0.133657         0.000973         0.199480         0.005470         0.339579         1.4          2027     1        89       0        4        0                                                                                                                                        
                                                                  41.887540       -56.640000      0.139242         0.001407         0.189318         0.005470         0.335438         1.4          2027     1        86       0        4        0                                                                                                                                        
                                                                  40.104050       -59.960000      0.141521         0.001641         0.200383         0.005470         0.349015         1.4          2027     1        83       0        4        0                                                                                                                                        
                                                                  46.736040       -59.960000      0.135593         0.000992         0.210883         0.005470         0.352938         1.4          2027     1        86       0        4        0                                                                                                                                        
                                                                  53.368020       -59.960000      0.130448         0.001949         0.225217         0.005470         0.363085         1.4          2027     1        88       0        4        0                                                                                                                                        
                                                                  53.962510       -56.640000      0.129344         0.001436         0.212989         0.005470         0.349239         1.4          2027     1        91       0        4        0                                                                                                                                        
                                                                  47.925030       -56.640000      0.133657         0.000973         0.199480         0.005470         0.339579         1.4          2027     1        89       0        4        0                                                                                                                                        
                                                                  46.736040       -59.960000      0.135593         0.000992         0.210883         0.005470         0.352938         1.4          2027     1        86       0        4        0                                                                                                                                        
                                                                  53.368020       -59.960000      0.130448         0.001949         0.225217         0.005470         0.363085         1.4          2027     1        88       0        4        0                                                                                                                                        
                                                                  60.000000       -59.960000      0.126575         0.001071         0.244720         0.005470         0.377836         1.4          2027     1        90       0        4        0                                                                                                                                        
                                                                  60.000000       -56.640000      0.126255         0.000731         0.231060         0.005470         0.363517         1.4          2027     1        93       0        4        0                                                                                                                                        
                                                                  53.962510       -56.640000      0.129344         0.001436         0.212989         0.005470         0.349239         1.4          2027     1        91       0        4        0                                                                                                                                        
                                                                  53.368020       -59.960000      0.130448         0.001949         0.225217         0.005470         0.363085         1.4          2027     1        88       0        4        0                                                                                                                                        
                                                                  60.000000       -59.960000      0.126575         0.001071         0.244720         0.005470         0.377836         1.4          2027     1        90       0        4        0                                                                                                                                        
                                                                  66.631980       -59.960000      0.123931         0.001132         0.270350         0.005470         0.400883         1.4          2027     1        92       0        4        0                                                                                                                                        
                                                                  66.037490       -56.640000      0.123687         0.001025         0.254460         0.005470         0.384642         1.4          2027     1        95       0        4        0                                                                                                                                        
                                                                  60.000000       -56.640000      0.126255         0.000731         0.231060         0.005470         0.363517         1.4          2027     1        93       0        4        0                                                                                                                                        
                                                                  60.000000       -59.960000      0.126575         0.001071         0.244720         0.005470         0.377836         1.4          2027     1        90       0        4        0                                                                                                                                        
                                                                  66.631980       -59.960000      0.123931         0.001132         0.270350         0.005470         0.400883         1.4          2027     1        92       0        4        0                                                                                                                                        
                                                                  73.263960       -59.960000      0.121813         0.001726         0.304414         0.005470         0.433423         1.4          2027     1        94       0        4        0                                                                                                                                        
                                                                  72.074970       -56.640000      0.121601         0.000315         0.284817         0.005470         0.412203         1.4          2027     1        97       0        4        0                                                                                                                                        
                                                                  66.037490       -56.640000      0.123687         0.001025         0.254460         0.005470         0.384642         1.4          2027     1        95       0        4        0                                                                                                                                        
                                                                  66.631980       -59.960000      0.123931         0.001132         0.270350         0.005470         0.400883         1.4          2027     1        92       0        4        0                                                                                                                                        
                                                                  73.263960       -59.960000      0.121813         0.001726         0.304414         0.005470         0.433423         1.4          2027     1        94       0        4        0                                                                                                                                        
                                                                  79.895950       -59.960000      0.120190         0.001755         0.349658         0.005470         0.477073         1.4          2027     1        95       0        4        0                                                                                                                                        
                                                                  78.112460       -56.640000      0.119959         0.000984         0.324829         0.005470         0.451242         1.4          2027     1        98       0        4        0                                                                                                                                        
                                                                  72.074970       -56.640000      0.121601         0.000315         0.284817         0.005470         0.412203         1.4          2027     1        97       0        4        0                                                                                                                                        
                                                                  73.263960       -59.960000      0.121813         0.001726         0.304414         0.005470         0.433423         1.4          2027     1        94       0        4        0                                                                                                                                        
                                                                  79.895950       -59.960000      0.120190         0.001755         0.349658         0.005470         0.477073         1.4          2027     1        95       0        4        0                                                                                                                                        
                                                                  86.527930       -59.960000      0.119034         0.003683         0.409666         0.005470         0.537853         1.4          2027     1        96       0        4        0                                                                                                                                        
                                                                  84.149940       -56.640000      0.118729         0.002562         0.377810         0.005470         0.504571         1.4          2027     1        99       0        4        0                                                                                                                                        
                                                                  78.112460       -56.640000      0.119959         0.000984         0.324829         0.005470         0.451242         1.4          2027     1        98       0        4        0                                                                                                                                        
                                                                  79.895950       -59.960000      0.120190         0.001755         0.349658         0.005470         0.477073         1.4          2027     1        95       0        4        0                                                                                                                                        
                                                                  86.527930       -59.960000      0.119034         0.003683         0.409666         0.005470         0.537853         1.4          2027     1        96       0        4        0                                                                                                                                        
                                                                  93.159910       -59.960000      0.118325         0.002146         0.490250         0.005470         0.616192         1.4          2027     1        97       0        4        0                                                                                                                                        
                                                                  90.187430       -56.640000      0.117888         0.003979         0.448198         0.005470         0.575536         1.4          2027     1        100      0        4        0                                                                                                                                        
                                                                  84.149940       -56.640000      0.118729         0.002562         0.377810         0.005470         0.504571         1.4          2027     1        99       0        4        0                                                                                                                                        
                                                                  86.527930       -59.960000      0.119034         0.003683         0.409666         0.005470         0.537853         1.4          2027     1        96       0        4        0                                                                                                                                        
                                                                  26.793830       -56.640000      0.159523         0.001542         0.175958         0.005470         0.342493         1.4          2027     1        79       0        4        0                                                                                                                                        
                                                                  32.831310       -56.640000      0.151754         0.001327         0.179522         0.005470         0.338074         1.4          2027     1        82       0        4        0                                                                                                                                        
                                                                  34.989340       -53.320000      0.149304         0.002161         0.169839         0.005470         0.326775         1.4          2027     1        85       0        4        0                                                                                                                                        
                                                                  29.431410       -53.320000      0.156906         0.001311         0.166278         0.005470         0.329964         1.4          2027     1        82       0        4        0                                                                                                                                        
                                                                  26.793830       -56.640000      0.159523         0.001542         0.175958         0.005470         0.342493         1.4          2027     1        79       0        4        0                                                                                                                                        
                                                                  32.831310       -56.640000      0.151754         0.001327         0.179522         0.005470         0.338074         1.4          2027     1        82       0        4        0                                                                                                                                        
                                                                  38.868800       -56.640000      0.144685         0.002491         0.185304         0.005470         0.337950         1.4          2027     1        85       0        4        0                                                                                                                                        
                                                                  40.547260       -53.320000      0.142606         0.002761         0.176128         0.005470         0.326964         1.4          2027     1        87       0        4        0                                                                                                                                        
                                                                  34.989340       -53.320000      0.149304         0.002161         0.169839         0.005470         0.326775         1.4          2027     1        85       0        4        0                                                                                                                                        
                                                                  32.831310       -56.640000      0.151754         0.001327         0.179522         0.005470         0.338074         1.4          2027     1        82       0        4        0                                                                                                                                        
                                                                  38.868800       -56.640000      0.144685         0.002491         0.185304         0.005470         0.337950         1.4          2027     1        85       0        4        0                                                                                                                                        
                                                                  44.906290       -56.640000      0.136492         0.000821         0.194022         0.005470         0.336805         1.4          2027     1        87       0        4        0                                                                                                                                        
                                                                  46.105190       -53.320000      0.137175         0.000834         0.184282         0.005470         0.327761         1.4          2027     1        90       0        4        0                                                                                                                                        
                                                                  40.547260       -53.320000      0.142606         0.002761         0.176128         0.005470         0.326964         1.4          2027     1        87       0        4        0                                                                                                                                        
                                                                  38.868800       -56.640000      0.144685         0.002491         0.185304         0.005470         0.337950         1.4          2027     1        85       0        4        0                                                                                                                                        
                                                                  44.906290       -56.640000      0.136492         0.000821         0.194022         0.005470         0.336805         1.4          2027     1        87       0        4        0                                                                                                                                        
                                                                  50.943770       -56.640000      0.131150         0.002479         0.205771         0.005470         0.344871         1.4          2027     1        90       0        4        0                                                                                                                                        
                                                                  51.663110       -53.320000      0.133375         0.000973         0.195527         0.005470         0.335345         1.4          2027     1        92       0        4        0                                                                                                                                        
                                                                  46.105190       -53.320000      0.137175         0.000834         0.184282         0.005470         0.327761         1.4          2027     1        90       0        4        0                                                                                                                                        
                                                                  44.906290       -56.640000      0.136492         0.000821         0.194022         0.005470         0.336805         1.4          2027     1        87       0        4        0                                                                                                                                        
                                                                  50.943770       -56.640000      0.131150         0.002479         0.205771         0.005470         0.344871         1.4          2027     1        90       0        4        0                                                                                                                                        
                                                                  56.981260       -56.640000      0.127732         0.000918         0.221246         0.005470         0.355366         1.4          2027     1        92       0        4        0                                                                                                                                        
                                                                  57.221040       -53.320000      0.127867         0.000837         0.210479         0.005470         0.344653         1.4          2027     1        95       0        4        0                                                                                                                                        
                                                                  51.663110       -53.320000      0.133375         0.000973         0.195527         0.005470         0.335345         1.4          2027     1        92       0        4        0                                                                                                                                        
                                                                  50.943770       -56.640000      0.131150         0.002479         0.205771         0.005470         0.344871         1.4          2027     1        90       0        4        0                                                                                                                                        
                                                                  56.981260       -56.640000      0.127732         0.000918         0.221246         0.005470         0.355366         1.4          2027     1        92       0        4        0                                                                                                                                        
                                                                  63.018740       -56.640000      0.124909         0.000842         0.241811         0.005470         0.373033         1.4          2027     1        94       0        4        0                                                                                                                                        
                                                                  62.778960       -53.320000      0.125137         0.000672         0.229608         0.005470         0.360887         1.4          2027     1        97       0        4        0                                                                                                                                        
                                                                  57.221040       -53.320000      0.127867         0.000837         0.210479         0.005470         0.344653         1.4          2027     1        95       0        4        0                                                                                                                                        
                                                                  56.981260       -56.640000      0.127732         0.000918         0.221246         0.005470         0.355366         1.4          2027     1        92       0        4        0                                                                                                                                        
                                                                  63.018740       -56.640000      0.124909         0.000842         0.241811         0.005470         0.373033         1.4          2027     1        94       0        4        0                                                                                                                                        
                                                                  69.056230       -56.640000      0.122586         0.000663         0.268450         0.005470         0.397169         1.4          2027     1        96       0        4        0                                                                                                                                        
                                                                  68.336890       -53.320000      0.122873         0.000324         0.254109         0.005470         0.382777         1.4          2027     1        98       0        4        0                                                                                                                                        
                                                                  62.778960       -53.320000      0.125137         0.000672         0.229608         0.005470         0.360887         1.4          2027     1        97       0        4        0                                                                                                                                        
                                                                  63.018740       -56.640000      0.124909         0.000842         0.241811         0.005470         0.373033         1.4          2027     1        94       0        4        0                                                                                                                                        
                                                                  69.056230       -56.640000      0.122586         0.000663         0.268450         0.005470         0.397169         1.4          2027     1        96       0        4        0                                                                                                                                        
                                                                  75.093710       -56.640000      0.120726         0.000821         0.303486         0.005470         0.430503         1.4          2027     1        97       0        4        0                                                                                                                                        
                                                                  73.894810       -53.320000      0.121035         0.000525         0.286042         0.005470         0.413073         1.4          2027     1        100      0        4        0                                                                                                                                        
                                                                  68.336890       -53.320000      0.122873         0.000324         0.254109         0.005470         0.382777         1.4          2027     1        98       0        4        0                                                                                                                                        
                                                                  69.056230       -56.640000      0.122586         0.000663         0.268450         0.005470         0.397169         1.4          2027     1        96       0        4        0                                                                                                                                        
                                                                  75.093710       -56.640000      0.120726         0.000821         0.303486         0.005470         0.430503         1.4          2027     1        97       0        4        0                                                                                                                                        
                                                                  81.131200       -56.640000      0.119294         0.002147         0.349681         0.005470         0.476593         1.4          2027     1        98       0        4        0                                                                                                                                        
                                                                  79.452740       -53.320000      0.119586         0.001210         0.327385         0.005470         0.453651         1.4          2027     1        101      0        4        0                                                                                                                                        
                                                                  73.894810       -53.320000      0.121035         0.000525         0.286042         0.005470         0.413073         1.4          2027     1        100      0        4        0                                                                                                                                        
                                                                  75.093710       -56.640000      0.120726         0.000821         0.303486         0.005470         0.430503         1.4          2027     1        97       0        4        0                                                                                                                                        
                                                                  81.131200       -56.640000      0.119294         0.002147         0.349681         0.005470         0.476593         1.4          2027     1        98       0        4        0                                                                                                                                        
                                                                  87.168690       -56.640000      0.118261         0.005818         0.410256         0.005470         0.539806         1.4          2027     1        99       0        4        0                                                                                                                                        
                                                                  85.010660       -53.320000      0.118495         0.003135         0.381536         0.005470         0.508636         1.4          2027     1        102      0        4        0                                                                                                                                        
                                                                  79.452740       -53.320000      0.119586         0.001210         0.327385         0.005470         0.453651         1.4          2027     1        101      0        4        0                                                                                                                                        
                                                                  81.131200       -56.640000      0.119294         0.002147         0.349681         0.005470         0.476593         1.4          2027     1        98       0        4        0                                                                                                                                        
                                                                  87.168690       -56.640000      0.118261         0.005818         0.410256         0.005470         0.539806         1.4          2027     1        99       0        4        0                                                                                                                                        
                                                                  93.206170       -56.640000      0.117609         0.002278         0.492222         0.005470         0.617579         1.4          2027     1        100      0        4        0                                                                                                                                        
                                                                  90.568590       -53.320000      0.117738         0.004836         0.453835         0.005470         0.581879         1.4          2027     1        103      0        4        0                                                                                                                                        
                                                                  85.010660       -53.320000      0.118495         0.003135         0.381536         0.005470         0.508636         1.4          2027     1        102      0        4        0                                                                                                                                        
                                                                  87.168690       -56.640000      0.118261         0.005818         0.410256         0.005470         0.539806         1.4          2027     1        99       0        4        0                                                                                                                                        
                                                                  26.652450       -53.320000      0.161291         0.001560         0.164769         0.005470         0.333091         1.4          2027     1        80       0        4        0                                                                                                                                        
                                                                  32.210380       -53.320000      0.152923         0.001471         0.167830         0.005470         0.327694         1.4          2027     1        83       0        4        0                                                                                                                                        
                                                                  34.174980       -50.000000      0.151302         0.001109         0.160046         0.005470         0.317927         1.4          2027     1        86       0        4        0                                                                                                                                        
                                                                  29.009980       -50.000000      0.158780         0.001336         0.156647         0.005470         0.322234         1.4          2027     1        83       0        4        0                                                                                                                                        
                                                                  26.652450       -53.320000      0.161291         0.001560         0.164769         0.005470         0.333091         1.4          2027     1        80       0        4        0                                                                                                                                        
                                                                  32.210380       -53.320000      0.152923         0.001471         0.167830         0.005470         0.327694         1.4          2027     1        83       0        4        0                                                                                                                                        
                                                                  37.768300       -53.320000      0.146016         0.001415         0.172723         0.005470         0.325625         1.4          2027     1        86       0        4        0                                                                                                                                        
                                                                  39.339990       -50.000000      0.144741         0.001557         0.165081         0.005470         0.316849         1.4          2027     1        89       0        4        0                                                                                                                                        
                                                                  34.174980       -50.000000      0.151302         0.001109         0.160046         0.005470         0.317927         1.4          2027     1        86       0        4        0                                                                                                                                        
                                                                  32.210380       -53.320000      0.152923         0.001471         0.167830         0.005470         0.327694         1.4          2027     1        83       0        4        0                                                                                                                                        
                                                                  37.768300       -53.320000      0.146016         0.001415         0.172723         0.005470         0.325625         1.4          2027     1        86       0        4        0                                                                                                                                        
                                                                  43.326230       -53.320000      0.139961         0.001285         0.179704         0.005470         0.326420         1.4          2027     1        89       0        4        0                                                                                                                                        
                                                                  44.504990       -50.000000      0.139517         0.001548         0.172388         0.005470         0.318923         1.4          2027     1        91       0        4        0                                                                                                                                        
                                                                  39.339990       -50.000000      0.144741         0.001557         0.165081         0.005470         0.316849         1.4          2027     1        89       0        4        0                                                                                                                                        
                                                                  37.768300       -53.320000      0.146016         0.001415         0.172723         0.005470         0.325625         1.4          2027     1        86       0        4        0                                                                                                                                        
                                                                  43.326230       -53.320000      0.139961         0.001285         0.179704         0.005470         0.326420         1.4          2027     1        89       0        4        0                                                                                                                                        
                                                                  48.884150       -53.320000      0.135203         0.001703         0.189533         0.005470         0.331909         1.4          2027     1        91       0        4        0                                                                                                                                        
                                                                  49.669990       -50.000000      0.135563         0.000916         0.181922         0.005470         0.323871         1.4          2027     1        94       0        4        0                                                                                                                                        
                                                                  44.504990       -50.000000      0.139517         0.001548         0.172388         0.005470         0.318923         1.4          2027     1        91       0        4        0                                                                                                                                        
                                                                  43.326230       -53.320000      0.139961         0.001285         0.179704         0.005470         0.326420         1.4          2027     1        89       0        4        0                                                                                                                                        
                                                                  48.884150       -53.320000      0.135203         0.001703         0.189533         0.005470         0.331909         1.4          2027     1        91       0        4        0                                                                                                                                        
                                                                  54.442080       -53.320000      0.129421         0.000967         0.202736         0.005470         0.338593         1.4          2027     1        94       0        4        0                                                                                                                                        
                                                                  54.835000       -50.000000      0.132167         0.000740         0.194162         0.005470         0.332539         1.4          2027     1        96       0        4        0                                                                                                                                        
                                                                  49.669990       -50.000000      0.135563         0.000916         0.181922         0.005470         0.323871         1.4          2027     1        94       0        4        0                                                                                                                                        
                                                                  48.884150       -53.320000      0.135203         0.001703         0.189533         0.005470         0.331909         1.4          2027     1        91       0        4        0                                                                                                                                        
                                                                  54.442080       -53.320000      0.129421         0.000967         0.202736         0.005470         0.338593         1.4          2027     1        94       0        4        0                                                                                                                                        
                                                                  60.000000       -53.320000      0.126441         0.000835         0.219262         0.005470         0.352008         1.4          2027     1        96       0        4        0                                                                                                                                        
                                                                  60.000000       -50.000000      0.129282         0.000491         0.209765         0.005470         0.345009         1.4          2027     1        98       0        4        0                                                                                                                                        
                                                                  54.835000       -50.000000      0.132167         0.000740         0.194162         0.005470         0.332539         1.4          2027     1        96       0        4        0                                                                                                                                        
                                                                  54.442080       -53.320000      0.129421         0.000967         0.202736         0.005470         0.338593         1.4          2027     1        94       0        4        0                                                                                                                                        
                                                                  60.000000       -53.320000      0.126441         0.000835         0.219262         0.005470         0.352008         1.4          2027     1        96       0        4        0                                                                                                                                        
                                                                  65.557920       -53.320000      0.123949         0.000705         0.240902         0.005470         0.371027         1.4          2027     1        98       0        4        0                                                                                                                                        
                                                                  65.165000       -50.000000      0.126861         0.000934         0.230024         0.005470         0.363289         1.4          2027     1        100      0        4        0                                                                                                                                        
                                                                  60.000000       -50.000000      0.129282         0.000491         0.209765         0.005470         0.345009         1.4          2027     1        98       0        4        0                                                                                                                                        
                                                                  60.000000       -53.320000      0.126441         0.000835         0.219262         0.005470         0.352008         1.4          2027     1        96       0        4        0                                                                                                                                        
                                                                  65.557920       -53.320000      0.123949         0.000705         0.240902         0.005470         0.371027         1.4          2027     1        98       0        4        0                                                                                                                                        
                                                                  71.115850       -53.320000      0.121903         0.000189         0.269067         0.005470         0.396629         1.4          2027     1        99       0        4        0                                                                                                                                        
                                                                  70.330010       -50.000000      0.124858         0.000880         0.256185         0.005470         0.387393         1.4          2027     1        102      0        4        0                                                                                                                                        
                                                                  65.165000       -50.000000      0.126861         0.000934         0.230024         0.005470         0.363289         1.4          2027     1        100      0        4        0                                                                                                                                        
                                                                  65.557920       -53.320000      0.123949         0.000705         0.240902         0.005470         0.371027         1.4          2027     1        98       0        4        0                                                                                                                                        
                                                                  71.115850       -53.320000      0.121903         0.000189         0.269067         0.005470         0.396629         1.4          2027     1        99       0        4        0                                                                                                                                        
                                                                  76.673770       -53.320000      0.120264         0.000937         0.305354         0.005470         0.432025         1.4          2027     1        101      0        4        0                                                                                                                                        
                                                                  75.495010       -50.000000      0.121077         0.000812         0.289216         0.005470         0.416576         1.4          2027     1        103      0        4        0                                                                                                                                        
                                                                  70.330010       -50.000000      0.124858         0.000880         0.256185         0.005470         0.387393         1.4          2027     1        102      0        4        0                                                                                                                                        
                                                                  71.115850       -53.320000      0.121903         0.000189         0.269067         0.005470         0.396629         1.4          2027     1        99       0        4        0                                                                                                                                        
                                                                  76.673770       -53.320000      0.120264         0.000937         0.305354         0.005470         0.432025         1.4          2027     1        101      0        4        0                                                                                                                                        
                                                                  82.231700       -53.320000      0.118997         0.002768         0.352594         0.005470         0.479829         1.4          2027     1        102      0        4        0                                                                                                                                        
                                                                  80.660010       -50.000000      0.119796         0.001621         0.332364         0.005470         0.459251         1.4          2027     1        105      0        4        0                                                                                                                                        
                                                                  75.495010       -50.000000      0.121077         0.000812         0.289216         0.005470         0.416576         1.4          2027     1        103      0        4        0                                                                                                                                        
                                                                  76.673770       -53.320000      0.120264         0.000937         0.305354         0.005470         0.432025         1.4          2027     1        101      0        4        0                                                                                                                                        
                                                                  82.231700       -53.320000      0.118997         0.002768         0.352594         0.005470         0.479829         1.4          2027     1        102      0        4        0                                                                                                                                        
                                                                  87.789620       -53.320000      0.118076         0.004948         0.415266         0.005470         0.543760         1.4          2027     1        103      0        4        0                                                                                                                                        
                                                                  85.825020       -50.000000      0.118829         0.002405         0.389174         0.005470         0.515878         1.4          2027     1        106      0        4        0                                                                                                                                        
                                                                  80.660010       -50.000000      0.119796         0.001621         0.332364         0.005470         0.459251         1.4          2027     1        105      0        4        0                                                                                                                                        
                                                                  82.231700       -53.320000      0.118997         0.002768         0.352594         0.005470         0.479829         1.4          2027     1        102      0        4        0                                                                                                                                        
                                                                  87.789620       -53.320000      0.118076         0.004948         0.415266         0.005470         0.543760         1.4          2027     1        103      0        4        0                                                                                                                                        
                                                                  93.347550       -53.320000      0.117480         0.003563         0.499012         0.005470         0.625526         1.4          2027     1        103      0        4        0                                                                                                                                        
                                                                  90.990020       -50.000000      0.118153         0.002220         0.464076         0.005470         0.589919         1.4          2027     1        106      0        4        0                                                                                                                                        
                                                                  85.825020       -50.000000      0.118829         0.002405         0.389174         0.005470         0.515878         1.4          2027     1        106      0        4        0                                                                                                                                        
                                                                  87.789620       -53.320000      0.118076         0.004948         0.415266         0.005470         0.543760         1.4          2027     1        103      0        4        0                                                                                                                                        
                                                                  29.009980       -50.000000      0.158780         0.001336         0.156647         0.005470         0.322234         1.4          2027     1        83       0        4        0                                                                                                                                        
                                                                  34.174980       -50.000000      0.151302         0.001109         0.160046         0.005470         0.317927         1.4          2027     1        86       0        4        0                                                                                                                                        
                                                                  35.804300       -46.680000      0.150473         0.000764         0.153609         0.005470         0.310316         1.4          2027     1        89       0        4        0                                                                                                                                        
                                                                  30.965160       -46.680000      0.157616         0.000878         0.149981         0.005470         0.313945         1.4          2027     1        86       0        4        0                                                                                                                                        
                                                                  29.009980       -50.000000      0.158780         0.001336         0.156647         0.005470         0.322234         1.4          2027     1        83       0        4        0                                                                                                                                        
                                                                  34.174980       -50.000000      0.151302         0.001109         0.160046         0.005470         0.317927         1.4          2027     1        86       0        4        0                                                                                                                                        
                                                                  39.339990       -50.000000      0.144741         0.001557         0.165081         0.005470         0.316849         1.4          2027     1        89       0        4        0                                                                                                                                        
                                                                  40.643440       -46.680000      0.144729         0.001125         0.159120         0.005470         0.310444         1.4          2027     1        91       0        4        0                                                                                                                                        
                                                                  35.804300       -46.680000      0.150473         0.000764         0.153609         0.005470         0.310316         1.4          2027     1        89       0        4        0                                                                                                                                        
                                                                  34.174980       -50.000000      0.151302         0.001109         0.160046         0.005470         0.317927         1.4          2027     1        86       0        4        0                                                                                                                                        
                                                                  39.339990       -50.000000      0.144741         0.001557         0.165081         0.005470         0.316849         1.4          2027     1        89       0        4        0                                                                                                                                        
                                                                  44.504990       -50.000000      0.139517         0.001548         0.172388         0.005470         0.318923         1.4          2027     1        91       0        4        0                                                                                                                                        
                                                                  45.482580       -46.680000      0.140295         0.000514         0.165968         0.005470         0.312248         1.4          2027     1        94       0        4        0                                                                                                                                        
                                                                  40.643440       -46.680000      0.144729         0.001125         0.159120         0.005470         0.310444         1.4          2027     1        91       0        4        0                                                                                                                                        
                                                                  39.339990       -50.000000      0.144741         0.001557         0.165081         0.005470         0.316849         1.4          2027     1        89       0        4        0                                                                                                                                        
                                                                  44.504990       -50.000000      0.139517         0.001548         0.172388         0.005470         0.318923         1.4          2027     1        91       0        4        0                                                                                                                                        
                                                                  49.669990       -50.000000      0.135563         0.000916         0.181922         0.005470         0.323871         1.4          2027     1        94       0        4        0                                                                                                                                        
                                                                  50.321720       -46.680000      0.136457         0.000617         0.175259         0.005470         0.317803         1.4          2027     1        97       0        4        0                                                                                                                                        
                                                                  45.482580       -46.680000      0.140295         0.000514         0.165968         0.005470         0.312248         1.4          2027     1        94       0        4        0                                                                                                                                        
                                                                  44.504990       -50.000000      0.139517         0.001548         0.172388         0.005470         0.318923         1.4          2027     1        91       0        4        0                                                                                                                                        
                                                                  49.669990       -50.000000      0.135563         0.000916         0.181922         0.005470         0.323871         1.4          2027     1        94       0        4        0                                                                                                                                        
                                                                  54.835000       -50.000000      0.132167         0.000740         0.194162         0.005470         0.332539         1.4          2027     1        96       0        4        0                                                                                                                                        
                                                                  55.160860       -46.680000      0.133162         0.000549         0.187045         0.005470         0.326225         1.4          2027     1        99       0        4        0                                                                                                                                        
                                                                  50.321720       -46.680000      0.136457         0.000617         0.175259         0.005470         0.317803         1.4          2027     1        97       0        4        0                                                                                                                                        
                                                                  49.669990       -50.000000      0.135563         0.000916         0.181922         0.005470         0.323871         1.4          2027     1        94       0        4        0                                                                                                                                        
                                                                  54.835000       -50.000000      0.132167         0.000740         0.194162         0.005470         0.332539         1.4          2027     1        96       0        4        0                                                                                                                                        
                                                                  60.000000       -50.000000      0.129282         0.000491         0.209765         0.005470         0.345009         1.4          2027     1        98       0        4        0                                                                                                                                        
                                                                  60.000000       -46.680000      0.130359         0.000466         0.202316         0.005470         0.338612         1.4          2027     1        101      0        4        0                                                                                                                                        
                                                                  55.160860       -46.680000      0.133162         0.000549         0.187045         0.005470         0.326225         1.4          2027     1        99       0        4        0                                                                                                                                        
                                                                  54.835000       -50.000000      0.132167         0.000740         0.194162         0.005470         0.332539         1.4          2027     1        96       0        4        0                                                                                                                                        
                                                                  60.000000       -50.000000      0.129282         0.000491         0.209765         0.005470         0.345009         1.4          2027     1        98       0        4        0                                                                                                                                        
                                                                  65.165000       -50.000000      0.126861         0.000934         0.230024         0.005470         0.363289         1.4          2027     1        100      0        4        0                                                                                                                                        
                                                                  64.839140       -46.680000      0.128001         0.000789         0.221503         0.005470         0.355763         1.4          2027     1        103      0        4        0                                                                                                                                        
                                                                  60.000000       -46.680000      0.130359         0.000466         0.202316         0.005470         0.338612         1.4          2027     1        101      0        4        0                                                                                                                                        
                                                                  60.000000       -50.000000      0.129282         0.000491         0.209765         0.005470         0.345009         1.4          2027     1        98       0        4        0                                                                                                                                        
                                                                  65.165000       -50.000000      0.126861         0.000934         0.230024         0.005470         0.363289         1.4          2027     1        100      0        4        0                                                                                                                                        
                                                                  70.330010       -50.000000      0.124858         0.000880         0.256185         0.005470         0.387393         1.4          2027     1        102      0        4        0                                                                                                                                        
                                                                  69.678280       -46.680000      0.126042         0.000495         0.245732         0.005470         0.377740         1.4          2027     1        105      0        4        0                                                                                                                                        
                                                                  64.839140       -46.680000      0.128001         0.000789         0.221503         0.005470         0.355763         1.4          2027     1        103      0        4        0                                                                                                                                        
                                                                  65.165000       -50.000000      0.126861         0.000934         0.230024         0.005470         0.363289         1.4          2027     1        100      0        4        0                                                                                                                                        
                                                                  70.330010       -50.000000      0.124858         0.000880         0.256185         0.005470         0.387393         1.4          2027     1        102      0        4        0                                                                                                                                        
                                                                  75.495010       -50.000000      0.121077         0.000812         0.289216         0.005470         0.416576         1.4          2027     1        103      0        4        0                                                                                                                                        
                                                                  74.517420       -46.680000      0.124441         0.001024         0.276955         0.005470         0.407890         1.4          2027     1        106      0        4        0                                                                                                                                        
                                                                  69.678280       -46.680000      0.126042         0.000495         0.245732         0.005470         0.377740         1.4          2027     1        105      0        4        0                                                                                                                                        
                                                                  70.330010       -50.000000      0.124858         0.000880         0.256185         0.005470         0.387393         1.4          2027     1        102      0        4        0                                                                                                                                        
                                                                  75.495010       -50.000000      0.121077         0.000812         0.289216         0.005470         0.416576         1.4          2027     1        103      0        4        0                                                                                                                                        
                                                                  80.660010       -50.000000      0.119796         0.001621         0.332364         0.005470         0.459251         1.4          2027     1        105      0        4        0                                                                                                                                        
                                                                  79.356560       -46.680000      0.123160         0.001378         0.316598         0.005470         0.446607         1.4          2027     1        107      0        4        0                                                                                                                                        
                                                                  74.517420       -46.680000      0.124441         0.001024         0.276955         0.005470         0.407890         1.4          2027     1        106      0        4        0                                                                                                                                        
                                                                  75.495010       -50.000000      0.121077         0.000812         0.289216         0.005470         0.416576         1.4          2027     1        103      0        4        0                                                                                                                                        
                                                                  80.660010       -50.000000      0.119796         0.001621         0.332364         0.005470         0.459251         1.4          2027     1        105      0        4        0                                                                                                                                        
                                                                  85.825020       -50.000000      0.118829         0.002405         0.389174         0.005470         0.515878         1.4          2027     1        106      0        4        0                                                                                                                                        
                                                                  84.195700       -46.680000      0.122169         0.002838         0.368581         0.005470         0.499058         1.4          2027     1        109      0        4        0                                                                                                                                        
                                                                  79.356560       -46.680000      0.123160         0.001378         0.316598         0.005470         0.446607         1.4          2027     1        107      0        4        0                                                                                                                                        
                                                                  80.660010       -50.000000      0.119796         0.001621         0.332364         0.005470         0.459251         1.4          2027     1        105      0        4        0                                                                                                                                        
                                                                  85.825020       -50.000000      0.118829         0.002405         0.389174         0.005470         0.515878         1.4          2027     1        106      0        4        0                                                                                                                                        
                                                                  90.990020       -50.000000      0.118153         0.002220         0.464076         0.005470         0.589919         1.4          2027     1        106      0        4        0                                                                                                                                        
                                                                  89.034840       -46.680000      0.121441         0.002746         0.437485         0.005470         0.567142         1.4          2027     1        109      0        4        0                                                                                                                                        
                                                                  84.195700       -46.680000      0.122169         0.002838         0.368581         0.005470         0.499058         1.4          2027     1        109      0        4        0                                                                                                                                        
                                                                  85.825020       -50.000000      0.118829         0.002405         0.389174         0.005470         0.515878         1.4          2027     1        106      0        4        0                                                                                                                                        
                                                                  33.384730       -46.680000      0.154068         0.001129         0.151816         0.005470         0.312483         1.4          2027     1        87       0        4        0                                                                                                                                        
                                                                  38.223870       -46.680000      0.147184         0.000776         0.156165         0.005470         0.309595         1.4          2027     1        90       0        4        0                                                                                                                                        
                                                                  39.451320       -43.360000      0.148365         0.001133         0.151291         0.005470         0.306258         1.4          2027     1        93       0        4        0                                                                                                                                        
                                                                  34.884950       -43.360000      0.153688         0.000915         0.146434         0.005470         0.306507         1.4          2027     1        90       0        4        0                                                                                                                                        
                                                                  33.384730       -46.680000      0.154068         0.001129         0.151816         0.005470         0.312483         1.4          2027     1        87       0        4        0                                                                                                                                        
                                                                  38.223870       -46.680000      0.147184         0.000776         0.156165         0.005470         0.309595         1.4          2027     1        90       0        4        0                                                                                                                                        
                                                                  43.063010       -46.680000      0.142434         0.001085         0.162115         0.005470         0.311105         1.4          2027     1        93       0        4        0                                                                                                                                        
                                                                  44.017700       -43.360000      0.143713         0.000797         0.157247         0.005470         0.307228         1.4          2027     1        95       0        4        0                                                                                                                                        
                                                                  39.451320       -43.360000      0.148365         0.001133         0.151291         0.005470         0.306258         1.4          2027     1        93       0        4        0                                                                                                                                        
                                                                  38.223870       -46.680000      0.147184         0.000776         0.156165         0.005470         0.309595         1.4          2027     1        90       0        4        0                                                                                                                                        
                                                                  43.063010       -46.680000      0.142434         0.001085         0.162115         0.005470         0.311105         1.4          2027     1        93       0        4        0                                                                                                                                        
                                                                  47.902150       -46.680000      0.138305         0.001103         0.170333         0.005470         0.315211         1.4          2027     1        95       0        4        0                                                                                                                                        
                                                                  48.584070       -43.360000      0.139678         0.000826         0.165348         0.005470         0.311323         1.4          2027     1        98       0        4        0                                                                                                                                        
                                                                  44.017700       -43.360000      0.143713         0.000797         0.157247         0.005470         0.307228         1.4          2027     1        95       0        4        0                                                                                                                                        
                                                                  43.063010       -46.680000      0.142434         0.001085         0.162115         0.005470         0.311105         1.4          2027     1        93       0        4        0                                                                                                                                        
                                                                  47.902150       -46.680000      0.138305         0.001103         0.170333         0.005470         0.315211         1.4          2027     1        95       0        4        0                                                                                                                                        
                                                                  52.741290       -46.680000      0.134744         0.000585         0.180807         0.005470         0.321607         1.4          2027     1        98       0        4        0                                                                                                                                        
                                                                  53.150440       -43.360000      0.136203         0.000658         0.175562         0.005470         0.317894         1.4          2027     1        100      0        4        0                                                                                                                                        
                                                                  48.584070       -43.360000      0.139678         0.000826         0.165348         0.005470         0.311323         1.4          2027     1        98       0        4        0                                                                                                                                        
                                                                  47.902150       -46.680000      0.138305         0.001103         0.170333         0.005470         0.315211         1.4          2027     1        95       0        4        0                                                                                                                                        
                                                                  52.741290       -46.680000      0.134744         0.000585         0.180807         0.005470         0.321607         1.4          2027     1        98       0        4        0                                                                                                                                        
                                                                  57.580430       -46.680000      0.131702         0.000536         0.194443         0.005470         0.332151         1.4          2027     1        100      0        4        0                                                                                                                                        
                                                                  57.716810       -43.360000      0.133234         0.000533         0.188371         0.005470         0.327607         1.4          2027     1        103      0        4        0                                                                                                                                        
                                                                  53.150440       -43.360000      0.136203         0.000658         0.175562         0.005470         0.317894         1.4          2027     1        100      0        4        0                                                                                                                                        
                                                                  52.741290       -46.680000      0.134744         0.000585         0.180807         0.005470         0.321607         1.4          2027     1        98       0        4        0                                                                                                                                        
                                                                  57.580430       -46.680000      0.131702         0.000536         0.194443         0.005470         0.332151         1.4          2027     1        100      0        4        0                                                                                                                                        
                                                                  62.419570       -46.680000      0.129128         0.000799         0.211164         0.005470         0.346561         1.4          2027     1        102      0        4        0                                                                                                                                        
                                                                  62.283190       -43.360000      0.130720         0.000765         0.204813         0.005470         0.341769         1.4          2027     1        105      0        4        0                                                                                                                                        
                                                                  57.716810       -43.360000      0.133234         0.000533         0.188371         0.005470         0.327607         1.4          2027     1        103      0        4        0                                                                                                                                        
                                                                  57.580430       -46.680000      0.131702         0.000536         0.194443         0.005470         0.332151         1.4          2027     1        100      0        4        0                                                                                                                                        
                                                                  62.419570       -46.680000      0.129128         0.000799         0.211164         0.005470         0.346561         1.4          2027     1        102      0        4        0                                                                                                                                        
                                                                  67.258710       -46.680000      0.126974         0.000766         0.232708         0.005470         0.365918         1.4          2027     1        104      0        4        0                                                                                                                                        
                                                                  66.849560       -43.360000      0.128615         0.001162         0.225385         0.005470         0.360632         1.4          2027     1        106      0        4        0                                                                                                                                        
                                                                  62.283190       -43.360000      0.130720         0.000765         0.204813         0.005470         0.341769         1.4          2027     1        105      0        4        0                                                                                                                                        
                                                                  62.419570       -46.680000      0.129128         0.000799         0.211164         0.005470         0.346561         1.4          2027     1        102      0        4        0                                                                                                                                        
                                                                  67.258710       -46.680000      0.126974         0.000766         0.232708         0.005470         0.365918         1.4          2027     1        104      0        4        0                                                                                                                                        
                                                                  72.097850       -46.680000      0.125199         0.000760         0.260399         0.005470         0.391828         1.4          2027     1        105      0        4        0                                                                                                                                        
                                                                  71.415930       -43.360000      0.126874         0.000771         0.251300         0.005470         0.384415         1.4          2027     1        108      0        4        0                                                                                                                                        
                                                                  66.849560       -43.360000      0.128615         0.001162         0.225385         0.005470         0.360632         1.4          2027     1        106      0        4        0                                                                                                                                        
                                                                  67.258710       -46.680000      0.126974         0.000766         0.232708         0.005470         0.365918         1.4          2027     1        104      0        4        0                                                                                                                                        
                                                                  72.097850       -46.680000      0.125199         0.000760         0.260399         0.005470         0.391828         1.4          2027     1        105      0        4        0                                                                                                                                        
                                                                  76.936990       -46.680000      0.123762         0.000806         0.295313         0.005470         0.425351         1.4          2027     1        107      0        4        0                                                                                                                                        
                                                                  75.982300       -43.360000      0.125457         0.000783         0.284635         0.005470         0.416345         1.4          2027     1        110      0        4        0                                                                                                                                        
                                                                  71.415930       -43.360000      0.126874         0.000771         0.251300         0.005470         0.384415         1.4          2027     1        108      0        4        0                                                                                                                                        
                                                                  72.097850       -46.680000      0.125199         0.000760         0.260399         0.005470         0.391828         1.4          2027     1        105      0        4        0                                                                                                                                        
                                                                  76.936990       -46.680000      0.123762         0.000806         0.295313         0.005470         0.425351         1.4          2027     1        107      0        4        0                                                                                                                                        
                                                                  81.776130       -46.680000      0.122630         0.002059         0.340850         0.005470         0.471009         1.4          2027     1        108      0        4        0                                                                                                                                        
                                                                  80.548680       -43.360000      0.124328         0.001482         0.327000         0.005470         0.458281         1.4          2027     1        111      0        4        0                                                                                                                                        
                                                                  75.982300       -43.360000      0.125457         0.000783         0.284635         0.005470         0.416345         1.4          2027     1        110      0        4        0                                                                                                                                        
                                                                  76.936990       -46.680000      0.123762         0.000806         0.295313         0.005470         0.425351         1.4          2027     1        107      0        4        0                                                                                                                                        
                                                                  81.776130       -46.680000      0.122630         0.002059         0.340850         0.005470         0.471009         1.4          2027     1        108      0        4        0                                                                                                                                        
                                                                  86.615270       -46.680000      0.121773         0.003326         0.400797         0.005470         0.531366         1.4          2027     1        109      0        4        0                                                                                                                                        
                                                                  85.115050       -43.360000      0.123457         0.002520         0.382589         0.005470         0.514036         1.4          2027     1        112      0        4        0                                                                                                                                        
                                                                  80.548680       -43.360000      0.124328         0.001482         0.327000         0.005470         0.458281         1.4          2027     1        111      0        4        0                                                                                                                                        
                                                                  81.776130       -46.680000      0.122630         0.002059         0.340850         0.005470         0.471009         1.4          2027     1        108      0        4        0                                                                                                                                        
                                                                  37.168140       -43.360000      0.150939         0.001176         0.148690         0.005470         0.306275         1.4          2027     1        91       0        4        0                                                                                                                                        
                                                                  41.734510       -43.360000      0.145958         0.000949         0.153872         0.005470         0.306250         1.4          2027     1        94       0        4        0                                                                                                                                        
                                                                  42.654030       -40.040000      0.147768         0.001066         0.149985         0.005470         0.304289         1.4          2027     1        97       0        4        0                                                                                                                                        
                                                                  38.317530       -40.040000      0.155104         0.001056         0.144742         0.005470         0.306372         1.4          2027     1        94       0        4        0                                                                                                                                        
                                                                  37.168140       -43.360000      0.150939         0.001176         0.148690         0.005470         0.306275         1.4          2027     1        91       0        4        0                                                                                                                                        
                                                                  41.734510       -43.360000      0.145958         0.000949         0.153872         0.005470         0.306250         1.4          2027     1        94       0        4        0                                                                                                                                        
                                                                  46.300880       -43.360000      0.141622         0.000721         0.161058         0.005470         0.308871         1.4          2027     1        97       0        4        0                                                                                                                                        
                                                                  46.990520       -40.040000      0.143498         0.000922         0.157146         0.005470         0.307036         1.4          2027     1        99       0        4        0                                                                                                                                        
                                                                  42.654030       -40.040000      0.147768         0.001066         0.149985         0.005470         0.304289         1.4          2027     1        97       0        4        0                                                                                                                                        
                                                                  41.734510       -43.360000      0.145958         0.000949         0.153872         0.005470         0.306250         1.4          2027     1        94       0        4        0                                                                                                                                        
                                                                  46.300880       -43.360000      0.141622         0.000721         0.161058         0.005470         0.308871         1.4          2027     1        97       0        4        0                                                                                                                                        
                                                                  50.867260       -43.360000      0.137874         0.000736         0.170165         0.005470         0.314245         1.4          2027     1        99       0        4        0                                                                                                                                        
                                                                  51.327010       -40.040000      0.139813         0.000589         0.166130         0.005470         0.312002         1.4          2027     1        102      0        4        0                                                                                                                                        
                                                                  46.990520       -40.040000      0.143498         0.000922         0.157146         0.005470         0.307036         1.4          2027     1        99       0        4        0                                                                                                                                        
                                                                  46.300880       -43.360000      0.141622         0.000721         0.161058         0.005470         0.308871         1.4          2027     1        97       0        4        0                                                                                                                                        
                                                                  50.867260       -43.360000      0.137874         0.000736         0.170165         0.005470         0.314245         1.4          2027     1        99       0        4        0                                                                                                                                        
                                                                  55.433630       -43.360000      0.134658         0.000672         0.181606         0.005470         0.322406         1.4          2027     1        101      0        4        0                                                                                                                                        
                                                                  55.663510       -40.040000      0.136655         0.000781         0.177332         0.005470         0.320239         1.4          2027     1        104      0        4        0                                                                                                                                        
                                                                  51.327010       -40.040000      0.139813         0.000589         0.166130         0.005470         0.312002         1.4          2027     1        102      0        4        0                                                                                                                                        
                                                                  50.867260       -43.360000      0.137874         0.000736         0.170165         0.005470         0.314245         1.4          2027     1        99       0        4        0                                                                                                                                        
                                                                  55.433630       -43.360000      0.134658         0.000672         0.181606         0.005470         0.322406         1.4          2027     1        101      0        4        0                                                                                                                                        
                                                                  60.000000       -43.360000      0.131923         0.000504         0.196332         0.005470         0.334229         1.4          2027     1        104      0        4        0                                                                                                                                        
                                                                  60.000000       -40.040000      0.133972         0.000416         0.191671         0.005470         0.331529         1.4          2027     1        106      0        4        0                                                                                                                                        
                                                                  55.663510       -40.040000      0.136655         0.000781         0.177332         0.005470         0.320239         1.4          2027     1        104      0        4        0                                                                                                                                        
                                                                  55.433630       -43.360000      0.134658         0.000672         0.181606         0.005470         0.322406         1.4          2027     1        101      0        4        0                                                                                                                                        
                                                                  60.000000       -43.360000      0.131923         0.000504         0.196332         0.005470         0.334229         1.4          2027     1        104      0        4        0                                                                                                                                        
                                                                  64.566370       -43.360000      0.129619         0.001033         0.214710         0.005470         0.350832         1.4          2027     1        106      0        4        0                                                                                                                                        
                                                                  64.336490       -40.040000      0.131713         0.001113         0.209468         0.005470         0.347764         1.4          2027     1        108      0        4        0                                                                                                                                        
                                                                  60.000000       -40.040000      0.133972         0.000416         0.191671         0.005470         0.331529         1.4          2027     1        106      0        4        0                                                                                                                                        
                                                                  60.000000       -43.360000      0.131923         0.000504         0.196332         0.005470         0.334229         1.4          2027     1        104      0        4        0                                                                                                                                        
                                                                  64.566370       -43.360000      0.129619         0.001033         0.214710         0.005470         0.350832         1.4          2027     1        106      0        4        0                                                                                                                                        
                                                                  69.132740       -43.360000      0.127701         0.000976         0.237776         0.005470         0.371923         1.4          2027     1        107      0        4        0                                                                                                                                        
                                                                  68.672990       -40.040000      0.129832         0.001752         0.231693         0.005470         0.368747         1.4          2027     1        110      0        4        0                                                                                                                                        
                                                                  64.336490       -40.040000      0.131713         0.001113         0.209468         0.005470         0.347764         1.4          2027     1        108      0        4        0                                                                                                                                        
                                                                  64.566370       -43.360000      0.129619         0.001033         0.214710         0.005470         0.350832         1.4          2027     1        106      0        4        0                                                                                                                                        
                                                                  69.132740       -43.360000      0.127701         0.000976         0.237776         0.005470         0.371923         1.4          2027     1        107      0        4        0                                                                                                                                        
                                                                  73.699120       -43.360000      0.126127         0.000704         0.266959         0.005470         0.399260         1.4          2027     1        109      0        4        0                                                                                                                                        
                                                                  73.009480       -40.040000      0.128285         0.000989         0.259678         0.005470         0.394422         1.4          2027     1        112      0        4        0                                                                                                                                        
                                                                  68.672990       -40.040000      0.129832         0.001752         0.231693         0.005470         0.368747         1.4          2027     1        110      0        4        0                                                                                                                                        
                                                                  69.132740       -43.360000      0.127701         0.000976         0.237776         0.005470         0.371923         1.4          2027     1        107      0        4        0                                                                                                                                        
                                                                  73.699120       -43.360000      0.126127         0.000704         0.266959         0.005470         0.399260         1.4          2027     1        109      0        4        0                                                                                                                                        
                                                                  78.265490       -43.360000      0.124858         0.001027         0.304649         0.005470         0.436005         1.4          2027     1        110      0        4        0                                                                                                                                        
                                                                  77.345970       -40.040000      0.127033         0.002407         0.295282         0.005470         0.430192         1.4          2027     1        113      0        4        0                                                                                                                                        
                                                                  73.009480       -40.040000      0.128285         0.000989         0.259678         0.005470         0.394422         1.4          2027     1        112      0        4        0                                                                                                                                        
                                                                  73.699120       -43.360000      0.126127         0.000704         0.266959         0.005470         0.399260         1.4          2027     1        109      0        4        0                                                                                                                                        
                                                                  78.265490       -43.360000      0.124858         0.001027         0.304649         0.005470         0.436005         1.4          2027     1        110      0        4        0                                                                                                                                        
                                                                  82.831860       -43.360000      0.123862         0.002721         0.352922         0.005470         0.484976         1.4          2027     1        111      0        4        0                                                                                                                                        
                                                                  81.682470       -40.040000      0.126041         0.001241         0.341526         0.005470         0.474279         1.4          2027     1        114      0        4        0                                                                                                                                        
                                                                  77.345970       -40.040000      0.127033         0.002407         0.295282         0.005470         0.430192         1.4          2027     1        113      0        4        0                                                                                                                                        
                                                                  78.265490       -43.360000      0.124858         0.001027         0.304649         0.005470         0.436005         1.4          2027     1        110      0        4        0                                                                                                                                        
                                                                  40.485780       -40.040000      0.150141         0.000800         0.147383         0.005470         0.303794         1.4          2027     1        95       0        4        0                                                                                                                                        
                                                                  44.822270       -40.040000      0.145556         0.000988         0.153358         0.005470         0.305373         1.4          2027     1        98       0        4        0                                                                                                                                        
                                                                  45.503390       -36.720000      0.150222         0.001064         0.150750         0.005470         0.307506         1.4          2027     1        101      0        4        0                                                                                                                                        
                                                                  41.361510       -36.720000      0.154759         0.001421         0.144343         0.005470         0.305993         1.4          2027     1        98       0        4        0                                                                                                                                        
                                                                  40.485780       -40.040000      0.150141         0.000800         0.147383         0.005470         0.303794         1.4          2027     1        95       0        4        0                                                                                                                                        
                                                                  44.822270       -40.040000      0.145556         0.000988         0.153358         0.005470         0.305373         1.4          2027     1        98       0        4        0                                                                                                                                        
                                                                  49.158770       -40.040000      0.141586         0.000755         0.161388         0.005470         0.309199         1.4          2027     1        100      0        4        0                                                                                                                                        
                                                                  49.645280       -36.720000      0.146304         0.001430         0.158759         0.005470         0.311963         1.4          2027     1        103      0        4        0                                                                                                                                        
                                                                  45.503390       -36.720000      0.150222         0.001064         0.150750         0.005470         0.307506         1.4          2027     1        101      0        4        0                                                                                                                                        
                                                                  44.822270       -40.040000      0.145556         0.000988         0.153358         0.005470         0.305373         1.4          2027     1        98       0        4        0                                                                                                                                        
                                                                  49.158770       -40.040000      0.141586         0.000755         0.161388         0.005470         0.309199         1.4          2027     1        100      0        4        0                                                                                                                                        
                                                                  53.495260       -40.040000      0.138172         0.000858         0.171425         0.005470         0.315924         1.4          2027     1        103      0        4        0                                                                                                                                        
                                                                  53.787170       -36.720000      0.142944         0.000698         0.168699         0.005470         0.317812         1.4          2027     1        105      0        4        0                                                                                                                                        
                                                                  49.645280       -36.720000      0.146304         0.001430         0.158759         0.005470         0.311963         1.4          2027     1        103      0        4        0                                                                                                                                        
                                                                  49.158770       -40.040000      0.141586         0.000755         0.161388         0.005470         0.309199         1.4          2027     1        100      0        4        0                                                                                                                                        
                                                                  53.495260       -40.040000      0.138172         0.000858         0.171425         0.005470         0.315924         1.4          2027     1        103      0        4        0                                                                                                                                        
                                                                  57.831750       -40.040000      0.135257         0.000557         0.184314         0.005470         0.325598         1.4          2027     1        105      0        4        0                                                                                                                                        
                                                                  57.929060       -36.720000      0.137783         0.000547         0.181011         0.005470         0.324811         1.4          2027     1        108      0        4        0                                                                                                                                        
                                                                  53.787170       -36.720000      0.142944         0.000698         0.168699         0.005470         0.317812         1.4          2027     1        105      0        4        0                                                                                                                                        
                                                                  53.495260       -40.040000      0.138172         0.000858         0.171425         0.005470         0.315924         1.4          2027     1        103      0        4        0                                                                                                                                        
                                                                  57.831750       -40.040000      0.135257         0.000557         0.184314         0.005470         0.325598         1.4          2027     1        105      0        4        0                                                                                                                                        
                                                                  62.168250       -40.040000      0.132793         0.000730         0.199889         0.005470         0.338882         1.4          2027     1        107      0        4        0                                                                                                                                        
                                                                  62.070940       -36.720000      0.135355         0.000478         0.196671         0.005470         0.337974         1.4          2027     1        110      0        4        0                                                                                                                                        
                                                                  57.929060       -36.720000      0.137783         0.000547         0.181011         0.005470         0.324811         1.4          2027     1        108      0        4        0                                                                                                                                        
                                                                  57.831750       -40.040000      0.135257         0.000557         0.184314         0.005470         0.325598         1.4          2027     1        105      0        4        0                                                                                                                                        
                                                                  62.168250       -40.040000      0.132793         0.000730         0.199889         0.005470         0.338882         1.4          2027     1        107      0        4        0                                                                                                                                        
                                                                  66.504740       -40.040000      0.130728         0.002503         0.219760         0.005470         0.358461         1.4          2027     1        109      0        4        0                                                                                                                                        
                                                                  66.212830       -36.720000      0.133323         0.001857         0.215692         0.005470         0.356342         1.4          2027     1        112      0        4        0                                                                                                                                        
                                                                  62.070940       -36.720000      0.135355         0.000478         0.196671         0.005470         0.337974         1.4          2027     1        110      0        4        0                                                                                                                                        
                                                                  62.168250       -40.040000      0.132793         0.000730         0.199889         0.005470         0.338882         1.4          2027     1        107      0        4        0                                                                                                                                        
                                                                  66.504740       -40.040000      0.130728         0.002503         0.219760         0.005470         0.358461         1.4          2027     1        109      0        4        0                                                                                                                                        
                                                                  70.841230       -40.040000      0.129019         0.001477         0.244670         0.005470         0.380637         1.4          2027     1        111      0        4        0                                                                                                                                        
                                                                  70.354720       -36.720000      0.131642         0.000654         0.239931         0.005470         0.377697         1.4          2027     1        114      0        4        0                                                                                                                                        
                                                                  66.212830       -36.720000      0.133323         0.001857         0.215692         0.005470         0.356342         1.4          2027     1        112      0        4        0                                                                                                                                        
                                                                  66.504740       -40.040000      0.130728         0.002503         0.219760         0.005470         0.358461         1.4          2027     1        109      0        4        0                                                                                                                                        
                                                                  70.841230       -40.040000      0.129019         0.001477         0.244670         0.005470         0.380637         1.4          2027     1        111      0        4        0                                                                                                                                        
                                                                  75.177730       -40.040000      0.127624         0.001159         0.276192         0.005470         0.410445         1.4          2027     1        112      0        4        0                                                                                                                                        
                                                                  74.496610       -36.720000      0.130268         0.000608         0.270488         0.005470         0.406834         1.4          2027     1        115      0        4        0                                                                                                                                        
                                                                  70.354720       -36.720000      0.131642         0.000654         0.239931         0.005470         0.377697         1.4          2027     1        114      0        4        0                                                                                                                                        
                                                                  70.841230       -40.040000      0.129019         0.001477         0.244670         0.005470         0.380637         1.4          2027     1        111      0        4        0                                                                                                                                        
                                                                  75.177730       -40.040000      0.127624         0.001159         0.276192         0.005470         0.410445         1.4          2027     1        112      0        4        0                                                                                                                                        
                                                                  79.514220       -40.040000      0.126506         0.001953         0.316918         0.005470         0.450847         1.4          2027     1        114      0        4        0                                                                                                                                        
                                                                  78.638490       -36.720000      0.129163         0.002678         0.309836         0.005470         0.447147         1.4          2027     1        117      0        4        0                                                                                                                                        
                                                                  74.496610       -36.720000      0.130268         0.000608         0.270488         0.005470         0.406834         1.4          2027     1        115      0        4        0                                                                                                                                        
                                                                  75.177730       -40.040000      0.127624         0.001159         0.276192         0.005470         0.410445         1.4          2027     1        112      0        4        0                                                                                                                                        
                                                                  43.432450       -36.720000      0.152409         0.001090         0.147363         0.005470         0.306332         1.4          2027     1        99       0        4        0                                                                                                                                        
                                                                  47.574340       -36.720000      0.148190         0.000968         0.154536         0.005470         0.309164         1.4          2027     1        102      0        4        0                                                                                                                                        
                                                                  48.069680       -33.400000      0.151014         0.001049         0.152391         0.005470         0.309924         1.4          2027     1        104      0        4        0                                                                                                                                        
                                                                  44.092910       -33.400000      0.155221         0.001349         0.145555         0.005470         0.307595         1.4          2027     1        102      0        4        0                                                                                                                                        
                                                                  43.432450       -36.720000      0.152409         0.001090         0.147363         0.005470         0.306332         1.4          2027     1        99       0        4        0                                                                                                                                        
                                                                  47.574340       -36.720000      0.148190         0.000968         0.154536         0.005470         0.309164         1.4          2027     1        102      0        4        0                                                                                                                                        
                                                                  51.716230       -36.720000      0.144558         0.000770         0.163463         0.005470         0.314261         1.4          2027     1        104      0        4        0                                                                                                                                        
                                                                  52.046460       -33.400000      0.147402         0.000709         0.161329         0.005470         0.314910         1.4          2027     1        107      0        4        0                                                                                                                                        
                                                                  48.069680       -33.400000      0.151014         0.001049         0.152391         0.005470         0.309924         1.4          2027     1        104      0        4        0                                                                                                                                        
                                                                  47.574340       -36.720000      0.148190         0.000968         0.154536         0.005470         0.309164         1.4          2027     1        102      0        4        0                                                                                                                                        
                                                                  51.716230       -36.720000      0.144558         0.000770         0.163463         0.005470         0.314261         1.4          2027     1        104      0        4        0                                                                                                                                        
                                                                  55.858110       -36.720000      0.139161         0.000439         0.174526         0.005470         0.319596         1.4          2027     1        107      0        4        0                                                                                                                                        
                                                                  56.023230       -33.400000      0.144324         0.000430         0.172352         0.005470         0.322576         1.4          2027     1        109      0        4        0                                                                                                                                        
                                                                  52.046460       -33.400000      0.147402         0.000709         0.161329         0.005470         0.314910         1.4          2027     1        107      0        4        0                                                                                                                                        
                                                                  51.716230       -36.720000      0.144558         0.000770         0.163463         0.005470         0.314261         1.4          2027     1        104      0        4        0                                                                                                                                        
                                                                  55.858110       -36.720000      0.139161         0.000439         0.174526         0.005470         0.319596         1.4          2027     1        107      0        4        0                                                                                                                                        
                                                                  60.000000       -36.720000      0.136516         0.000185         0.188233         0.005470         0.330404         1.4          2027     1        109      0        4        0                                                                                                                                        
                                                                  60.000000       -33.400000      0.141721         0.000363         0.186343         0.005470         0.333897         1.4          2027     1        111      0        4        0                                                                                                                                        
                                                                  56.023230       -33.400000      0.144324         0.000430         0.172352         0.005470         0.322576         1.4          2027     1        109      0        4        0                                                                                                                                        
                                                                  55.858110       -36.720000      0.139161         0.000439         0.174526         0.005470         0.319596         1.4          2027     1        107      0        4        0                                                                                                                                        
                                                                  60.000000       -36.720000      0.136516         0.000185         0.188233         0.005470         0.330404         1.4          2027     1        109      0        4        0                                                                                                                                        
                                                                  64.141890       -36.720000      0.134292         0.000998         0.205653         0.005470         0.346414         1.4          2027     1        111      0        4        0                                                                                                                                        
                                                                  63.976770       -33.400000      0.139539         0.001449         0.203186         0.005470         0.349644         1.4          2027     1        113      0        4        0                                                                                                                                        
                                                                  60.000000       -33.400000      0.141721         0.000363         0.186343         0.005470         0.333897         1.4          2027     1        111      0        4        0                                                                                                                                        
                                                                  60.000000       -36.720000      0.136516         0.000185         0.188233         0.005470         0.330404         1.4          2027     1        109      0        4        0                                                                                                                                        
                                                                  64.141890       -36.720000      0.134292         0.000998         0.205653         0.005470         0.346414         1.4          2027     1        111      0        4        0                                                                                                                                        
                                                                  68.283770       -36.720000      0.132442         0.000799         0.227320         0.005470         0.366031         1.4          2027     1        113      0        4        0                                                                                                                                        
                                                                  67.953540       -33.400000      0.137728         0.000961         0.224554         0.005470         0.368712         1.4          2027     1        115      0        4        0                                                                                                                                        
                                                                  63.976770       -33.400000      0.139539         0.001449         0.203186         0.005470         0.349644         1.4          2027     1        113      0        4        0                                                                                                                                        
                                                                  64.141890       -36.720000      0.134292         0.000998         0.205653         0.005470         0.346414         1.4          2027     1        111      0        4        0                                                                                                                                        
                                                                  68.283770       -36.720000      0.132442         0.000799         0.227320         0.005470         0.366031         1.4          2027     1        113      0        4        0                                                                                                                                        
                                                                  72.425660       -36.720000      0.130919         0.000751         0.254499         0.005470         0.391640         1.4          2027     1        114      0        4        0                                                                                                                                        
                                                                  71.930320       -33.400000      0.136239         0.000837         0.251279         0.005470         0.393826         1.4          2027     1        117      0        4        0                                                                                                                                        
                                                                  67.953540       -33.400000      0.137728         0.000961         0.224554         0.005470         0.368712         1.4          2027     1        115      0        4        0                                                                                                                                        
                                                                  68.283770       -36.720000      0.132442         0.000799         0.227320         0.005470         0.366031         1.4          2027     1        113      0        4        0                                                                                                                                        
                                                                  72.425660       -36.720000      0.130919         0.000751         0.254499         0.005470         0.391640         1.4          2027     1        114      0        4        0                                                                                                                                        
                                                                  76.567550       -36.720000      0.129684         0.000968         0.288950         0.005470         0.425073         1.4          2027     1        116      0        4        0                                                                                                                                        
                                                                  75.907090       -33.400000      0.135032         0.001701         0.285061         0.005470         0.427265         1.4          2027     1        119      0        4        0                                                                                                                                        
                                                                  71.930320       -33.400000      0.136239         0.000837         0.251279         0.005470         0.393826         1.4          2027     1        117      0        4        0                                                                                                                                        
                                                                  72.425660       -36.720000      0.130919         0.000751         0.254499         0.005470         0.391640         1.4          2027     1        114      0        4        0                                                                                                                                        
                                                                  46.081300       -33.400000      0.153039         0.000944         0.148583         0.005470         0.308037         1.4          2027     1        103      0        4        0                                                                                                                                        
                                                                  50.058070       -33.400000      0.149138         0.000742         0.156625         0.005470         0.311975         1.4          2027     1        105      0        4        0                                                                                                                                        
                                                                  50.408240       -30.080000      0.152544         0.000743         0.155738         0.005470         0.314495         1.4          2027     1        108      0        4        0                                                                                                                                        
                                                                  46.571540       -30.080000      0.156453         0.000822         0.147605         0.005470         0.310350         1.4          2027     1        105      0        4        0                                                                                                                                        
                                                                  46.081300       -33.400000      0.153039         0.000944         0.148583         0.005470         0.308037         1.4          2027     1        103      0        4        0                                                                                                                                        
                                                                  50.058070       -33.400000      0.149138         0.000742         0.156625         0.005470         0.311975         1.4          2027     1        105      0        4        0                                                                                                                                        
                                                                  54.034840       -33.400000      0.145800         0.000574         0.166552         0.005470         0.318396         1.4          2027     1        108      0        4        0                                                                                                                                        
                                                                  54.244950       -30.080000      0.149209         0.000914         0.165736         0.005470         0.321328         1.4          2027     1        110      0        4        0                                                                                                                                        
                                                                  50.408240       -30.080000      0.152544         0.000743         0.155738         0.005470         0.314495         1.4          2027     1        108      0        4        0                                                                                                                                        
                                                                  50.058070       -33.400000      0.149138         0.000742         0.156625         0.005470         0.311975         1.4          2027     1        105      0        4        0                                                                                                                                        
                                                                  54.034840       -33.400000      0.145800         0.000574         0.166552         0.005470         0.318396         1.4          2027     1        108      0        4        0                                                                                                                                        
                                                                  58.011610       -33.400000      0.142966         0.000580         0.179183         0.005470         0.328200         1.4          2027     1        110      0        4        0                                                                                                                                        
                                                                  58.081650       -30.080000      0.146384         0.000471         0.178022         0.005470         0.330347         1.4          2027     1        113      0        4        0                                                                                                                                        
                                                                  54.244950       -30.080000      0.149209         0.000914         0.165736         0.005470         0.321328         1.4          2027     1        110      0        4        0                                                                                                                                        
                                                                  54.034840       -33.400000      0.145800         0.000574         0.166552         0.005470         0.318396         1.4          2027     1        108      0        4        0                                                                                                                                        
                                                                  58.011610       -33.400000      0.142966         0.000580         0.179183         0.005470         0.328200         1.4          2027     1        110      0        4        0                                                                                                                                        
                                                                  61.988390       -33.400000      0.140580         0.000436         0.194310         0.005470         0.340796         1.4          2027     1        112      0        4        0                                                                                                                                        
                                                                  61.918350       -30.080000      0.144011         0.000714         0.193551         0.005470         0.343746         1.4          2027     1        115      0        4        0                                                                                                                                        
                                                                  58.081650       -30.080000      0.146384         0.000471         0.178022         0.005470         0.330347         1.4          2027     1        113      0        4        0                                                                                                                                        
                                                                  58.011610       -33.400000      0.142966         0.000580         0.179183         0.005470         0.328200         1.4          2027     1        110      0        4        0                                                                                                                                        
                                                                  61.988390       -33.400000      0.140580         0.000436         0.194310         0.005470         0.340796         1.4          2027     1        112      0        4        0                                                                                                                                        
                                                                  65.965160       -33.400000      0.138590         0.002141         0.213480         0.005470         0.359681         1.4          2027     1        114      0        4        0                                                                                                                                        
                                                                  65.755050       -30.080000      0.142036         0.001611         0.212303         0.005470         0.361420         1.4          2027     1        117      0        4        0                                                                                                                                        
                                                                  61.918350       -30.080000      0.144011         0.000714         0.193551         0.005470         0.343746         1.4          2027     1        115      0        4        0                                                                                                                                        
                                                                  61.988390       -33.400000      0.140580         0.000436         0.194310         0.005470         0.340796         1.4          2027     1        112      0        4        0                                                                                                                                        
                                                                  65.965160       -33.400000      0.138590         0.002141         0.213480         0.005470         0.359681         1.4          2027     1        114      0        4        0                                                                                                                                        
                                                                  69.941930       -33.400000      0.136946         0.001037         0.237348         0.005470         0.380800         1.4          2027     1        116      0        4        0                                                                                                                                        
                                                                  69.591760       -30.080000      0.140408         0.002578         0.236083         0.005470         0.384540         1.4          2027     1        119      0        4        0                                                                                                                                        
                                                                  65.755050       -30.080000      0.142036         0.001611         0.212303         0.005470         0.361420         1.4          2027     1        117      0        4        0                                                                                                                                        
                                                                  65.965160       -33.400000      0.138590         0.002141         0.213480         0.005470         0.359681         1.4          2027     1        114      0        4        0                                                                                                                                        
                                                                  69.941930       -33.400000      0.136946         0.001037         0.237348         0.005470         0.380800         1.4          2027     1        116      0        4        0                                                                                                                                        
                                                                  73.918700       -33.400000      0.135603         0.001210         0.267352         0.005470         0.409635         1.4          2027     1        118      0        4        0                                                                                                                                        
                                                                  73.428460       -30.080000      0.139081         0.000700         0.265919         0.005470         0.411169         1.4          2027     1        121      0        4        0                                                                                                                                        
                                                                  69.591760       -30.080000      0.140408         0.002578         0.236083         0.005470         0.384540         1.4          2027     1        119      0        4        0                                                                                                                                        
                                                                  69.941930       -33.400000      0.136946         0.001037         0.237348         0.005470         0.380800         1.4          2027     1        116      0        4        0                                                                                                                                        
                                                                  48.489890       -30.080000      0.154423         0.000899         0.151461         0.005470         0.312254         1.4          2027     1        107      0        4        0                                                                                                                                        
                                                                  52.326600       -30.080000      0.150809         0.000668         0.160480         0.005470         0.317427         1.4          2027     1        109      0        4        0                                                                                                                                        
                                                                  52.563560       -26.760000      0.157122         0.000424         0.160523         0.005470         0.323540         1.4          2027     1        112      0        4        0                                                                                                                                        
                                                                  48.845340       -26.760000      0.160738         0.000760         0.151348         0.005470         0.318316         1.4          2027     1        109      0        4        0                                                                                                                                        
                                                                  48.489890       -30.080000      0.154423         0.000899         0.151461         0.005470         0.312254         1.4          2027     1        107      0        4        0                                                                                                                                        
                                                                  52.326600       -30.080000      0.150809         0.000668         0.160480         0.005470         0.317427         1.4          2027     1        109      0        4        0                                                                                                                                        
                                                                  56.163300       -30.080000      0.147736         0.000584         0.171561         0.005470         0.325352         1.4          2027     1        112      0        4        0                                                                                                                                        
                                                                  56.281780       -26.760000      0.154060         0.000694         0.171764         0.005470         0.331988         1.4          2027     1        114      0        4        0                                                                                                                                        
                                                                  52.563560       -26.760000      0.157122         0.000424         0.160523         0.005470         0.323540         1.4          2027     1        112      0        4        0                                                                                                                                        
                                                                  52.326600       -30.080000      0.150809         0.000668         0.160480         0.005470         0.317427         1.4          2027     1        109      0        4        0                                                                                                                                        
                                                                  56.163300       -30.080000      0.147736         0.000584         0.171561         0.005470         0.325352         1.4          2027     1        112      0        4        0                                                                                                                                        
                                                                  60.000000       -30.080000      0.145145         0.000516         0.185582         0.005470         0.336713         1.4          2027     1        114      0        4        0                                                                                                                                        
                                                                  60.000000       -26.760000      0.149113         0.000906         0.185951         0.005470         0.341440         1.4          2027     1        116      0        4        0                                                                                                                                        
                                                                  56.281780       -26.760000      0.154060         0.000694         0.171764         0.005470         0.331988         1.4          2027     1        114      0        4        0                                                                                                                                        
                                                                  56.163300       -30.080000      0.147736         0.000584         0.171561         0.005470         0.325352         1.4          2027     1        112      0        4        0                                                                                                                                        
                                                                  60.000000       -30.080000      0.145145         0.000516         0.185582         0.005470         0.336713         1.4          2027     1        114      0        4        0                                                                                                                                        
                                                                  63.836700       -30.080000      0.142977         0.001962         0.202418         0.005470         0.352828         1.4          2027     1        116      0        4        0                                                                                                                                        
                                                                  63.718220       -26.760000      0.146946         0.001767         0.202961         0.005470         0.357143         1.4          2027     1        118      0        4        0                                                                                                                                        
                                                                  60.000000       -26.760000      0.149113         0.000906         0.185951         0.005470         0.341440         1.4          2027     1        116      0        4        0                                                                                                                                        
                                                                  60.000000       -30.080000      0.145145         0.000516         0.185582         0.005470         0.336713         1.4          2027     1        114      0        4        0                                                                                                                                        
                                                                  63.836700       -30.080000      0.142977         0.001962         0.202418         0.005470         0.352828         1.4          2027     1        116      0        4        0                                                                                                                                        
                                                                  67.673400       -30.080000      0.141182         0.001340         0.223729         0.005470         0.371721         1.4          2027     1        118      0        4        0                                                                                                                                        
                                                                  67.436440       -26.760000      0.145154         0.002099         0.224455         0.005470         0.377179         1.4          2027     1        120      0        4        0                                                                                                                                        
                                                                  63.718220       -26.760000      0.146946         0.001767         0.202961         0.005470         0.357143         1.4          2027     1        118      0        4        0                                                                                                                                        
                                                                  63.836700       -30.080000      0.142977         0.001962         0.202418         0.005470         0.352828         1.4          2027     1        116      0        4        0                                                                                                                                        
                                                                  67.673400       -30.080000      0.141182         0.001340         0.223729         0.005470         0.371721         1.4          2027     1        118      0        4        0                                                                                                                                        
                                                                  71.510110       -30.080000      0.139709         0.001635         0.250330         0.005470         0.397145         1.4          2027     1        120      0        4        0                                                                                                                                        
                                                                  71.154660       -26.760000      0.143689         0.002105         0.251253         0.005470         0.402517         1.4          2027     1        122      0        4        0                                                                                                                                        
                                                                  67.436440       -26.760000      0.145154         0.002099         0.224455         0.005470         0.377179         1.4          2027     1        120      0        4        0                                                                                                                                        
                                                                  67.673400       -30.080000      0.141182         0.001340         0.223729         0.005470         0.371721         1.4          2027     1        118      0        4        0                                                                                                                                        
                                                                  50.704450       -26.760000      0.158856         0.000994         0.155703         0.005470         0.321023         1.4          2027     1        110      0        4        0                                                                                                                                        
                                                                  54.422670       -26.760000      0.155526         0.000687         0.165858         0.005470         0.327541         1.4          2027     1        113      0        4        0                                                                                                                                        
                                                                  54.572070       -23.440000      0.159910         0.001348         0.167332         0.005470         0.334059         1.4          2027     1        115      0        4        0                                                                                                                                        
                                                                  50.953450       -23.440000      0.163286         0.001137         0.156926         0.005470         0.326819         1.4          2027     1        113      0        4        0                                                                                                                                        
                                                                  50.704450       -26.760000      0.158856         0.000994         0.155703         0.005470         0.321023         1.4          2027     1        110      0        4        0                                                                                                                                        
                                                                  54.422670       -26.760000      0.155526         0.000687         0.165858         0.005470         0.327541         1.4          2027     1        113      0        4        0                                                                                                                                        
                                                                  58.140890       -26.760000      0.152716         0.000787         0.178696         0.005470         0.337669         1.4          2027     1        115      0        4        0                                                                                                                                        
                                                                  58.190690       -23.440000      0.157069         0.001841         0.180066         0.005470         0.344447         1.4          2027     1        118      0        4        0                                                                                                                                        
                                                                  54.572070       -23.440000      0.159910         0.001348         0.167332         0.005470         0.334059         1.4          2027     1        115      0        4        0                                                                                                                                        
                                                                  54.422670       -26.760000      0.155526         0.000687         0.165858         0.005470         0.327541         1.4          2027     1        113      0        4        0                                                                                                                                        
                                                                  58.140890       -26.760000      0.152716         0.000787         0.178696         0.005470         0.337669         1.4          2027     1        115      0        4        0                                                                                                                                        
                                                                  61.859110       -26.760000      0.147979         0.002011         0.194005         0.005470         0.349465         1.4          2027     1        117      0        4        0                                                                                                                                        
                                                                  61.809310       -23.440000      0.154698         0.002884         0.195708         0.005470         0.358760         1.4          2027     1        120      0        4        0                                                                                                                                        
                                                                  58.190690       -23.440000      0.157069         0.001841         0.180066         0.005470         0.344447         1.4          2027     1        118      0        4        0                                                                                                                                        
                                                                  58.140890       -26.760000      0.152716         0.000787         0.178696         0.005470         0.337669         1.4          2027     1        115      0        4        0                                                                                                                                        
                                                                  61.859110       -26.760000      0.147979         0.002011         0.194005         0.005470         0.349465         1.4          2027     1        117      0        4        0                                                                                                                                        
                                                                  65.577330       -26.760000      0.146006         0.002585         0.212935         0.005470         0.366997         1.4          2027     1        119      0        4        0                                                                                                                                        
                                                                  65.427930       -23.440000      0.152737         0.002251         0.215419         0.005470         0.375876         1.4          2027     1        122      0        4        0                                                                                                                                        
                                                                  61.809310       -23.440000      0.154698         0.002884         0.195708         0.005470         0.358760         1.4          2027     1        120      0        4        0                                                                                                                                        
                                                                  61.859110       -26.760000      0.147979         0.002011         0.194005         0.005470         0.349465         1.4          2027     1        117      0        4        0                                                                                                                                        
                                                                  65.577330       -26.760000      0.146006         0.002585         0.212935         0.005470         0.366997         1.4          2027     1        119      0        4        0                                                                                                                                        
                                                                  69.295550       -26.760000      0.144384         0.002123         0.236906         0.005470         0.388883         1.4          2027     1        121      0        4        0                                                                                                                                        
                                                                  69.046550       -23.440000      0.151130         0.002655         0.239476         0.005470         0.398730         1.4          2027     1        124      0        4        0                                                                                                                                        
                                                                  65.427930       -23.440000      0.152737         0.002251         0.215419         0.005470         0.375876         1.4          2027     1        122      0        4        0                                                                                                                                        
                                                                  65.577330       -26.760000      0.146006         0.002585         0.212935         0.005470         0.366997         1.4          2027     1        119      0        4        0                                                                                                                                        
                                                                  52.762760       -23.440000      0.161526         0.001619         0.161868         0.005470         0.330484         1.4          2027     1        114      0        4        0                                                                                                                                        
                                                                  56.381380       -23.440000      0.158426         0.000958         0.173376         0.005470         0.338231         1.4          2027     1        116      0        4        0                                                                                                                                        
                                                                  56.464230       -20.120000      0.165841         0.003224         0.175672         0.005470         0.350207         1.4          2027     1        119      0        4        0                                                                                                                                        
                                                                  52.928450       -20.120000      0.168974         0.001717         0.163779         0.005470         0.339941         1.4          2027     1        116      0        4        0                                                                                                                                        
                                                                  52.762760       -23.440000      0.161526         0.001619         0.161868         0.005470         0.330484         1.4          2027     1        114      0        4        0                                                                                                                                        
                                                                  56.381380       -23.440000      0.158426         0.000958         0.173376         0.005470         0.338231         1.4          2027     1        116      0        4        0                                                                                                                                        
                                                                  60.000000       -23.440000      0.155829         0.002869         0.187481         0.005470         0.351649         1.4          2027     1        119      0        4        0                                                                                                                                        
                                                                  60.000000       -20.120000      0.160786         0.002634         0.190237         0.005470         0.359127         1.4          2027     1        121      0        4        0                                                                                                                                        
                                                                  56.464230       -20.120000      0.165841         0.003224         0.175672         0.005470         0.350207         1.4          2027     1        119      0        4        0                                                                                                                                        
                                                                  56.381380       -23.440000      0.158426         0.000958         0.173376         0.005470         0.338231         1.4          2027     1        116      0        4        0                                                                                                                                        
                                                                  60.000000       -23.440000      0.155829         0.002869         0.187481         0.005470         0.351649         1.4          2027     1        119      0        4        0                                                                                                                                        
                                                                  63.618620       -23.440000      0.153670         0.002630         0.204851         0.005470         0.366620         1.4          2027     1        121      0        4        0                                                                                                                                        
                                                                  63.535770       -20.120000      0.158590         0.001776         0.208556         0.005470         0.374392         1.4          2027     1        123      0        4        0                                                                                                                                        
                                                                  60.000000       -20.120000      0.160786         0.002634         0.190237         0.005470         0.359127         1.4          2027     1        121      0        4        0                                                                                                                                        
                                                                  60.000000       -23.440000      0.155829         0.002869         0.187481         0.005470         0.351649         1.4          2027     1        119      0        4        0                                                                                                                                        
                                                                  63.618620       -23.440000      0.153670         0.002630         0.204851         0.005470         0.366620         1.4          2027     1        121      0        4        0                                                                                                                                        
                                                                  67.237240       -23.440000      0.151892         0.002542         0.226776         0.005470         0.386681         1.4          2027     1        123      0        4        0                                                                                                                                        
                                                                  67.071550       -20.120000      0.156787         0.001515         0.230786         0.005470         0.394559         1.4          2027     1        126      0        4        0                                                                                                                                        
                                                                  63.535770       -20.120000      0.158590         0.001776         0.208556         0.005470         0.374392         1.4          2027     1        123      0        4        0                                                                                                                                        
                                                                  63.618620       -23.440000      0.153670         0.002630         0.204851         0.005470         0.366620         1.4          2027     1        121      0        4        0                                                                                                                                        
                                                                  54.696340       -20.120000      0.167339         0.002750         0.169427         0.005470         0.344986         1.4          2027     1        117      0        4        0                                                                                                                                        
                                                                  58.232110       -20.120000      0.164472         0.002526         0.182582         0.005470         0.355050         1.4          2027     1        120      0        4        0                                                                                                                                        
                                                                  58.265990       -16.800000      0.169875         0.001995         0.186723         0.005470         0.364064         1.4          2027     1        122      0        4        0                                                                                                                                        
                                                                  54.797970       -16.800000      0.172831         0.006923         0.173000         0.005470         0.358224         1.4          2027     1        120      0        4        0                                                                                                                                        
                                                                  54.696340       -20.120000      0.167339         0.002750         0.169427         0.005470         0.344986         1.4          2027     1        117      0        4        0                                                                                                                                        
                                                                  58.232110       -20.120000      0.164472         0.002526         0.182582         0.005470         0.355050         1.4          2027     1        120      0        4        0                                                                                                                                        
                                                                  61.767890       -20.120000      0.159635         0.001925         0.199118         0.005470         0.366149         1.4          2027     1        122      0        4        0                                                                                                                                        
                                                                  61.734010       -16.800000      0.167422         0.001283         0.203572         0.005470         0.377747         1.4          2027     1        125      0        4        0                                                                                                                                        
                                                                  58.265990       -16.800000      0.169875         0.001995         0.186723         0.005470         0.364064         1.4          2027     1        122      0        4        0                                                                                                                                        
                                                                  58.232110       -20.120000      0.164472         0.002526         0.182582         0.005470         0.355050         1.4          2027     1        120      0        4        0                                                                                                                                        
                                                                  61.767890       -20.120000      0.159635         0.001925         0.199118         0.005470         0.366149         1.4          2027     1        122      0        4        0                                                                                                                                        
                                                                  65.303660       -20.120000      0.157644         0.002082         0.219063         0.005470         0.384259         1.4          2027     1        124      0        4        0                                                                                                                                        
                                                                  65.202030       -16.800000      0.165404         0.003109         0.224392         0.005470         0.398376         1.4          2027     1        127      0        4        0                                                                                                                                        
                                                                  61.734010       -16.800000      0.167422         0.001283         0.203572         0.005470         0.377747         1.4          2027     1        125      0        4        0                                                                                                                                        
                                                                  61.767890       -20.120000      0.159635         0.001925         0.199118         0.005470         0.366149         1.4          2027     1        122      0        4        0                                                                                                                                        
                                                                  54.797970       -16.800000      0.172831         0.006923         0.173000         0.005470         0.358224         1.4          2027     1        120      0        4        0                                                                                                                                        
                                                                  58.265990       -16.800000      0.169875         0.001995         0.186723         0.005470         0.364064         1.4          2027     1        122      0        4        0                                                                                                                                        
                                                                  58.292970       -13.480000      0.178321         0.002761         0.192234         0.005470         0.378786         1.4          2027     1        124      0        4        0                                                                                                                                        
                                                                  54.878920       -13.480000      0.181369         0.003546         0.177772         0.005470         0.368157         1.4          2027     1        122      0        4        0                                                                                                                                        
                                                                  54.797970       -16.800000      0.172831         0.006923         0.173000         0.005470         0.358224         1.4          2027     1        120      0        4        0                                                                                                                                        
                                                                  58.265990       -16.800000      0.169875         0.001995         0.186723         0.005470         0.364064         1.4          2027     1        122      0        4        0                                                                                                                                        
                                                                  61.734010       -16.800000      0.167422         0.001283         0.203572         0.005470         0.377747         1.4          2027     1        125      0        4        0                                                                                                                                        
                                                                  61.707030       -13.480000      0.175798         0.003964         0.210004         0.005470         0.395236         1.4          2027     1        127      0        4        0                                                                                                                                        
                                                                  58.292970       -13.480000      0.178321         0.002761         0.192234         0.005470         0.378786         1.4          2027     1        124      0        4        0                                                                                                                                        
                                                                  58.265990       -16.800000      0.169875         0.001995         0.186723         0.005470         0.364064         1.4          2027     1        122      0        4        0                                                                                                                                        
                                                                  61.734010       -16.800000      0.167422         0.001283         0.203572         0.005470         0.377747         1.4          2027     1        125      0        4        0                                                                                                                                        
                                                                  65.202030       -16.800000      0.165404         0.003109         0.224392         0.005470         0.398376         1.4          2027     1        127      0        4        0                                                                                                                                        
                                                                  65.121080       -13.480000      0.173729         0.003222         0.231989         0.005470         0.414410         1.4          2027     1        129      0        4        0                                                                                                                                        
                                                                  61.707030       -13.480000      0.175798         0.003964         0.210004         0.005470         0.395236         1.4          2027     1        127      0        4        0                                                                                                                                        
                                                                  61.734010       -16.800000      0.167422         0.001283         0.203572         0.005470         0.377747         1.4          2027     1        125      0        4        0                                                                                                                                        