| ra       | dec      | wavelength |  year  |  day   | obsloc | ido_view |
| double   | double   | double     |  char  |  char  |  char  |  char    |
| deg      | deg      | microns    |        |        |        |          |
1.0599708966633525 -62.57999999999999 1.4 2027 10 0 1
8.294978172497515 -62.57999999999999 1.4 2027 10 0 1
15.529985448331677 -62.57999999999999 1.4 2027 10 0 1
22.76499272416584 -62.57999999999999 1.4 2027 10 0 1
30.0 -62.57999999999999 1.4 2027 10 0 1
37.235007275834164 -62.57999999999999 1.4 2027 10 0 1
44.47001455166833 -62.57999999999999 1.4 2027 10 0 1
51.70502182750249 -62.57999999999999 1.4 2027 10 0 1
58.940029103336656 -62.57999999999999 1.4 2027 10 0 1
0.6895171908579147 -59.26 1.4 2027 10 0 1
7.202957815111711 -59.26 1.4 2027 10 0 1
13.716398439365507 -59.26 1.4 2027 10 0 1
20.229839063619302 -59.26 1.4 2027 10 0 1
26.743279687873102 -59.26 1.4 2027 10 0 1
33.256720312126895 -59.26 1.4 2027 10 0 1
39.77016093638069 -59.26 1.4 2027 10 0 1
46.283601560634494 -59.26 1.4 2027 10 0 1
52.797042184888284 -59.26 1.4 2027 10 0 1
59.31048280914209 -59.26 1.4 2027 10 0 1
0.293322366487323 -55.94 1.4 2027 10 0 1
6.234657893189859 -55.94 1.4 2027 10 0 1
12.175993419892395 -55.94 1.4 2027 10 0 1
18.11732894659493 -55.94 1.4 2027 10 0 1
24.05866447329747 -55.94 1.4 2027 10 0 1
30.000000000000004 -55.94 1.4 2027 10 0 1
35.94133552670254 -55.94 1.4 2027 10 0 1
41.882671053405076 -55.94 1.4 2027 10 0 1
47.82400658010762 -55.94 1.4 2027 10 0 1
53.76534210681015 -55.94 1.4 2027 10 0 1
59.70667763351268 -55.94 1.4 2027 10 0 1
-0.13347774131321377 -52.61999999999999 1.4 2027 10 0 1
5.3453363934710065 -52.61999999999999 1.4 2027 10 0 1
10.824150528255227 -52.61999999999999 1.4 2027 10 0 1
16.302964663039447 -52.61999999999999 1.4 2027 10 0 1
21.78177879782367 -52.61999999999999 1.4 2027 10 0 1
27.26059293260789 -52.61999999999999 1.4 2027 10 0 1
32.73940706739211 -52.61999999999999 1.4 2027 10 0 1
38.21822120217633 -52.61999999999999 1.4 2027 10 0 1
43.69703533696055 -52.61999999999999 1.4 2027 10 0 1
49.175849471744776 -52.61999999999999 1.4 2027 10 0 1
54.65466360652899 -52.61999999999999 1.4 2027 10 0 1
60.133477741313214 -52.61999999999999 1.4 2027 10 0 1
-0.5950943266123883 -49.3 1.4 2027 10 0 1
4.504088061156343 -49.3 1.4 2027 10 0 1
9.603270448925073 -49.3 1.4 2027 10 0 1
14.702452836693807 -49.3 1.4 2027 10 0 1
19.801635224462537 -49.3 1.4 2027 10 0 1
24.90081761223127 -49.3 1.4 2027 10 0 1
30.000000000000004 -49.3 1.4 2027 10 0 1
35.099182387768735 -49.3 1.4 2027 10 0 1
40.19836477553746 -49.3 1.4 2027 10 0 1
45.2975471633062 -49.3 1.4 2027 10 0 1
50.39672955107493 -49.3 1.4 2027 10 0 1
55.49591193884366 -49.3 1.4 2027 10 0 1
60.5950943266124 -49.3 1.4 2027 10 0 1
-1.0954109116377642 -45.98 1.4 2027 10 0 1
3.688498459383431 -45.98 1.4 2027 10 0 1
8.472407830404626 -45.98 1.4 2027 10 0 1
13.25631720142582 -45.98 1.4 2027 10 0 1
18.040226572447015 -45.98 1.4 2027 10 0 1
22.82413594346821 -45.98 1.4 2027 10 0 1
27.608045314489402 -45.98 1.4 2027 10 0 1
32.3919546855106 -45.98 1.4 2027 10 0 1
37.17586405653179 -45.98 1.4 2027 10 0 1
41.95977342755299 -45.98 1.4 2027 10 0 1
46.743682798574184 -45.98 1.4 2027 10 0 1
51.52759216959537 -45.98 1.4 2027 10 0 1
56.31150154061657 -45.98 1.4 2027 10 0 1
61.095410911637764 -45.98 1.4 2027 10 0 1
0.6216692648952433 -42.66 1.4 2027 10 0 1
5.14141245491136 -42.66 1.4 2027 10 0 1
9.661155644927476 -42.66 1.4 2027 10 0 1
14.180898834943594 -42.66 1.4 2027 10 0 1
18.70064202495971 -42.66 1.4 2027 10 0 1
23.220385214975828 -42.66 1.4 2027 10 0 1
27.740128404991943 -42.66 1.4 2027 10 0 1
32.25987159500806 -42.66 1.4 2027 10 0 1
36.77961478502418 -42.66 1.4 2027 10 0 1
41.299357975040294 -42.66 1.4 2027 10 0 1
45.819101165056416 -42.66 1.4 2027 10 0 1
50.33884435507253 -42.66 1.4 2027 10 0 1
54.85858754508864 -42.66 1.4 2027 10 0 1
59.378330735104754 -42.66 1.4 2027 10 0 1
5.378166238533729 -39.339999999999996 1.4 2027 10 0 1
9.675138532111442 -39.339999999999996 1.4 2027 10 0 1
13.972110825689155 -39.339999999999996 1.4 2027 10 0 1
18.269083119266867 -39.339999999999996 1.4 2027 10 0 1
22.56605541284458 -39.339999999999996 1.4 2027 10 0 1
26.86302770642229 -39.339999999999996 1.4 2027 10 0 1
31.160000000000007 -39.339999999999996 1.4 2027 10 0 1
35.45697229357772 -39.339999999999996 1.4 2027 10 0 1
39.75394458715543 -39.339999999999996 1.4 2027 10 0 1
44.05091688073314 -39.339999999999996 1.4 2027 10 0 1
48.34788917431085 -39.339999999999996 1.4 2027 10 0 1
52.64486146788857 -39.339999999999996 1.4 2027 10 0 1
56.941833761466285 -39.339999999999996 1.4 2027 10 0 1
11.384160767524211 -36.019999999999996 1.4 2027 10 0 1
15.4924951734289 -36.019999999999996 1.4 2027 10 0 1
19.600829579333592 -36.019999999999996 1.4 2027 10 0 1
23.70916398523828 -36.019999999999996 1.4 2027 10 0 1
27.81749839114297 -36.019999999999996 1.4 2027 10 0 1
31.925832797047658 -36.019999999999996 1.4 2027 10 0 1
36.03416720295235 -36.019999999999996 1.4 2027 10 0 1
40.14250160885704 -36.019999999999996 1.4 2027 10 0 1
44.25083601476172 -36.019999999999996 1.4 2027 10 0 1
48.359170420666416 -36.019999999999996 1.4 2027 10 0 1
52.4675048265711 -36.019999999999996 1.4 2027 10 0 1
56.5758392324758 -36.019999999999996 1.4 2027 10 0 1
17.55845848341026 -32.699999999999996 1.4 2027 10 0 1
21.506766786728207 -32.699999999999996 1.4 2027 10 0 1
25.455075090046154 -32.699999999999996 1.4 2027 10 0 1
29.403383393364106 -32.699999999999996 1.4 2027 10 0 1
33.35169169668205 -32.699999999999996 1.4 2027 10 0 1
37.3 -32.699999999999996 1.4 2027 10 0 1
41.24830830331795 -32.699999999999996 1.4 2027 10 0 1
45.1966166066359 -32.699999999999996 1.4 2027 10 0 1
49.14492490995385 -32.699999999999996 1.4 2027 10 0 1
53.093233213271795 -32.699999999999996 1.4 2027 10 0 1
57.041541516589746 -32.699999999999996 1.4 2027 10 0 1
23.463116787633417 -29.38 1.4 2027 10 0 1
27.275757501492656 -29.38 1.4 2027 10 0 1
31.088398215351894 -29.38 1.4 2027 10 0 1
34.90103892921114 -29.38 1.4 2027 10 0 1
38.71367964307038 -29.38 1.4 2027 10 0 1
42.526320356929624 -29.38 1.4 2027 10 0 1
46.33896107078886 -29.38 1.4 2027 10 0 1
50.1516017846481 -29.38 1.4 2027 10 0 1
53.96424249850733 -29.38 1.4 2027 10 0 1
57.776883212366585 -29.38 1.4 2027 10 0 1
29.14791005593897 -26.060000000000002 1.4 2027 10 0 1
32.84593254195423 -26.060000000000002 1.4 2027 10 0 1
36.54395502796948 -26.060000000000002 1.4 2027 10 0 1
40.24197751398474 -26.060000000000002 1.4 2027 10 0 1
43.940000000000005 -26.060000000000002 1.4 2027 10 0 1
47.63802248601527 -26.060000000000002 1.4 2027 10 0 1
51.33604497203052 -26.060000000000002 1.4 2027 10 0 1
55.03406745804578 -26.060000000000002 1.4 2027 10 0 1
58.73208994406104 -26.060000000000002 1.4 2027 10 0 1
32.852550609799536 -22.74 1.4 2027 10 0 1
36.45441295734965 -22.74 1.4 2027 10 0 1
40.05627530489976 -22.74 1.4 2027 10 0 1
43.65813765244989 -22.74 1.4 2027 10 0 1
47.260000000000005 -22.74 1.4 2027 10 0 1
50.861862347550115 -22.74 1.4 2027 10 0 1
54.46372469510024 -22.74 1.4 2027 10 0 1
58.06558704265036 -22.74 1.4 2027 10 0 1
61.667449390200474 -22.74 1.4 2027 10 0 1
38.252558334251674 -19.419999999999998 1.4 2027 10 0 1
41.774684524465485 -19.419999999999998 1.4 2027 10 0 1
45.296810714679296 -19.419999999999998 1.4 2027 10 0 1
48.8189369048931 -19.419999999999998 1.4 2027 10 0 1
52.34106309510691 -19.419999999999998 1.4 2027 10 0 1
55.863189285320715 -19.419999999999998 1.4 2027 10 0 1
59.385315475534526 -19.419999999999998 1.4 2027 10 0 1
62.90744166574833 -19.419999999999998 1.4 2027 10 0 1
1.0599708966633525 -62.57999999999999 1.4 2027 20 0 1
8.294978172497515 -62.57999999999999 1.4 2027 20 0 1
15.529985448331677 -62.57999999999999 1.4 2027 20 0 1
22.76499272416584 -62.57999999999999 1.4 2027 20 0 1
30.0 -62.57999999999999 1.4 2027 20 0 1
37.235007275834164 -62.57999999999999 1.4 2027 20 0 1
44.47001455166833 -62.57999999999999 1.4 2027 20 0 1
51.70502182750249 -62.57999999999999 1.4 2027 20 0 1
58.940029103336656 -62.57999999999999 1.4 2027 20 0 1
0.6895171908579147 -59.26 1.4 2027 20 0 1
7.202957815111711 -59.26 1.4 2027 20 0 1
13.716398439365507 -59.26 1.4 2027 20 0 1
20.229839063619302 -59.26 1.4 2027 20 0 1
26.743279687873102 -59.26 1.4 2027 20 0 1
33.256720312126895 -59.26 1.4 2027 20 0 1
39.77016093638069 -59.26 1.4 2027 20 0 1
46.283601560634494 -59.26 1.4 2027 20 0 1
52.797042184888284 -59.26 1.4 2027 20 0 1
59.31048280914209 -59.26 1.4 2027 20 0 1
0.293322366487323 -55.94 1.4 2027 20 0 1
6.234657893189859 -55.94 1.4 2027 20 0 1
12.175993419892395 -55.94 1.4 2027 20 0 1
18.11732894659493 -55.94 1.4 2027 20 0 1
24.05866447329747 -55.94 1.4 2027 20 0 1
30.000000000000004 -55.94 1.4 2027 20 0 1
35.94133552670254 -55.94 1.4 2027 20 0 1
41.882671053405076 -55.94 1.4 2027 20 0 1
47.82400658010762 -55.94 1.4 2027 20 0 1
53.76534210681015 -55.94 1.4 2027 20 0 1
59.70667763351268 -55.94 1.4 2027 20 0 1
-0.13347774131321377 -52.61999999999999 1.4 2027 20 0 1
5.3453363934710065 -52.61999999999999 1.4 2027 20 0 1
10.824150528255227 -52.61999999999999 1.4 2027 20 0 1
16.302964663039447 -52.61999999999999 1.4 2027 20 0 1
21.78177879782367 -52.61999999999999 1.4 2027 20 0 1
27.26059293260789 -52.61999999999999 1.4 2027 20 0 1
32.73940706739211 -52.61999999999999 1.4 2027 20 0 1
38.21822120217633 -52.61999999999999 1.4 2027 20 0 1
43.69703533696055 -52.61999999999999 1.4 2027 20 0 1
49.175849471744776 -52.61999999999999 1.4 2027 20 0 1
54.65466360652899 -52.61999999999999 1.4 2027 20 0 1
60.133477741313214 -52.61999999999999 1.4 2027 20 0 1
-0.5950943266123883 -49.3 1.4 2027 20 0 1
4.504088061156343 -49.3 1.4 2027 20 0 1
9.603270448925073 -49.3 1.4 2027 20 0 1
14.702452836693807 -49.3 1.4 2027 20 0 1
19.801635224462537 -49.3 1.4 2027 20 0 1
24.90081761223127 -49.3 1.4 2027 20 0 1
30.000000000000004 -49.3 1.4 2027 20 0 1
35.099182387768735 -49.3 1.4 2027 20 0 1
40.19836477553746 -49.3 1.4 2027 20 0 1
45.2975471633062 -49.3 1.4 2027 20 0 1
50.39672955107493 -49.3 1.4 2027 20 0 1
55.49591193884366 -49.3 1.4 2027 20 0 1
60.5950943266124 -49.3 1.4 2027 20 0 1
-1.0954109116377642 -45.98 1.4 2027 20 0 1
3.688498459383431 -45.98 1.4 2027 20 0 1
8.472407830404626 -45.98 1.4 2027 20 0 1
13.25631720142582 -45.98 1.4 2027 20 0 1
18.040226572447015 -45.98 1.4 2027 20 0 1
22.82413594346821 -45.98 1.4 2027 20 0 1
27.608045314489402 -45.98 1.4 2027 20 0 1
32.3919546855106 -45.98 1.4 2027 20 0 1
37.17586405653179 -45.98 1.4 2027 20 0 1
41.95977342755299 -45.98 1.4 2027 20 0 1
46.743682798574184 -45.98 1.4 2027 20 0 1
51.52759216959537 -45.98 1.4 2027 20 0 1
56.31150154061657 -45.98 1.4 2027 20 0 1
61.095410911637764 -45.98 1.4 2027 20 0 1
0.6216692648952433 -42.66 1.4 2027 20 0 1
5.14141245491136 -42.66 1.4 2027 20 0 1
9.661155644927476 -42.66 1.4 2027 20 0 1
14.180898834943594 -42.66 1.4 2027 20 0 1
18.70064202495971 -42.66 1.4 2027 20 0 1
23.220385214975828 -42.66 1.4 2027 20 0 1
27.740128404991943 -42.66 1.4 2027 20 0 1
32.25987159500806 -42.66 1.4 2027 20 0 1
36.77961478502418 -42.66 1.4 2027 20 0 1
41.299357975040294 -42.66 1.4 2027 20 0 1
45.819101165056416 -42.66 1.4 2027 20 0 1
50.33884435507253 -42.66 1.4 2027 20 0 1
54.85858754508864 -42.66 1.4 2027 20 0 1
59.378330735104754 -42.66 1.4 2027 20 0 1
5.378166238533729 -39.339999999999996 1.4 2027 20 0 1
9.675138532111442 -39.339999999999996 1.4 2027 20 0 1
13.972110825689155 -39.339999999999996 1.4 2027 20 0 1
18.269083119266867 -39.339999999999996 1.4 2027 20 0 1
22.56605541284458 -39.339999999999996 1.4 2027 20 0 1
26.86302770642229 -39.339999999999996 1.4 2027 20 0 1
31.160000000000007 -39.339999999999996 1.4 2027 20 0 1
35.45697229357772 -39.339999999999996 1.4 2027 20 0 1
39.75394458715543 -39.339999999999996 1.4 2027 20 0 1
44.05091688073314 -39.339999999999996 1.4 2027 20 0 1
48.34788917431085 -39.339999999999996 1.4 2027 20 0 1
52.64486146788857 -39.339999999999996 1.4 2027 20 0 1
56.941833761466285 -39.339999999999996 1.4 2027 20 0 1
11.384160767524211 -36.019999999999996 1.4 2027 20 0 1
15.4924951734289 -36.019999999999996 1.4 2027 20 0 1
19.600829579333592 -36.019999999999996 1.4 2027 20 0 1
23.70916398523828 -36.019999999999996 1.4 2027 20 0 1
27.81749839114297 -36.019999999999996 1.4 2027 20 0 1
31.925832797047658 -36.019999999999996 1.4 2027 20 0 1
36.03416720295235 -36.019999999999996 1.4 2027 20 0 1
40.14250160885704 -36.019999999999996 1.4 2027 20 0 1
44.25083601476172 -36.019999999999996 1.4 2027 20 0 1
48.359170420666416 -36.019999999999996 1.4 2027 20 0 1
52.4675048265711 -36.019999999999996 1.4 2027 20 0 1
56.5758392324758 -36.019999999999996 1.4 2027 20 0 1
17.55845848341026 -32.699999999999996 1.4 2027 20 0 1
21.506766786728207 -32.699999999999996 1.4 2027 20 0 1
25.455075090046154 -32.699999999999996 1.4 2027 20 0 1
29.403383393364106 -32.699999999999996 1.4 2027 20 0 1
33.35169169668205 -32.699999999999996 1.4 2027 20 0 1
37.3 -32.699999999999996 1.4 2027 20 0 1
41.24830830331795 -32.699999999999996 1.4 2027 20 0 1
45.1966166066359 -32.699999999999996 1.4 2027 20 0 1
49.14492490995385 -32.699999999999996 1.4 2027 20 0 1
53.093233213271795 -32.699999999999996 1.4 2027 20 0 1
57.041541516589746 -32.699999999999996 1.4 2027 20 0 1
23.463116787633417 -29.38 1.4 2027 20 0 1
27.275757501492656 -29.38 1.4 2027 20 0 1
31.088398215351894 -29.38 1.4 2027 20 0 1
34.90103892921114 -29.38 1.4 2027 20 0 1
38.71367964307038 -29.38 1.4 2027 20 0 1
42.526320356929624 -29.38 1.4 2027 20 0 1
46.33896107078886 -29.38 1.4 2027 20 0 1
50.1516017846481 -29.38 1.4 2027 20 0 1
53.96424249850733 -29.38 1.4 2027 20 0 1
57.776883212366585 -29.38 1.4 2027 20 0 1
29.14791005593897 -26.060000000000002 1.4 2027 20 0 1
32.84593254195423 -26.060000000000002 1.4 2027 20 0 1
36.54395502796948 -26.060000000000002 1.4 2027 20 0 1
40.24197751398474 -26.060000000000002 1.4 2027 20 0 1
43.940000000000005 -26.060000000000002 1.4 2027 20 0 1
47.63802248601527 -26.060000000000002 1.4 2027 20 0 1
51.33604497203052 -26.060000000000002 1.4 2027 20 0 1
55.03406745804578 -26.060000000000002 1.4 2027 20 0 1
58.73208994406104 -26.060000000000002 1.4 2027 20 0 1
32.852550609799536 -22.74 1.4 2027 20 0 1
36.45441295734965 -22.74 1.4 2027 20 0 1
40.05627530489976 -22.74 1.4 2027 20 0 1
43.65813765244989 -22.74 1.4 2027 20 0 1
47.260000000000005 -22.74 1.4 2027 20 0 1
50.861862347550115 -22.74 1.4 2027 20 0 1
54.46372469510024 -22.74 1.4 2027 20 0 1
58.06558704265036 -22.74 1.4 2027 20 0 1
61.667449390200474 -22.74 1.4 2027 20 0 1
38.252558334251674 -19.419999999999998 1.4 2027 20 0 1
41.774684524465485 -19.419999999999998 1.4 2027 20 0 1
45.296810714679296 -19.419999999999998 1.4 2027 20 0 1
48.8189369048931 -19.419999999999998 1.4 2027 20 0 1
52.34106309510691 -19.419999999999998 1.4 2027 20 0 1
55.863189285320715 -19.419999999999998 1.4 2027 20 0 1
59.385315475534526 -19.419999999999998 1.4 2027 20 0 1
62.90744166574833 -19.419999999999998 1.4 2027 20 0 1
1.0599708966633525 -62.57999999999999 1.4 2027 30 0 1
8.294978172497515 -62.57999999999999 1.4 2027 30 0 1
15.529985448331677 -62.57999999999999 1.4 2027 30 0 1
22.76499272416584 -62.57999999999999 1.4 2027 30 0 1
30.0 -62.57999999999999 1.4 2027 30 0 1
37.235007275834164 -62.57999999999999 1.4 2027 30 0 1
44.47001455166833 -62.57999999999999 1.4 2027 30 0 1
51.70502182750249 -62.57999999999999 1.4 2027 30 0 1
58.940029103336656 -62.57999999999999 1.4 2027 30 0 1
0.6895171908579147 -59.26 1.4 2027 30 0 1
7.202957815111711 -59.26 1.4 2027 30 0 1
13.716398439365507 -59.26 1.4 2027 30 0 1
20.229839063619302 -59.26 1.4 2027 30 0 1
26.743279687873102 -59.26 1.4 2027 30 0 1
33.256720312126895 -59.26 1.4 2027 30 0 1
39.77016093638069 -59.26 1.4 2027 30 0 1
46.283601560634494 -59.26 1.4 2027 30 0 1
52.797042184888284 -59.26 1.4 2027 30 0 1
59.31048280914209 -59.26 1.4 2027 30 0 1
0.293322366487323 -55.94 1.4 2027 30 0 1
6.234657893189859 -55.94 1.4 2027 30 0 1
12.175993419892395 -55.94 1.4 2027 30 0 1
18.11732894659493 -55.94 1.4 2027 30 0 1
24.05866447329747 -55.94 1.4 2027 30 0 1
30.000000000000004 -55.94 1.4 2027 30 0 1
35.94133552670254 -55.94 1.4 2027 30 0 1
41.882671053405076 -55.94 1.4 2027 30 0 1
47.82400658010762 -55.94 1.4 2027 30 0 1
53.76534210681015 -55.94 1.4 2027 30 0 1
59.70667763351268 -55.94 1.4 2027 30 0 1
-0.13347774131321377 -52.61999999999999 1.4 2027 30 0 1
5.3453363934710065 -52.61999999999999 1.4 2027 30 0 1
10.824150528255227 -52.61999999999999 1.4 2027 30 0 1
16.302964663039447 -52.61999999999999 1.4 2027 30 0 1
21.78177879782367 -52.61999999999999 1.4 2027 30 0 1
27.26059293260789 -52.61999999999999 1.4 2027 30 0 1
32.73940706739211 -52.61999999999999 1.4 2027 30 0 1
38.21822120217633 -52.61999999999999 1.4 2027 30 0 1
43.69703533696055 -52.61999999999999 1.4 2027 30 0 1
49.175849471744776 -52.61999999999999 1.4 2027 30 0 1
54.65466360652899 -52.61999999999999 1.4 2027 30 0 1
60.133477741313214 -52.61999999999999 1.4 2027 30 0 1
-0.5950943266123883 -49.3 1.4 2027 30 0 1
4.504088061156343 -49.3 1.4 2027 30 0 1
9.603270448925073 -49.3 1.4 2027 30 0 1
14.702452836693807 -49.3 1.4 2027 30 0 1
19.801635224462537 -49.3 1.4 2027 30 0 1
24.90081761223127 -49.3 1.4 2027 30 0 1
30.000000000000004 -49.3 1.4 2027 30 0 1
35.099182387768735 -49.3 1.4 2027 30 0 1
40.19836477553746 -49.3 1.4 2027 30 0 1
45.2975471633062 -49.3 1.4 2027 30 0 1
50.39672955107493 -49.3 1.4 2027 30 0 1
55.49591193884366 -49.3 1.4 2027 30 0 1
60.5950943266124 -49.3 1.4 2027 30 0 1
-1.0954109116377642 -45.98 1.4 2027 30 0 1
3.688498459383431 -45.98 1.4 2027 30 0 1
8.472407830404626 -45.98 1.4 2027 30 0 1
13.25631720142582 -45.98 1.4 2027 30 0 1
18.040226572447015 -45.98 1.4 2027 30 0 1
22.82413594346821 -45.98 1.4 2027 30 0 1
27.608045314489402 -45.98 1.4 2027 30 0 1
32.3919546855106 -45.98 1.4 2027 30 0 1
37.17586405653179 -45.98 1.4 2027 30 0 1
41.95977342755299 -45.98 1.4 2027 30 0 1
46.743682798574184 -45.98 1.4 2027 30 0 1
51.52759216959537 -45.98 1.4 2027 30 0 1
56.31150154061657 -45.98 1.4 2027 30 0 1
61.095410911637764 -45.98 1.4 2027 30 0 1
0.6216692648952433 -42.66 1.4 2027 30 0 1
5.14141245491136 -42.66 1.4 2027 30 0 1
9.661155644927476 -42.66 1.4 2027 30 0 1
14.180898834943594 -42.66 1.4 2027 30 0 1
18.70064202495971 -42.66 1.4 2027 30 0 1
23.220385214975828 -42.66 1.4 2027 30 0 1
27.740128404991943 -42.66 1.4 2027 30 0 1
32.25987159500806 -42.66 1.4 2027 30 0 1
36.77961478502418 -42.66 1.4 2027 30 0 1
41.299357975040294 -42.66 1.4 2027 30 0 1
45.819101165056416 -42.66 1.4 2027 30 0 1
50.33884435507253 -42.66 1.4 2027 30 0 1
54.85858754508864 -42.66 1.4 2027 30 0 1
59.378330735104754 -42.66 1.4 2027 30 0 1
5.378166238533729 -39.339999999999996 1.4 2027 30 0 1
9.675138532111442 -39.339999999999996 1.4 2027 30 0 1
13.972110825689155 -39.339999999999996 1.4 2027 30 0 1
18.269083119266867 -39.339999999999996 1.4 2027 30 0 1
22.56605541284458 -39.339999999999996 1.4 2027 30 0 1
26.86302770642229 -39.339999999999996 1.4 2027 30 0 1
31.160000000000007 -39.339999999999996 1.4 2027 30 0 1
35.45697229357772 -39.339999999999996 1.4 2027 30 0 1
39.75394458715543 -39.339999999999996 1.4 2027 30 0 1
44.05091688073314 -39.339999999999996 1.4 2027 30 0 1
48.34788917431085 -39.339999999999996 1.4 2027 30 0 1
52.64486146788857 -39.339999999999996 1.4 2027 30 0 1
56.941833761466285 -39.339999999999996 1.4 2027 30 0 1
11.384160767524211 -36.019999999999996 1.4 2027 30 0 1
15.4924951734289 -36.019999999999996 1.4 2027 30 0 1
19.600829579333592 -36.019999999999996 1.4 2027 30 0 1
23.70916398523828 -36.019999999999996 1.4 2027 30 0 1
27.81749839114297 -36.019999999999996 1.4 2027 30 0 1
31.925832797047658 -36.019999999999996 1.4 2027 30 0 1
36.03416720295235 -36.019999999999996 1.4 2027 30 0 1
40.14250160885704 -36.019999999999996 1.4 2027 30 0 1
44.25083601476172 -36.019999999999996 1.4 2027 30 0 1
48.359170420666416 -36.019999999999996 1.4 2027 30 0 1
52.4675048265711 -36.019999999999996 1.4 2027 30 0 1
56.5758392324758 -36.019999999999996 1.4 2027 30 0 1
17.55845848341026 -32.699999999999996 1.4 2027 30 0 1
21.506766786728207 -32.699999999999996 1.4 2027 30 0 1
25.455075090046154 -32.699999999999996 1.4 2027 30 0 1
29.403383393364106 -32.699999999999996 1.4 2027 30 0 1
33.35169169668205 -32.699999999999996 1.4 2027 30 0 1
37.3 -32.699999999999996 1.4 2027 30 0 1
41.24830830331795 -32.699999999999996 1.4 2027 30 0 1
45.1966166066359 -32.699999999999996 1.4 2027 30 0 1
49.14492490995385 -32.699999999999996 1.4 2027 30 0 1
53.093233213271795 -32.699999999999996 1.4 2027 30 0 1
57.041541516589746 -32.699999999999996 1.4 2027 30 0 1
23.463116787633417 -29.38 1.4 2027 30 0 1
27.275757501492656 -29.38 1.4 2027 30 0 1
31.088398215351894 -29.38 1.4 2027 30 0 1
34.90103892921114 -29.38 1.4 2027 30 0 1
38.71367964307038 -29.38 1.4 2027 30 0 1
42.526320356929624 -29.38 1.4 2027 30 0 1
46.33896107078886 -29.38 1.4 2027 30 0 1
50.1516017846481 -29.38 1.4 2027 30 0 1
53.96424249850733 -29.38 1.4 2027 30 0 1
57.776883212366585 -29.38 1.4 2027 30 0 1
29.14791005593897 -26.060000000000002 1.4 2027 30 0 1
32.84593254195423 -26.060000000000002 1.4 2027 30 0 1
36.54395502796948 -26.060000000000002 1.4 2027 30 0 1
40.24197751398474 -26.060000000000002 1.4 2027 30 0 1
43.940000000000005 -26.060000000000002 1.4 2027 30 0 1
47.63802248601527 -26.060000000000002 1.4 2027 30 0 1
51.33604497203052 -26.060000000000002 1.4 2027 30 0 1
55.03406745804578 -26.060000000000002 1.4 2027 30 0 1
58.73208994406104 -26.060000000000002 1.4 2027 30 0 1
32.852550609799536 -22.74 1.4 2027 30 0 1
36.45441295734965 -22.74 1.4 2027 30 0 1
40.05627530489976 -22.74 1.4 2027 30 0 1
43.65813765244989 -22.74 1.4 2027 30 0 1
47.260000000000005 -22.74 1.4 2027 30 0 1
50.861862347550115 -22.74 1.4 2027 30 0 1
54.46372469510024 -22.74 1.4 2027 30 0 1
58.06558704265036 -22.74 1.4 2027 30 0 1
61.667449390200474 -22.74 1.4 2027 30 0 1
38.252558334251674 -19.419999999999998 1.4 2027 30 0 1
41.774684524465485 -19.419999999999998 1.4 2027 30 0 1
45.296810714679296 -19.419999999999998 1.4 2027 30 0 1
48.8189369048931 -19.419999999999998 1.4 2027 30 0 1
52.34106309510691 -19.419999999999998 1.4 2027 30 0 1
55.863189285320715 -19.419999999999998 1.4 2027 30 0 1
59.385315475534526 -19.419999999999998 1.4 2027 30 0 1
62.90744166574833 -19.419999999999998 1.4 2027 30 0 1
1.0599708966633525 -62.57999999999999 1.4 2027 40 0 1
8.294978172497515 -62.57999999999999 1.4 2027 40 0 1
15.529985448331677 -62.57999999999999 1.4 2027 40 0 1
22.76499272416584 -62.57999999999999 1.4 2027 40 0 1
30.0 -62.57999999999999 1.4 2027 40 0 1
37.235007275834164 -62.57999999999999 1.4 2027 40 0 1
44.47001455166833 -62.57999999999999 1.4 2027 40 0 1
51.70502182750249 -62.57999999999999 1.4 2027 40 0 1
58.940029103336656 -62.57999999999999 1.4 2027 40 0 1
0.6895171908579147 -59.26 1.4 2027 40 0 1
7.202957815111711 -59.26 1.4 2027 40 0 1
13.716398439365507 -59.26 1.4 2027 40 0 1
20.229839063619302 -59.26 1.4 2027 40 0 1
26.743279687873102 -59.26 1.4 2027 40 0 1
33.256720312126895 -59.26 1.4 2027 40 0 1
39.77016093638069 -59.26 1.4 2027 40 0 1
46.283601560634494 -59.26 1.4 2027 40 0 1
52.797042184888284 -59.26 1.4 2027 40 0 1
59.31048280914209 -59.26 1.4 2027 40 0 1
0.293322366487323 -55.94 1.4 2027 40 0 1
6.234657893189859 -55.94 1.4 2027 40 0 1
12.175993419892395 -55.94 1.4 2027 40 0 1
18.11732894659493 -55.94 1.4 2027 40 0 1
24.05866447329747 -55.94 1.4 2027 40 0 1
30.000000000000004 -55.94 1.4 2027 40 0 1
35.94133552670254 -55.94 1.4 2027 40 0 1
41.882671053405076 -55.94 1.4 2027 40 0 1
47.82400658010762 -55.94 1.4 2027 40 0 1
53.76534210681015 -55.94 1.4 2027 40 0 1
59.70667763351268 -55.94 1.4 2027 40 0 1
-0.13347774131321377 -52.61999999999999 1.4 2027 40 0 1
5.3453363934710065 -52.61999999999999 1.4 2027 40 0 1
10.824150528255227 -52.61999999999999 1.4 2027 40 0 1
16.302964663039447 -52.61999999999999 1.4 2027 40 0 1
21.78177879782367 -52.61999999999999 1.4 2027 40 0 1
27.26059293260789 -52.61999999999999 1.4 2027 40 0 1
32.73940706739211 -52.61999999999999 1.4 2027 40 0 1
38.21822120217633 -52.61999999999999 1.4 2027 40 0 1
43.69703533696055 -52.61999999999999 1.4 2027 40 0 1
49.175849471744776 -52.61999999999999 1.4 2027 40 0 1
54.65466360652899 -52.61999999999999 1.4 2027 40 0 1
60.133477741313214 -52.61999999999999 1.4 2027 40 0 1
-0.5950943266123883 -49.3 1.4 2027 40 0 1
4.504088061156343 -49.3 1.4 2027 40 0 1
9.603270448925073 -49.3 1.4 2027 40 0 1
14.702452836693807 -49.3 1.4 2027 40 0 1
19.801635224462537 -49.3 1.4 2027 40 0 1
24.90081761223127 -49.3 1.4 2027 40 0 1
30.000000000000004 -49.3 1.4 2027 40 0 1
35.099182387768735 -49.3 1.4 2027 40 0 1
40.19836477553746 -49.3 1.4 2027 40 0 1
45.2975471633062 -49.3 1.4 2027 40 0 1
50.39672955107493 -49.3 1.4 2027 40 0 1
55.49591193884366 -49.3 1.4 2027 40 0 1
60.5950943266124 -49.3 1.4 2027 40 0 1
-1.0954109116377642 -45.98 1.4 2027 40 0 1
3.688498459383431 -45.98 1.4 2027 40 0 1
8.472407830404626 -45.98 1.4 2027 40 0 1
13.25631720142582 -45.98 1.4 2027 40 0 1
18.040226572447015 -45.98 1.4 2027 40 0 1
22.82413594346821 -45.98 1.4 2027 40 0 1
27.608045314489402 -45.98 1.4 2027 40 0 1
32.3919546855106 -45.98 1.4 2027 40 0 1
37.17586405653179 -45.98 1.4 2027 40 0 1
41.95977342755299 -45.98 1.4 2027 40 0 1
46.743682798574184 -45.98 1.4 2027 40 0 1
51.52759216959537 -45.98 1.4 2027 40 0 1
56.31150154061657 -45.98 1.4 2027 40 0 1
61.095410911637764 -45.98 1.4 2027 40 0 1
0.6216692648952433 -42.66 1.4 2027 40 0 1
5.14141245491136 -42.66 1.4 2027 40 0 1
9.661155644927476 -42.66 1.4 2027 40 0 1
14.180898834943594 -42.66 1.4 2027 40 0 1
18.70064202495971 -42.66 1.4 2027 40 0 1
23.220385214975828 -42.66 1.4 2027 40 0 1
27.740128404991943 -42.66 1.4 2027 40 0 1
32.25987159500806 -42.66 1.4 2027 40 0 1
36.77961478502418 -42.66 1.4 2027 40 0 1
41.299357975040294 -42.66 1.4 2027 40 0 1
45.819101165056416 -42.66 1.4 2027 40 0 1
50.33884435507253 -42.66 1.4 2027 40 0 1
54.85858754508864 -42.66 1.4 2027 40 0 1
59.378330735104754 -42.66 1.4 2027 40 0 1
5.378166238533729 -39.339999999999996 1.4 2027 40 0 1
9.675138532111442 -39.339999999999996 1.4 2027 40 0 1
13.972110825689155 -39.339999999999996 1.4 2027 40 0 1
18.269083119266867 -39.339999999999996 1.4 2027 40 0 1
22.56605541284458 -39.339999999999996 1.4 2027 40 0 1
26.86302770642229 -39.339999999999996 1.4 2027 40 0 1
31.160000000000007 -39.339999999999996 1.4 2027 40 0 1
35.45697229357772 -39.339999999999996 1.4 2027 40 0 1
39.75394458715543 -39.339999999999996 1.4 2027 40 0 1
44.05091688073314 -39.339999999999996 1.4 2027 40 0 1
48.34788917431085 -39.339999999999996 1.4 2027 40 0 1
52.64486146788857 -39.339999999999996 1.4 2027 40 0 1
56.941833761466285 -39.339999999999996 1.4 2027 40 0 1
11.384160767524211 -36.019999999999996 1.4 2027 40 0 1
15.4924951734289 -36.019999999999996 1.4 2027 40 0 1
19.600829579333592 -36.019999999999996 1.4 2027 40 0 1
23.70916398523828 -36.019999999999996 1.4 2027 40 0 1
27.81749839114297 -36.019999999999996 1.4 2027 40 0 1
31.925832797047658 -36.019999999999996 1.4 2027 40 0 1
36.03416720295235 -36.019999999999996 1.4 2027 40 0 1
40.14250160885704 -36.019999999999996 1.4 2027 40 0 1
44.25083601476172 -36.019999999999996 1.4 2027 40 0 1
48.359170420666416 -36.019999999999996 1.4 2027 40 0 1
52.4675048265711 -36.019999999999996 1.4 2027 40 0 1
56.5758392324758 -36.019999999999996 1.4 2027 40 0 1
17.55845848341026 -32.699999999999996 1.4 2027 40 0 1
21.506766786728207 -32.699999999999996 1.4 2027 40 0 1
25.455075090046154 -32.699999999999996 1.4 2027 40 0 1
29.403383393364106 -32.699999999999996 1.4 2027 40 0 1
33.35169169668205 -32.699999999999996 1.4 2027 40 0 1
37.3 -32.699999999999996 1.4 2027 40 0 1
41.24830830331795 -32.699999999999996 1.4 2027 40 0 1
45.1966166066359 -32.699999999999996 1.4 2027 40 0 1
49.14492490995385 -32.699999999999996 1.4 2027 40 0 1
53.093233213271795 -32.699999999999996 1.4 2027 40 0 1
57.041541516589746 -32.699999999999996 1.4 2027 40 0 1
23.463116787633417 -29.38 1.4 2027 40 0 1
27.275757501492656 -29.38 1.4 2027 40 0 1
31.088398215351894 -29.38 1.4 2027 40 0 1
34.90103892921114 -29.38 1.4 2027 40 0 1
38.71367964307038 -29.38 1.4 2027 40 0 1
42.526320356929624 -29.38 1.4 2027 40 0 1
46.33896107078886 -29.38 1.4 2027 40 0 1
50.1516017846481 -29.38 1.4 2027 40 0 1
53.96424249850733 -29.38 1.4 2027 40 0 1
57.776883212366585 -29.38 1.4 2027 40 0 1
29.14791005593897 -26.060000000000002 1.4 2027 40 0 1
32.84593254195423 -26.060000000000002 1.4 2027 40 0 1
36.54395502796948 -26.060000000000002 1.4 2027 40 0 1
40.24197751398474 -26.060000000000002 1.4 2027 40 0 1
43.940000000000005 -26.060000000000002 1.4 2027 40 0 1
47.63802248601527 -26.060000000000002 1.4 2027 40 0 1
51.33604497203052 -26.060000000000002 1.4 2027 40 0 1
55.03406745804578 -26.060000000000002 1.4 2027 40 0 1
58.73208994406104 -26.060000000000002 1.4 2027 40 0 1
32.852550609799536 -22.74 1.4 2027 40 0 1
36.45441295734965 -22.74 1.4 2027 40 0 1
40.05627530489976 -22.74 1.4 2027 40 0 1
43.65813765244989 -22.74 1.4 2027 40 0 1
47.260000000000005 -22.74 1.4 2027 40 0 1
50.861862347550115 -22.74 1.4 2027 40 0 1
54.46372469510024 -22.74 1.4 2027 40 0 1
58.06558704265036 -22.74 1.4 2027 40 0 1
61.667449390200474 -22.74 1.4 2027 40 0 1
38.252558334251674 -19.419999999999998 1.4 2027 40 0 1
41.774684524465485 -19.419999999999998 1.4 2027 40 0 1
45.296810714679296 -19.419999999999998 1.4 2027 40 0 1
48.8189369048931 -19.419999999999998 1.4 2027 40 0 1
52.34106309510691 -19.419999999999998 1.4 2027 40 0 1
55.863189285320715 -19.419999999999998 1.4 2027 40 0 1
59.385315475534526 -19.419999999999998 1.4 2027 40 0 1
62.90744166574833 -19.419999999999998 1.4 2027 40 0 1
1.0599708966633525 -62.57999999999999 1.4 2027 50 0 1
8.294978172497515 -62.57999999999999 1.4 2027 50 0 1
15.529985448331677 -62.57999999999999 1.4 2027 50 0 1
22.76499272416584 -62.57999999999999 1.4 2027 50 0 1
30.0 -62.57999999999999 1.4 2027 50 0 1
37.235007275834164 -62.57999999999999 1.4 2027 50 0 1
44.47001455166833 -62.57999999999999 1.4 2027 50 0 1
51.70502182750249 -62.57999999999999 1.4 2027 50 0 1
58.940029103336656 -62.57999999999999 1.4 2027 50 0 1
0.6895171908579147 -59.26 1.4 2027 50 0 1
7.202957815111711 -59.26 1.4 2027 50 0 1
13.716398439365507 -59.26 1.4 2027 50 0 1
20.229839063619302 -59.26 1.4 2027 50 0 1
26.743279687873102 -59.26 1.4 2027 50 0 1
33.256720312126895 -59.26 1.4 2027 50 0 1
39.77016093638069 -59.26 1.4 2027 50 0 1
46.283601560634494 -59.26 1.4 2027 50 0 1
52.797042184888284 -59.26 1.4 2027 50 0 1
59.31048280914209 -59.26 1.4 2027 50 0 1
0.293322366487323 -55.94 1.4 2027 50 0 1
6.234657893189859 -55.94 1.4 2027 50 0 1
12.175993419892395 -55.94 1.4 2027 50 0 1
18.11732894659493 -55.94 1.4 2027 50 0 1
24.05866447329747 -55.94 1.4 2027 50 0 1
30.000000000000004 -55.94 1.4 2027 50 0 1
35.94133552670254 -55.94 1.4 2027 50 0 1
41.882671053405076 -55.94 1.4 2027 50 0 1
47.82400658010762 -55.94 1.4 2027 50 0 1
53.76534210681015 -55.94 1.4 2027 50 0 1
59.70667763351268 -55.94 1.4 2027 50 0 1
-0.13347774131321377 -52.61999999999999 1.4 2027 50 0 1
5.3453363934710065 -52.61999999999999 1.4 2027 50 0 1
10.824150528255227 -52.61999999999999 1.4 2027 50 0 1
16.302964663039447 -52.61999999999999 1.4 2027 50 0 1
21.78177879782367 -52.61999999999999 1.4 2027 50 0 1
27.26059293260789 -52.61999999999999 1.4 2027 50 0 1
32.73940706739211 -52.61999999999999 1.4 2027 50 0 1
38.21822120217633 -52.61999999999999 1.4 2027 50 0 1
43.69703533696055 -52.61999999999999 1.4 2027 50 0 1
49.175849471744776 -52.61999999999999 1.4 2027 50 0 1
54.65466360652899 -52.61999999999999 1.4 2027 50 0 1
60.133477741313214 -52.61999999999999 1.4 2027 50 0 1
-0.5950943266123883 -49.3 1.4 2027 50 0 1
4.504088061156343 -49.3 1.4 2027 50 0 1
9.603270448925073 -49.3 1.4 2027 50 0 1
14.702452836693807 -49.3 1.4 2027 50 0 1
19.801635224462537 -49.3 1.4 2027 50 0 1
24.90081761223127 -49.3 1.4 2027 50 0 1
30.000000000000004 -49.3 1.4 2027 50 0 1
35.099182387768735 -49.3 1.4 2027 50 0 1
40.19836477553746 -49.3 1.4 2027 50 0 1
45.2975471633062 -49.3 1.4 2027 50 0 1
50.39672955107493 -49.3 1.4 2027 50 0 1
55.49591193884366 -49.3 1.4 2027 50 0 1
60.5950943266124 -49.3 1.4 2027 50 0 1
-1.0954109116377642 -45.98 1.4 2027 50 0 1
3.688498459383431 -45.98 1.4 2027 50 0 1
8.472407830404626 -45.98 1.4 2027 50 0 1
13.25631720142582 -45.98 1.4 2027 50 0 1
18.040226572447015 -45.98 1.4 2027 50 0 1
22.82413594346821 -45.98 1.4 2027 50 0 1
27.608045314489402 -45.98 1.4 2027 50 0 1
32.3919546855106 -45.98 1.4 2027 50 0 1
37.17586405653179 -45.98 1.4 2027 50 0 1
41.95977342755299 -45.98 1.4 2027 50 0 1
46.743682798574184 -45.98 1.4 2027 50 0 1
51.52759216959537 -45.98 1.4 2027 50 0 1
56.31150154061657 -45.98 1.4 2027 50 0 1
61.095410911637764 -45.98 1.4 2027 50 0 1
0.6216692648952433 -42.66 1.4 2027 50 0 1
5.14141245491136 -42.66 1.4 2027 50 0 1
9.661155644927476 -42.66 1.4 2027 50 0 1
14.180898834943594 -42.66 1.4 2027 50 0 1
18.70064202495971 -42.66 1.4 2027 50 0 1
23.220385214975828 -42.66 1.4 2027 50 0 1
27.740128404991943 -42.66 1.4 2027 50 0 1
32.25987159500806 -42.66 1.4 2027 50 0 1
36.77961478502418 -42.66 1.4 2027 50 0 1
41.299357975040294 -42.66 1.4 2027 50 0 1
45.819101165056416 -42.66 1.4 2027 50 0 1
50.33884435507253 -42.66 1.4 2027 50 0 1
54.85858754508864 -42.66 1.4 2027 50 0 1
59.378330735104754 -42.66 1.4 2027 50 0 1
5.378166238533729 -39.339999999999996 1.4 2027 50 0 1
9.675138532111442 -39.339999999999996 1.4 2027 50 0 1
13.972110825689155 -39.339999999999996 1.4 2027 50 0 1
18.269083119266867 -39.339999999999996 1.4 2027 50 0 1
22.56605541284458 -39.339999999999996 1.4 2027 50 0 1
26.86302770642229 -39.339999999999996 1.4 2027 50 0 1
31.160000000000007 -39.339999999999996 1.4 2027 50 0 1
35.45697229357772 -39.339999999999996 1.4 2027 50 0 1
39.75394458715543 -39.339999999999996 1.4 2027 50 0 1
44.05091688073314 -39.339999999999996 1.4 2027 50 0 1
48.34788917431085 -39.339999999999996 1.4 2027 50 0 1
52.64486146788857 -39.339999999999996 1.4 2027 50 0 1
56.941833761466285 -39.339999999999996 1.4 2027 50 0 1
11.384160767524211 -36.019999999999996 1.4 2027 50 0 1
15.4924951734289 -36.019999999999996 1.4 2027 50 0 1
19.600829579333592 -36.019999999999996 1.4 2027 50 0 1
23.70916398523828 -36.019999999999996 1.4 2027 50 0 1
27.81749839114297 -36.019999999999996 1.4 2027 50 0 1
31.925832797047658 -36.019999999999996 1.4 2027 50 0 1
36.03416720295235 -36.019999999999996 1.4 2027 50 0 1
40.14250160885704 -36.019999999999996 1.4 2027 50 0 1
44.25083601476172 -36.019999999999996 1.4 2027 50 0 1
48.359170420666416 -36.019999999999996 1.4 2027 50 0 1
52.4675048265711 -36.019999999999996 1.4 2027 50 0 1
56.5758392324758 -36.019999999999996 1.4 2027 50 0 1
17.55845848341026 -32.699999999999996 1.4 2027 50 0 1
21.506766786728207 -32.699999999999996 1.4 2027 50 0 1
25.455075090046154 -32.699999999999996 1.4 2027 50 0 1
29.403383393364106 -32.699999999999996 1.4 2027 50 0 1
33.35169169668205 -32.699999999999996 1.4 2027 50 0 1
37.3 -32.699999999999996 1.4 2027 50 0 1
41.24830830331795 -32.699999999999996 1.4 2027 50 0 1
45.1966166066359 -32.699999999999996 1.4 2027 50 0 1
49.14492490995385 -32.699999999999996 1.4 2027 50 0 1
53.093233213271795 -32.699999999999996 1.4 2027 50 0 1
57.041541516589746 -32.699999999999996 1.4 2027 50 0 1
23.463116787633417 -29.38 1.4 2027 50 0 1
27.275757501492656 -29.38 1.4 2027 50 0 1
31.088398215351894 -29.38 1.4 2027 50 0 1
34.90103892921114 -29.38 1.4 2027 50 0 1
38.71367964307038 -29.38 1.4 2027 50 0 1
42.526320356929624 -29.38 1.4 2027 50 0 1
46.33896107078886 -29.38 1.4 2027 50 0 1
50.1516017846481 -29.38 1.4 2027 50 0 1
53.96424249850733 -29.38 1.4 2027 50 0 1
57.776883212366585 -29.38 1.4 2027 50 0 1
29.14791005593897 -26.060000000000002 1.4 2027 50 0 1
32.84593254195423 -26.060000000000002 1.4 2027 50 0 1
36.54395502796948 -26.060000000000002 1.4 2027 50 0 1
40.24197751398474 -26.060000000000002 1.4 2027 50 0 1
43.940000000000005 -26.060000000000002 1.4 2027 50 0 1
47.63802248601527 -26.060000000000002 1.4 2027 50 0 1
51.33604497203052 -26.060000000000002 1.4 2027 50 0 1
55.03406745804578 -26.060000000000002 1.4 2027 50 0 1
58.73208994406104 -26.060000000000002 1.4 2027 50 0 1
32.852550609799536 -22.74 1.4 2027 50 0 1
36.45441295734965 -22.74 1.4 2027 50 0 1
40.05627530489976 -22.74 1.4 2027 50 0 1
43.65813765244989 -22.74 1.4 2027 50 0 1
47.260000000000005 -22.74 1.4 2027 50 0 1
50.861862347550115 -22.74 1.4 2027 50 0 1
54.46372469510024 -22.74 1.4 2027 50 0 1
58.06558704265036 -22.74 1.4 2027 50 0 1
61.667449390200474 -22.74 1.4 2027 50 0 1
38.252558334251674 -19.419999999999998 1.4 2027 50 0 1
41.774684524465485 -19.419999999999998 1.4 2027 50 0 1
45.296810714679296 -19.419999999999998 1.4 2027 50 0 1
48.8189369048931 -19.419999999999998 1.4 2027 50 0 1
52.34106309510691 -19.419999999999998 1.4 2027 50 0 1
55.863189285320715 -19.419999999999998 1.4 2027 50 0 1
59.385315475534526 -19.419999999999998 1.4 2027 50 0 1
62.90744166574833 -19.419999999999998 1.4 2027 50 0 1
1.0599708966633525 -62.57999999999999 1.4 2027 60 0 1
8.294978172497515 -62.57999999999999 1.4 2027 60 0 1
15.529985448331677 -62.57999999999999 1.4 2027 60 0 1
22.76499272416584 -62.57999999999999 1.4 2027 60 0 1
30.0 -62.57999999999999 1.4 2027 60 0 1
37.235007275834164 -62.57999999999999 1.4 2027 60 0 1
44.47001455166833 -62.57999999999999 1.4 2027 60 0 1
51.70502182750249 -62.57999999999999 1.4 2027 60 0 1
58.940029103336656 -62.57999999999999 1.4 2027 60 0 1
0.6895171908579147 -59.26 1.4 2027 60 0 1
7.202957815111711 -59.26 1.4 2027 60 0 1
13.716398439365507 -59.26 1.4 2027 60 0 1
20.229839063619302 -59.26 1.4 2027 60 0 1
26.743279687873102 -59.26 1.4 2027 60 0 1
33.256720312126895 -59.26 1.4 2027 60 0 1
39.77016093638069 -59.26 1.4 2027 60 0 1
46.283601560634494 -59.26 1.4 2027 60 0 1
52.797042184888284 -59.26 1.4 2027 60 0 1
59.31048280914209 -59.26 1.4 2027 60 0 1
0.293322366487323 -55.94 1.4 2027 60 0 1
6.234657893189859 -55.94 1.4 2027 60 0 1
12.175993419892395 -55.94 1.4 2027 60 0 1
18.11732894659493 -55.94 1.4 2027 60 0 1
24.05866447329747 -55.94 1.4 2027 60 0 1
30.000000000000004 -55.94 1.4 2027 60 0 1
35.94133552670254 -55.94 1.4 2027 60 0 1
41.882671053405076 -55.94 1.4 2027 60 0 1
47.82400658010762 -55.94 1.4 2027 60 0 1
53.76534210681015 -55.94 1.4 2027 60 0 1
59.70667763351268 -55.94 1.4 2027 60 0 1
-0.13347774131321377 -52.61999999999999 1.4 2027 60 0 1
5.3453363934710065 -52.61999999999999 1.4 2027 60 0 1
10.824150528255227 -52.61999999999999 1.4 2027 60 0 1
16.302964663039447 -52.61999999999999 1.4 2027 60 0 1
21.78177879782367 -52.61999999999999 1.4 2027 60 0 1
27.26059293260789 -52.61999999999999 1.4 2027 60 0 1
32.73940706739211 -52.61999999999999 1.4 2027 60 0 1
38.21822120217633 -52.61999999999999 1.4 2027 60 0 1
43.69703533696055 -52.61999999999999 1.4 2027 60 0 1
49.175849471744776 -52.61999999999999 1.4 2027 60 0 1
54.65466360652899 -52.61999999999999 1.4 2027 60 0 1
60.133477741313214 -52.61999999999999 1.4 2027 60 0 1
-0.5950943266123883 -49.3 1.4 2027 60 0 1
4.504088061156343 -49.3 1.4 2027 60 0 1
9.603270448925073 -49.3 1.4 2027 60 0 1
14.702452836693807 -49.3 1.4 2027 60 0 1
19.801635224462537 -49.3 1.4 2027 60 0 1
24.90081761223127 -49.3 1.4 2027 60 0 1
30.000000000000004 -49.3 1.4 2027 60 0 1
35.099182387768735 -49.3 1.4 2027 60 0 1
40.19836477553746 -49.3 1.4 2027 60 0 1
45.2975471633062 -49.3 1.4 2027 60 0 1
50.39672955107493 -49.3 1.4 2027 60 0 1
55.49591193884366 -49.3 1.4 2027 60 0 1
60.5950943266124 -49.3 1.4 2027 60 0 1
-1.0954109116377642 -45.98 1.4 2027 60 0 1
3.688498459383431 -45.98 1.4 2027 60 0 1
8.472407830404626 -45.98 1.4 2027 60 0 1
13.25631720142582 -45.98 1.4 2027 60 0 1
18.040226572447015 -45.98 1.4 2027 60 0 1
22.82413594346821 -45.98 1.4 2027 60 0 1
27.608045314489402 -45.98 1.4 2027 60 0 1
32.3919546855106 -45.98 1.4 2027 60 0 1
37.17586405653179 -45.98 1.4 2027 60 0 1
41.95977342755299 -45.98 1.4 2027 60 0 1
46.743682798574184 -45.98 1.4 2027 60 0 1
51.52759216959537 -45.98 1.4 2027 60 0 1
56.31150154061657 -45.98 1.4 2027 60 0 1
61.095410911637764 -45.98 1.4 2027 60 0 1
0.6216692648952433 -42.66 1.4 2027 60 0 1
5.14141245491136 -42.66 1.4 2027 60 0 1
9.661155644927476 -42.66 1.4 2027 60 0 1
14.180898834943594 -42.66 1.4 2027 60 0 1
18.70064202495971 -42.66 1.4 2027 60 0 1
23.220385214975828 -42.66 1.4 2027 60 0 1
27.740128404991943 -42.66 1.4 2027 60 0 1
32.25987159500806 -42.66 1.4 2027 60 0 1
36.77961478502418 -42.66 1.4 2027 60 0 1
41.299357975040294 -42.66 1.4 2027 60 0 1
45.819101165056416 -42.66 1.4 2027 60 0 1
50.33884435507253 -42.66 1.4 2027 60 0 1
54.85858754508864 -42.66 1.4 2027 60 0 1
59.378330735104754 -42.66 1.4 2027 60 0 1
5.378166238533729 -39.339999999999996 1.4 2027 60 0 1
9.675138532111442 -39.339999999999996 1.4 2027 60 0 1
13.972110825689155 -39.339999999999996 1.4 2027 60 0 1
18.269083119266867 -39.339999999999996 1.4 2027 60 0 1
22.56605541284458 -39.339999999999996 1.4 2027 60 0 1
26.86302770642229 -39.339999999999996 1.4 2027 60 0 1
31.160000000000007 -39.339999999999996 1.4 2027 60 0 1
35.45697229357772 -39.339999999999996 1.4 2027 60 0 1
39.75394458715543 -39.339999999999996 1.4 2027 60 0 1
44.05091688073314 -39.339999999999996 1.4 2027 60 0 1
48.34788917431085 -39.339999999999996 1.4 2027 60 0 1
52.64486146788857 -39.339999999999996 1.4 2027 60 0 1
56.941833761466285 -39.339999999999996 1.4 2027 60 0 1
11.384160767524211 -36.019999999999996 1.4 2027 60 0 1
15.4924951734289 -36.019999999999996 1.4 2027 60 0 1
19.600829579333592 -36.019999999999996 1.4 2027 60 0 1
23.70916398523828 -36.019999999999996 1.4 2027 60 0 1
27.81749839114297 -36.019999999999996 1.4 2027 60 0 1
31.925832797047658 -36.019999999999996 1.4 2027 60 0 1
36.03416720295235 -36.019999999999996 1.4 2027 60 0 1
40.14250160885704 -36.019999999999996 1.4 2027 60 0 1
44.25083601476172 -36.019999999999996 1.4 2027 60 0 1
48.359170420666416 -36.019999999999996 1.4 2027 60 0 1
52.4675048265711 -36.019999999999996 1.4 2027 60 0 1
56.5758392324758 -36.019999999999996 1.4 2027 60 0 1
17.55845848341026 -32.699999999999996 1.4 2027 60 0 1
21.506766786728207 -32.699999999999996 1.4 2027 60 0 1
25.455075090046154 -32.699999999999996 1.4 2027 60 0 1
29.403383393364106 -32.699999999999996 1.4 2027 60 0 1
33.35169169668205 -32.699999999999996 1.4 2027 60 0 1
37.3 -32.699999999999996 1.4 2027 60 0 1
41.24830830331795 -32.699999999999996 1.4 2027 60 0 1
45.1966166066359 -32.699999999999996 1.4 2027 60 0 1
49.14492490995385 -32.699999999999996 1.4 2027 60 0 1
53.093233213271795 -32.699999999999996 1.4 2027 60 0 1
57.041541516589746 -32.699999999999996 1.4 2027 60 0 1
23.463116787633417 -29.38 1.4 2027 60 0 1
27.275757501492656 -29.38 1.4 2027 60 0 1
31.088398215351894 -29.38 1.4 2027 60 0 1
34.90103892921114 -29.38 1.4 2027 60 0 1
38.71367964307038 -29.38 1.4 2027 60 0 1
42.526320356929624 -29.38 1.4 2027 60 0 1
46.33896107078886 -29.38 1.4 2027 60 0 1
50.1516017846481 -29.38 1.4 2027 60 0 1
53.96424249850733 -29.38 1.4 2027 60 0 1
57.776883212366585 -29.38 1.4 2027 60 0 1
29.14791005593897 -26.060000000000002 1.4 2027 60 0 1
32.84593254195423 -26.060000000000002 1.4 2027 60 0 1
36.54395502796948 -26.060000000000002 1.4 2027 60 0 1
40.24197751398474 -26.060000000000002 1.4 2027 60 0 1
43.940000000000005 -26.060000000000002 1.4 2027 60 0 1
47.63802248601527 -26.060000000000002 1.4 2027 60 0 1
51.33604497203052 -26.060000000000002 1.4 2027 60 0 1
55.03406745804578 -26.060000000000002 1.4 2027 60 0 1
58.73208994406104 -26.060000000000002 1.4 2027 60 0 1
32.852550609799536 -22.74 1.4 2027 60 0 1
36.45441295734965 -22.74 1.4 2027 60 0 1
40.05627530489976 -22.74 1.4 2027 60 0 1
43.65813765244989 -22.74 1.4 2027 60 0 1
47.260000000000005 -22.74 1.4 2027 60 0 1
50.861862347550115 -22.74 1.4 2027 60 0 1
54.46372469510024 -22.74 1.4 2027 60 0 1
58.06558704265036 -22.74 1.4 2027 60 0 1
61.667449390200474 -22.74 1.4 2027 60 0 1
38.252558334251674 -19.419999999999998 1.4 2027 60 0 1
41.774684524465485 -19.419999999999998 1.4 2027 60 0 1
45.296810714679296 -19.419999999999998 1.4 2027 60 0 1
48.8189369048931 -19.419999999999998 1.4 2027 60 0 1
52.34106309510691 -19.419999999999998 1.4 2027 60 0 1
55.863189285320715 -19.419999999999998 1.4 2027 60 0 1
59.385315475534526 -19.419999999999998 1.4 2027 60 0 1
62.90744166574833 -19.419999999999998 1.4 2027 60 0 1
1.0599708966633525 -62.57999999999999 1.4 2027 70 0 1
8.294978172497515 -62.57999999999999 1.4 2027 70 0 1
15.529985448331677 -62.57999999999999 1.4 2027 70 0 1
22.76499272416584 -62.57999999999999 1.4 2027 70 0 1
30.0 -62.57999999999999 1.4 2027 70 0 1
37.235007275834164 -62.57999999999999 1.4 2027 70 0 1
44.47001455166833 -62.57999999999999 1.4 2027 70 0 1
51.70502182750249 -62.57999999999999 1.4 2027 70 0 1
58.940029103336656 -62.57999999999999 1.4 2027 70 0 1
0.6895171908579147 -59.26 1.4 2027 70 0 1
7.202957815111711 -59.26 1.4 2027 70 0 1
13.716398439365507 -59.26 1.4 2027 70 0 1
20.229839063619302 -59.26 1.4 2027 70 0 1
26.743279687873102 -59.26 1.4 2027 70 0 1
33.256720312126895 -59.26 1.4 2027 70 0 1
39.77016093638069 -59.26 1.4 2027 70 0 1
46.283601560634494 -59.26 1.4 2027 70 0 1
52.797042184888284 -59.26 1.4 2027 70 0 1
59.31048280914209 -59.26 1.4 2027 70 0 1
0.293322366487323 -55.94 1.4 2027 70 0 1
6.234657893189859 -55.94 1.4 2027 70 0 1
12.175993419892395 -55.94 1.4 2027 70 0 1
18.11732894659493 -55.94 1.4 2027 70 0 1
24.05866447329747 -55.94 1.4 2027 70 0 1
30.000000000000004 -55.94 1.4 2027 70 0 1
35.94133552670254 -55.94 1.4 2027 70 0 1
41.882671053405076 -55.94 1.4 2027 70 0 1
47.82400658010762 -55.94 1.4 2027 70 0 1
53.76534210681015 -55.94 1.4 2027 70 0 1
59.70667763351268 -55.94 1.4 2027 70 0 1
-0.13347774131321377 -52.61999999999999 1.4 2027 70 0 1
5.3453363934710065 -52.61999999999999 1.4 2027 70 0 1
10.824150528255227 -52.61999999999999 1.4 2027 70 0 1
16.302964663039447 -52.61999999999999 1.4 2027 70 0 1
21.78177879782367 -52.61999999999999 1.4 2027 70 0 1
27.26059293260789 -52.61999999999999 1.4 2027 70 0 1
32.73940706739211 -52.61999999999999 1.4 2027 70 0 1
38.21822120217633 -52.61999999999999 1.4 2027 70 0 1
43.69703533696055 -52.61999999999999 1.4 2027 70 0 1
49.175849471744776 -52.61999999999999 1.4 2027 70 0 1
54.65466360652899 -52.61999999999999 1.4 2027 70 0 1
60.133477741313214 -52.61999999999999 1.4 2027 70 0 1
-0.5950943266123883 -49.3 1.4 2027 70 0 1
4.504088061156343 -49.3 1.4 2027 70 0 1
9.603270448925073 -49.3 1.4 2027 70 0 1
14.702452836693807 -49.3 1.4 2027 70 0 1
19.801635224462537 -49.3 1.4 2027 70 0 1
24.90081761223127 -49.3 1.4 2027 70 0 1
30.000000000000004 -49.3 1.4 2027 70 0 1
35.099182387768735 -49.3 1.4 2027 70 0 1
40.19836477553746 -49.3 1.4 2027 70 0 1
45.2975471633062 -49.3 1.4 2027 70 0 1
50.39672955107493 -49.3 1.4 2027 70 0 1
55.49591193884366 -49.3 1.4 2027 70 0 1
60.5950943266124 -49.3 1.4 2027 70 0 1
-1.0954109116377642 -45.98 1.4 2027 70 0 1
3.688498459383431 -45.98 1.4 2027 70 0 1
8.472407830404626 -45.98 1.4 2027 70 0 1
13.25631720142582 -45.98 1.4 2027 70 0 1
18.040226572447015 -45.98 1.4 2027 70 0 1
22.82413594346821 -45.98 1.4 2027 70 0 1
27.608045314489402 -45.98 1.4 2027 70 0 1
32.3919546855106 -45.98 1.4 2027 70 0 1
37.17586405653179 -45.98 1.4 2027 70 0 1
41.95977342755299 -45.98 1.4 2027 70 0 1
46.743682798574184 -45.98 1.4 2027 70 0 1
51.52759216959537 -45.98 1.4 2027 70 0 1
56.31150154061657 -45.98 1.4 2027 70 0 1
61.095410911637764 -45.98 1.4 2027 70 0 1
0.6216692648952433 -42.66 1.4 2027 70 0 1
5.14141245491136 -42.66 1.4 2027 70 0 1
9.661155644927476 -42.66 1.4 2027 70 0 1
14.180898834943594 -42.66 1.4 2027 70 0 1
18.70064202495971 -42.66 1.4 2027 70 0 1
23.220385214975828 -42.66 1.4 2027 70 0 1
27.740128404991943 -42.66 1.4 2027 70 0 1
32.25987159500806 -42.66 1.4 2027 70 0 1
36.77961478502418 -42.66 1.4 2027 70 0 1
41.299357975040294 -42.66 1.4 2027 70 0 1
45.819101165056416 -42.66 1.4 2027 70 0 1
50.33884435507253 -42.66 1.4 2027 70 0 1
54.85858754508864 -42.66 1.4 2027 70 0 1
59.378330735104754 -42.66 1.4 2027 70 0 1
5.378166238533729 -39.339999999999996 1.4 2027 70 0 1
9.675138532111442 -39.339999999999996 1.4 2027 70 0 1
13.972110825689155 -39.339999999999996 1.4 2027 70 0 1
18.269083119266867 -39.339999999999996 1.4 2027 70 0 1
22.56605541284458 -39.339999999999996 1.4 2027 70 0 1
26.86302770642229 -39.339999999999996 1.4 2027 70 0 1
31.160000000000007 -39.339999999999996 1.4 2027 70 0 1
35.45697229357772 -39.339999999999996 1.4 2027 70 0 1
39.75394458715543 -39.339999999999996 1.4 2027 70 0 1
44.05091688073314 -39.339999999999996 1.4 2027 70 0 1
48.34788917431085 -39.339999999999996 1.4 2027 70 0 1
52.64486146788857 -39.339999999999996 1.4 2027 70 0 1
56.941833761466285 -39.339999999999996 1.4 2027 70 0 1
11.384160767524211 -36.019999999999996 1.4 2027 70 0 1
15.4924951734289 -36.019999999999996 1.4 2027 70 0 1
19.600829579333592 -36.019999999999996 1.4 2027 70 0 1
23.70916398523828 -36.019999999999996 1.4 2027 70 0 1
27.81749839114297 -36.019999999999996 1.4 2027 70 0 1
31.925832797047658 -36.019999999999996 1.4 2027 70 0 1
36.03416720295235 -36.019999999999996 1.4 2027 70 0 1
40.14250160885704 -36.019999999999996 1.4 2027 70 0 1
44.25083601476172 -36.019999999999996 1.4 2027 70 0 1
48.359170420666416 -36.019999999999996 1.4 2027 70 0 1
52.4675048265711 -36.019999999999996 1.4 2027 70 0 1
56.5758392324758 -36.019999999999996 1.4 2027 70 0 1
17.55845848341026 -32.699999999999996 1.4 2027 70 0 1
21.506766786728207 -32.699999999999996 1.4 2027 70 0 1
25.455075090046154 -32.699999999999996 1.4 2027 70 0 1
29.403383393364106 -32.699999999999996 1.4 2027 70 0 1
33.35169169668205 -32.699999999999996 1.4 2027 70 0 1
37.3 -32.699999999999996 1.4 2027 70 0 1
41.24830830331795 -32.699999999999996 1.4 2027 70 0 1
45.1966166066359 -32.699999999999996 1.4 2027 70 0 1
49.14492490995385 -32.699999999999996 1.4 2027 70 0 1
53.093233213271795 -32.699999999999996 1.4 2027 70 0 1
57.041541516589746 -32.699999999999996 1.4 2027 70 0 1
23.463116787633417 -29.38 1.4 2027 70 0 1
27.275757501492656 -29.38 1.4 2027 70 0 1
31.088398215351894 -29.38 1.4 2027 70 0 1
34.90103892921114 -29.38 1.4 2027 70 0 1
38.71367964307038 -29.38 1.4 2027 70 0 1
42.526320356929624 -29.38 1.4 2027 70 0 1
46.33896107078886 -29.38 1.4 2027 70 0 1
50.1516017846481 -29.38 1.4 2027 70 0 1
53.96424249850733 -29.38 1.4 2027 70 0 1
57.776883212366585 -29.38 1.4 2027 70 0 1
29.14791005593897 -26.060000000000002 1.4 2027 70 0 1
32.84593254195423 -26.060000000000002 1.4 2027 70 0 1
36.54395502796948 -26.060000000000002 1.4 2027 70 0 1
40.24197751398474 -26.060000000000002 1.4 2027 70 0 1
43.940000000000005 -26.060000000000002 1.4 2027 70 0 1
47.63802248601527 -26.060000000000002 1.4 2027 70 0 1
51.33604497203052 -26.060000000000002 1.4 2027 70 0 1
55.03406745804578 -26.060000000000002 1.4 2027 70 0 1
58.73208994406104 -26.060000000000002 1.4 2027 70 0 1
32.852550609799536 -22.74 1.4 2027 70 0 1
36.45441295734965 -22.74 1.4 2027 70 0 1
40.05627530489976 -22.74 1.4 2027 70 0 1
43.65813765244989 -22.74 1.4 2027 70 0 1
47.260000000000005 -22.74 1.4 2027 70 0 1
50.861862347550115 -22.74 1.4 2027 70 0 1
54.46372469510024 -22.74 1.4 2027 70 0 1
58.06558704265036 -22.74 1.4 2027 70 0 1
61.667449390200474 -22.74 1.4 2027 70 0 1
38.252558334251674 -19.419999999999998 1.4 2027 70 0 1
41.774684524465485 -19.419999999999998 1.4 2027 70 0 1
45.296810714679296 -19.419999999999998 1.4 2027 70 0 1
48.8189369048931 -19.419999999999998 1.4 2027 70 0 1
52.34106309510691 -19.419999999999998 1.4 2027 70 0 1
55.863189285320715 -19.419999999999998 1.4 2027 70 0 1
59.385315475534526 -19.419999999999998 1.4 2027 70 0 1
62.90744166574833 -19.419999999999998 1.4 2027 70 0 1
1.0599708966633525 -62.57999999999999 1.4 2027 80 0 1
8.294978172497515 -62.57999999999999 1.4 2027 80 0 1
15.529985448331677 -62.57999999999999 1.4 2027 80 0 1
22.76499272416584 -62.57999999999999 1.4 2027 80 0 1
30.0 -62.57999999999999 1.4 2027 80 0 1
37.235007275834164 -62.57999999999999 1.4 2027 80 0 1
44.47001455166833 -62.57999999999999 1.4 2027 80 0 1
51.70502182750249 -62.57999999999999 1.4 2027 80 0 1
58.940029103336656 -62.57999999999999 1.4 2027 80 0 1
0.6895171908579147 -59.26 1.4 2027 80 0 1
7.202957815111711 -59.26 1.4 2027 80 0 1
13.716398439365507 -59.26 1.4 2027 80 0 1
20.229839063619302 -59.26 1.4 2027 80 0 1
26.743279687873102 -59.26 1.4 2027 80 0 1
33.256720312126895 -59.26 1.4 2027 80 0 1
39.77016093638069 -59.26 1.4 2027 80 0 1
46.283601560634494 -59.26 1.4 2027 80 0 1
52.797042184888284 -59.26 1.4 2027 80 0 1
59.31048280914209 -59.26 1.4 2027 80 0 1
0.293322366487323 -55.94 1.4 2027 80 0 1
6.234657893189859 -55.94 1.4 2027 80 0 1
12.175993419892395 -55.94 1.4 2027 80 0 1
18.11732894659493 -55.94 1.4 2027 80 0 1
24.05866447329747 -55.94 1.4 2027 80 0 1
30.000000000000004 -55.94 1.4 2027 80 0 1
35.94133552670254 -55.94 1.4 2027 80 0 1
41.882671053405076 -55.94 1.4 2027 80 0 1
47.82400658010762 -55.94 1.4 2027 80 0 1
53.76534210681015 -55.94 1.4 2027 80 0 1
59.70667763351268 -55.94 1.4 2027 80 0 1
-0.13347774131321377 -52.61999999999999 1.4 2027 80 0 1
5.3453363934710065 -52.61999999999999 1.4 2027 80 0 1
10.824150528255227 -52.61999999999999 1.4 2027 80 0 1
16.302964663039447 -52.61999999999999 1.4 2027 80 0 1
21.78177879782367 -52.61999999999999 1.4 2027 80 0 1
27.26059293260789 -52.61999999999999 1.4 2027 80 0 1
32.73940706739211 -52.61999999999999 1.4 2027 80 0 1
38.21822120217633 -52.61999999999999 1.4 2027 80 0 1
43.69703533696055 -52.61999999999999 1.4 2027 80 0 1
49.175849471744776 -52.61999999999999 1.4 2027 80 0 1
54.65466360652899 -52.61999999999999 1.4 2027 80 0 1
60.133477741313214 -52.61999999999999 1.4 2027 80 0 1
-0.5950943266123883 -49.3 1.4 2027 80 0 1
4.504088061156343 -49.3 1.4 2027 80 0 1
9.603270448925073 -49.3 1.4 2027 80 0 1
14.702452836693807 -49.3 1.4 2027 80 0 1
19.801635224462537 -49.3 1.4 2027 80 0 1
24.90081761223127 -49.3 1.4 2027 80 0 1
30.000000000000004 -49.3 1.4 2027 80 0 1
35.099182387768735 -49.3 1.4 2027 80 0 1
40.19836477553746 -49.3 1.4 2027 80 0 1
45.2975471633062 -49.3 1.4 2027 80 0 1
50.39672955107493 -49.3 1.4 2027 80 0 1
55.49591193884366 -49.3 1.4 2027 80 0 1
60.5950943266124 -49.3 1.4 2027 80 0 1
-1.0954109116377642 -45.98 1.4 2027 80 0 1
3.688498459383431 -45.98 1.4 2027 80 0 1
8.472407830404626 -45.98 1.4 2027 80 0 1
13.25631720142582 -45.98 1.4 2027 80 0 1
18.040226572447015 -45.98 1.4 2027 80 0 1
22.82413594346821 -45.98 1.4 2027 80 0 1
27.608045314489402 -45.98 1.4 2027 80 0 1
32.3919546855106 -45.98 1.4 2027 80 0 1
37.17586405653179 -45.98 1.4 2027 80 0 1
41.95977342755299 -45.98 1.4 2027 80 0 1
46.743682798574184 -45.98 1.4 2027 80 0 1
51.52759216959537 -45.98 1.4 2027 80 0 1
56.31150154061657 -45.98 1.4 2027 80 0 1
61.095410911637764 -45.98 1.4 2027 80 0 1
0.6216692648952433 -42.66 1.4 2027 80 0 1
5.14141245491136 -42.66 1.4 2027 80 0 1
9.661155644927476 -42.66 1.4 2027 80 0 1
14.180898834943594 -42.66 1.4 2027 80 0 1
18.70064202495971 -42.66 1.4 2027 80 0 1
23.220385214975828 -42.66 1.4 2027 80 0 1
27.740128404991943 -42.66 1.4 2027 80 0 1
32.25987159500806 -42.66 1.4 2027 80 0 1
36.77961478502418 -42.66 1.4 2027 80 0 1
41.299357975040294 -42.66 1.4 2027 80 0 1
45.819101165056416 -42.66 1.4 2027 80 0 1
50.33884435507253 -42.66 1.4 2027 80 0 1
54.85858754508864 -42.66 1.4 2027 80 0 1
59.378330735104754 -42.66 1.4 2027 80 0 1
5.378166238533729 -39.339999999999996 1.4 2027 80 0 1
9.675138532111442 -39.339999999999996 1.4 2027 80 0 1
13.972110825689155 -39.339999999999996 1.4 2027 80 0 1
18.269083119266867 -39.339999999999996 1.4 2027 80 0 1
22.56605541284458 -39.339999999999996 1.4 2027 80 0 1
26.86302770642229 -39.339999999999996 1.4 2027 80 0 1
31.160000000000007 -39.339999999999996 1.4 2027 80 0 1
35.45697229357772 -39.339999999999996 1.4 2027 80 0 1
39.75394458715543 -39.339999999999996 1.4 2027 80 0 1
44.05091688073314 -39.339999999999996 1.4 2027 80 0 1
48.34788917431085 -39.339999999999996 1.4 2027 80 0 1
52.64486146788857 -39.339999999999996 1.4 2027 80 0 1
56.941833761466285 -39.339999999999996 1.4 2027 80 0 1
11.384160767524211 -36.019999999999996 1.4 2027 80 0 1
15.4924951734289 -36.019999999999996 1.4 2027 80 0 1
19.600829579333592 -36.019999999999996 1.4 2027 80 0 1
23.70916398523828 -36.019999999999996 1.4 2027 80 0 1
27.81749839114297 -36.019999999999996 1.4 2027 80 0 1
31.925832797047658 -36.019999999999996 1.4 2027 80 0 1
36.03416720295235 -36.019999999999996 1.4 2027 80 0 1
40.14250160885704 -36.019999999999996 1.4 2027 80 0 1
44.25083601476172 -36.019999999999996 1.4 2027 80 0 1
48.359170420666416 -36.019999999999996 1.4 2027 80 0 1
52.4675048265711 -36.019999999999996 1.4 2027 80 0 1
56.5758392324758 -36.019999999999996 1.4 2027 80 0 1
17.55845848341026 -32.699999999999996 1.4 2027 80 0 1
21.506766786728207 -32.699999999999996 1.4 2027 80 0 1
25.455075090046154 -32.699999999999996 1.4 2027 80 0 1
29.403383393364106 -32.699999999999996 1.4 2027 80 0 1
33.35169169668205 -32.699999999999996 1.4 2027 80 0 1
37.3 -32.699999999999996 1.4 2027 80 0 1
41.24830830331795 -32.699999999999996 1.4 2027 80 0 1
45.1966166066359 -32.699999999999996 1.4 2027 80 0 1
49.14492490995385 -32.699999999999996 1.4 2027 80 0 1
53.093233213271795 -32.699999999999996 1.4 2027 80 0 1
57.041541516589746 -32.699999999999996 1.4 2027 80 0 1
23.463116787633417 -29.38 1.4 2027 80 0 1
27.275757501492656 -29.38 1.4 2027 80 0 1
31.088398215351894 -29.38 1.4 2027 80 0 1
34.90103892921114 -29.38 1.4 2027 80 0 1
38.71367964307038 -29.38 1.4 2027 80 0 1
42.526320356929624 -29.38 1.4 2027 80 0 1
46.33896107078886 -29.38 1.4 2027 80 0 1
50.1516017846481 -29.38 1.4 2027 80 0 1
53.96424249850733 -29.38 1.4 2027 80 0 1
57.776883212366585 -29.38 1.4 2027 80 0 1
29.14791005593897 -26.060000000000002 1.4 2027 80 0 1
32.84593254195423 -26.060000000000002 1.4 2027 80 0 1
36.54395502796948 -26.060000000000002 1.4 2027 80 0 1
40.24197751398474 -26.060000000000002 1.4 2027 80 0 1
43.940000000000005 -26.060000000000002 1.4 2027 80 0 1
47.63802248601527 -26.060000000000002 1.4 2027 80 0 1
51.33604497203052 -26.060000000000002 1.4 2027 80 0 1
55.03406745804578 -26.060000000000002 1.4 2027 80 0 1
58.73208994406104 -26.060000000000002 1.4 2027 80 0 1
32.852550609799536 -22.74 1.4 2027 80 0 1
36.45441295734965 -22.74 1.4 2027 80 0 1
40.05627530489976 -22.74 1.4 2027 80 0 1
43.65813765244989 -22.74 1.4 2027 80 0 1
47.260000000000005 -22.74 1.4 2027 80 0 1
50.861862347550115 -22.74 1.4 2027 80 0 1
54.46372469510024 -22.74 1.4 2027 80 0 1
58.06558704265036 -22.74 1.4 2027 80 0 1
61.667449390200474 -22.74 1.4 2027 80 0 1
38.252558334251674 -19.419999999999998 1.4 2027 80 0 1
41.774684524465485 -19.419999999999998 1.4 2027 80 0 1
45.296810714679296 -19.419999999999998 1.4 2027 80 0 1
48.8189369048931 -19.419999999999998 1.4 2027 80 0 1
52.34106309510691 -19.419999999999998 1.4 2027 80 0 1
55.863189285320715 -19.419999999999998 1.4 2027 80 0 1
59.385315475534526 -19.419999999999998 1.4 2027 80 0 1
62.90744166574833 -19.419999999999998 1.4 2027 80 0 1
1.0599708966633525 -62.57999999999999 1.4 2027 90 0 1
8.294978172497515 -62.57999999999999 1.4 2027 90 0 1
15.529985448331677 -62.57999999999999 1.4 2027 90 0 1
22.76499272416584 -62.57999999999999 1.4 2027 90 0 1
30.0 -62.57999999999999 1.4 2027 90 0 1
37.235007275834164 -62.57999999999999 1.4 2027 90 0 1
44.47001455166833 -62.57999999999999 1.4 2027 90 0 1
51.70502182750249 -62.57999999999999 1.4 2027 90 0 1
58.940029103336656 -62.57999999999999 1.4 2027 90 0 1
0.6895171908579147 -59.26 1.4 2027 90 0 1
7.202957815111711 -59.26 1.4 2027 90 0 1
13.716398439365507 -59.26 1.4 2027 90 0 1
20.229839063619302 -59.26 1.4 2027 90 0 1
26.743279687873102 -59.26 1.4 2027 90 0 1
33.256720312126895 -59.26 1.4 2027 90 0 1
39.77016093638069 -59.26 1.4 2027 90 0 1
46.283601560634494 -59.26 1.4 2027 90 0 1
52.797042184888284 -59.26 1.4 2027 90 0 1
59.31048280914209 -59.26 1.4 2027 90 0 1
0.293322366487323 -55.94 1.4 2027 90 0 1
6.234657893189859 -55.94 1.4 2027 90 0 1
12.175993419892395 -55.94 1.4 2027 90 0 1
18.11732894659493 -55.94 1.4 2027 90 0 1
24.05866447329747 -55.94 1.4 2027 90 0 1
30.000000000000004 -55.94 1.4 2027 90 0 1
35.94133552670254 -55.94 1.4 2027 90 0 1
41.882671053405076 -55.94 1.4 2027 90 0 1
47.82400658010762 -55.94 1.4 2027 90 0 1
53.76534210681015 -55.94 1.4 2027 90 0 1
59.70667763351268 -55.94 1.4 2027 90 0 1
-0.13347774131321377 -52.61999999999999 1.4 2027 90 0 1
5.3453363934710065 -52.61999999999999 1.4 2027 90 0 1
10.824150528255227 -52.61999999999999 1.4 2027 90 0 1
16.302964663039447 -52.61999999999999 1.4 2027 90 0 1
21.78177879782367 -52.61999999999999 1.4 2027 90 0 1
27.26059293260789 -52.61999999999999 1.4 2027 90 0 1
32.73940706739211 -52.61999999999999 1.4 2027 90 0 1
38.21822120217633 -52.61999999999999 1.4 2027 90 0 1
43.69703533696055 -52.61999999999999 1.4 2027 90 0 1
49.175849471744776 -52.61999999999999 1.4 2027 90 0 1
54.65466360652899 -52.61999999999999 1.4 2027 90 0 1
60.133477741313214 -52.61999999999999 1.4 2027 90 0 1
-0.5950943266123883 -49.3 1.4 2027 90 0 1
4.504088061156343 -49.3 1.4 2027 90 0 1
9.603270448925073 -49.3 1.4 2027 90 0 1
14.702452836693807 -49.3 1.4 2027 90 0 1
19.801635224462537 -49.3 1.4 2027 90 0 1
24.90081761223127 -49.3 1.4 2027 90 0 1
30.000000000000004 -49.3 1.4 2027 90 0 1
35.099182387768735 -49.3 1.4 2027 90 0 1
40.19836477553746 -49.3 1.4 2027 90 0 1
45.2975471633062 -49.3 1.4 2027 90 0 1
50.39672955107493 -49.3 1.4 2027 90 0 1
55.49591193884366 -49.3 1.4 2027 90 0 1
60.5950943266124 -49.3 1.4 2027 90 0 1
-1.0954109116377642 -45.98 1.4 2027 90 0 1
3.688498459383431 -45.98 1.4 2027 90 0 1
8.472407830404626 -45.98 1.4 2027 90 0 1
13.25631720142582 -45.98 1.4 2027 90 0 1
18.040226572447015 -45.98 1.4 2027 90 0 1
22.82413594346821 -45.98 1.4 2027 90 0 1
27.608045314489402 -45.98 1.4 2027 90 0 1
32.3919546855106 -45.98 1.4 2027 90 0 1
37.17586405653179 -45.98 1.4 2027 90 0 1
41.95977342755299 -45.98 1.4 2027 90 0 1
46.743682798574184 -45.98 1.4 2027 90 0 1
51.52759216959537 -45.98 1.4 2027 90 0 1
56.31150154061657 -45.98 1.4 2027 90 0 1
61.095410911637764 -45.98 1.4 2027 90 0 1
0.6216692648952433 -42.66 1.4 2027 90 0 1
5.14141245491136 -42.66 1.4 2027 90 0 1
9.661155644927476 -42.66 1.4 2027 90 0 1
14.180898834943594 -42.66 1.4 2027 90 0 1
18.70064202495971 -42.66 1.4 2027 90 0 1
23.220385214975828 -42.66 1.4 2027 90 0 1
27.740128404991943 -42.66 1.4 2027 90 0 1
32.25987159500806 -42.66 1.4 2027 90 0 1
36.77961478502418 -42.66 1.4 2027 90 0 1
41.299357975040294 -42.66 1.4 2027 90 0 1
45.819101165056416 -42.66 1.4 2027 90 0 1
50.33884435507253 -42.66 1.4 2027 90 0 1
54.85858754508864 -42.66 1.4 2027 90 0 1
59.378330735104754 -42.66 1.4 2027 90 0 1
5.378166238533729 -39.339999999999996 1.4 2027 90 0 1
9.675138532111442 -39.339999999999996 1.4 2027 90 0 1
13.972110825689155 -39.339999999999996 1.4 2027 90 0 1
18.269083119266867 -39.339999999999996 1.4 2027 90 0 1
22.56605541284458 -39.339999999999996 1.4 2027 90 0 1
26.86302770642229 -39.339999999999996 1.4 2027 90 0 1
31.160000000000007 -39.339999999999996 1.4 2027 90 0 1
35.45697229357772 -39.339999999999996 1.4 2027 90 0 1
39.75394458715543 -39.339999999999996 1.4 2027 90 0 1
44.05091688073314 -39.339999999999996 1.4 2027 90 0 1
48.34788917431085 -39.339999999999996 1.4 2027 90 0 1
52.64486146788857 -39.339999999999996 1.4 2027 90 0 1
56.941833761466285 -39.339999999999996 1.4 2027 90 0 1
11.384160767524211 -36.019999999999996 1.4 2027 90 0 1
15.4924951734289 -36.019999999999996 1.4 2027 90 0 1
19.600829579333592 -36.019999999999996 1.4 2027 90 0 1
23.70916398523828 -36.019999999999996 1.4 2027 90 0 1
27.81749839114297 -36.019999999999996 1.4 2027 90 0 1
31.925832797047658 -36.019999999999996 1.4 2027 90 0 1
36.03416720295235 -36.019999999999996 1.4 2027 90 0 1
40.14250160885704 -36.019999999999996 1.4 2027 90 0 1
44.25083601476172 -36.019999999999996 1.4 2027 90 0 1
48.359170420666416 -36.019999999999996 1.4 2027 90 0 1
52.4675048265711 -36.019999999999996 1.4 2027 90 0 1
56.5758392324758 -36.019999999999996 1.4 2027 90 0 1
17.55845848341026 -32.699999999999996 1.4 2027 90 0 1
21.506766786728207 -32.699999999999996 1.4 2027 90 0 1
25.455075090046154 -32.699999999999996 1.4 2027 90 0 1
29.403383393364106 -32.699999999999996 1.4 2027 90 0 1
33.35169169668205 -32.699999999999996 1.4 2027 90 0 1
37.3 -32.699999999999996 1.4 2027 90 0 1
41.24830830331795 -32.699999999999996 1.4 2027 90 0 1
45.1966166066359 -32.699999999999996 1.4 2027 90 0 1
49.14492490995385 -32.699999999999996 1.4 2027 90 0 1
53.093233213271795 -32.699999999999996 1.4 2027 90 0 1
57.041541516589746 -32.699999999999996 1.4 2027 90 0 1
23.463116787633417 -29.38 1.4 2027 90 0 1
27.275757501492656 -29.38 1.4 2027 90 0 1
31.088398215351894 -29.38 1.4 2027 90 0 1
34.90103892921114 -29.38 1.4 2027 90 0 1
38.71367964307038 -29.38 1.4 2027 90 0 1
42.526320356929624 -29.38 1.4 2027 90 0 1
46.33896107078886 -29.38 1.4 2027 90 0 1
50.1516017846481 -29.38 1.4 2027 90 0 1
53.96424249850733 -29.38 1.4 2027 90 0 1
57.776883212366585 -29.38 1.4 2027 90 0 1
29.14791005593897 -26.060000000000002 1.4 2027 90 0 1
32.84593254195423 -26.060000000000002 1.4 2027 90 0 1
36.54395502796948 -26.060000000000002 1.4 2027 90 0 1
40.24197751398474 -26.060000000000002 1.4 2027 90 0 1
43.940000000000005 -26.060000000000002 1.4 2027 90 0 1
47.63802248601527 -26.060000000000002 1.4 2027 90 0 1
51.33604497203052 -26.060000000000002 1.4 2027 90 0 1
55.03406745804578 -26.060000000000002 1.4 2027 90 0 1
58.73208994406104 -26.060000000000002 1.4 2027 90 0 1
32.852550609799536 -22.74 1.4 2027 90 0 1
36.45441295734965 -22.74 1.4 2027 90 0 1
40.05627530489976 -22.74 1.4 2027 90 0 1
43.65813765244989 -22.74 1.4 2027 90 0 1
47.260000000000005 -22.74 1.4 2027 90 0 1
50.861862347550115 -22.74 1.4 2027 90 0 1
54.46372469510024 -22.74 1.4 2027 90 0 1
58.06558704265036 -22.74 1.4 2027 90 0 1
61.667449390200474 -22.74 1.4 2027 90 0 1
38.252558334251674 -19.419999999999998 1.4 2027 90 0 1
41.774684524465485 -19.419999999999998 1.4 2027 90 0 1
45.296810714679296 -19.419999999999998 1.4 2027 90 0 1
48.8189369048931 -19.419999999999998 1.4 2027 90 0 1
52.34106309510691 -19.419999999999998 1.4 2027 90 0 1
55.863189285320715 -19.419999999999998 1.4 2027 90 0 1
59.385315475534526 -19.419999999999998 1.4 2027 90 0 1
62.90744166574833 -19.419999999999998 1.4 2027 90 0 1
1.0599708966633525 -62.57999999999999 1.4 2027 100 0 1
8.294978172497515 -62.57999999999999 1.4 2027 100 0 1
15.529985448331677 -62.57999999999999 1.4 2027 100 0 1
22.76499272416584 -62.57999999999999 1.4 2027 100 0 1
30.0 -62.57999999999999 1.4 2027 100 0 1
37.235007275834164 -62.57999999999999 1.4 2027 100 0 1
44.47001455166833 -62.57999999999999 1.4 2027 100 0 1
51.70502182750249 -62.57999999999999 1.4 2027 100 0 1
58.940029103336656 -62.57999999999999 1.4 2027 100 0 1
0.6895171908579147 -59.26 1.4 2027 100 0 1
7.202957815111711 -59.26 1.4 2027 100 0 1
13.716398439365507 -59.26 1.4 2027 100 0 1
20.229839063619302 -59.26 1.4 2027 100 0 1
26.743279687873102 -59.26 1.4 2027 100 0 1
33.256720312126895 -59.26 1.4 2027 100 0 1
39.77016093638069 -59.26 1.4 2027 100 0 1
46.283601560634494 -59.26 1.4 2027 100 0 1
52.797042184888284 -59.26 1.4 2027 100 0 1
59.31048280914209 -59.26 1.4 2027 100 0 1
0.293322366487323 -55.94 1.4 2027 100 0 1
6.234657893189859 -55.94 1.4 2027 100 0 1
12.175993419892395 -55.94 1.4 2027 100 0 1
18.11732894659493 -55.94 1.4 2027 100 0 1
24.05866447329747 -55.94 1.4 2027 100 0 1
30.000000000000004 -55.94 1.4 2027 100 0 1
35.94133552670254 -55.94 1.4 2027 100 0 1
41.882671053405076 -55.94 1.4 2027 100 0 1
47.82400658010762 -55.94 1.4 2027 100 0 1
53.76534210681015 -55.94 1.4 2027 100 0 1
59.70667763351268 -55.94 1.4 2027 100 0 1
-0.13347774131321377 -52.61999999999999 1.4 2027 100 0 1
5.3453363934710065 -52.61999999999999 1.4 2027 100 0 1
10.824150528255227 -52.61999999999999 1.4 2027 100 0 1
16.302964663039447 -52.61999999999999 1.4 2027 100 0 1
21.78177879782367 -52.61999999999999 1.4 2027 100 0 1
27.26059293260789 -52.61999999999999 1.4 2027 100 0 1
32.73940706739211 -52.61999999999999 1.4 2027 100 0 1
38.21822120217633 -52.61999999999999 1.4 2027 100 0 1
43.69703533696055 -52.61999999999999 1.4 2027 100 0 1
49.175849471744776 -52.61999999999999 1.4 2027 100 0 1
54.65466360652899 -52.61999999999999 1.4 2027 100 0 1
60.133477741313214 -52.61999999999999 1.4 2027 100 0 1
-0.5950943266123883 -49.3 1.4 2027 100 0 1
4.504088061156343 -49.3 1.4 2027 100 0 1
9.603270448925073 -49.3 1.4 2027 100 0 1
14.702452836693807 -49.3 1.4 2027 100 0 1
19.801635224462537 -49.3 1.4 2027 100 0 1
24.90081761223127 -49.3 1.4 2027 100 0 1
30.000000000000004 -49.3 1.4 2027 100 0 1
35.099182387768735 -49.3 1.4 2027 100 0 1
40.19836477553746 -49.3 1.4 2027 100 0 1
45.2975471633062 -49.3 1.4 2027 100 0 1
50.39672955107493 -49.3 1.4 2027 100 0 1
55.49591193884366 -49.3 1.4 2027 100 0 1
60.5950943266124 -49.3 1.4 2027 100 0 1
-1.0954109116377642 -45.98 1.4 2027 100 0 1
3.688498459383431 -45.98 1.4 2027 100 0 1
8.472407830404626 -45.98 1.4 2027 100 0 1
13.25631720142582 -45.98 1.4 2027 100 0 1
18.040226572447015 -45.98 1.4 2027 100 0 1
22.82413594346821 -45.98 1.4 2027 100 0 1
27.608045314489402 -45.98 1.4 2027 100 0 1
32.3919546855106 -45.98 1.4 2027 100 0 1
37.17586405653179 -45.98 1.4 2027 100 0 1
41.95977342755299 -45.98 1.4 2027 100 0 1
46.743682798574184 -45.98 1.4 2027 100 0 1
51.52759216959537 -45.98 1.4 2027 100 0 1
56.31150154061657 -45.98 1.4 2027 100 0 1
61.095410911637764 -45.98 1.4 2027 100 0 1
0.6216692648952433 -42.66 1.4 2027 100 0 1
5.14141245491136 -42.66 1.4 2027 100 0 1
9.661155644927476 -42.66 1.4 2027 100 0 1
14.180898834943594 -42.66 1.4 2027 100 0 1
18.70064202495971 -42.66 1.4 2027 100 0 1
23.220385214975828 -42.66 1.4 2027 100 0 1
27.740128404991943 -42.66 1.4 2027 100 0 1
32.25987159500806 -42.66 1.4 2027 100 0 1
36.77961478502418 -42.66 1.4 2027 100 0 1
41.299357975040294 -42.66 1.4 2027 100 0 1
45.819101165056416 -42.66 1.4 2027 100 0 1
50.33884435507253 -42.66 1.4 2027 100 0 1
54.85858754508864 -42.66 1.4 2027 100 0 1
59.378330735104754 -42.66 1.4 2027 100 0 1
5.378166238533729 -39.339999999999996 1.4 2027 100 0 1
9.675138532111442 -39.339999999999996 1.4 2027 100 0 1
13.972110825689155 -39.339999999999996 1.4 2027 100 0 1
18.269083119266867 -39.339999999999996 1.4 2027 100 0 1
22.56605541284458 -39.339999999999996 1.4 2027 100 0 1
26.86302770642229 -39.339999999999996 1.4 2027 100 0 1
31.160000000000007 -39.339999999999996 1.4 2027 100 0 1
35.45697229357772 -39.339999999999996 1.4 2027 100 0 1
39.75394458715543 -39.339999999999996 1.4 2027 100 0 1
44.05091688073314 -39.339999999999996 1.4 2027 100 0 1
48.34788917431085 -39.339999999999996 1.4 2027 100 0 1
52.64486146788857 -39.339999999999996 1.4 2027 100 0 1
56.941833761466285 -39.339999999999996 1.4 2027 100 0 1
11.384160767524211 -36.019999999999996 1.4 2027 100 0 1
15.4924951734289 -36.019999999999996 1.4 2027 100 0 1
19.600829579333592 -36.019999999999996 1.4 2027 100 0 1
23.70916398523828 -36.019999999999996 1.4 2027 100 0 1
27.81749839114297 -36.019999999999996 1.4 2027 100 0 1
31.925832797047658 -36.019999999999996 1.4 2027 100 0 1
36.03416720295235 -36.019999999999996 1.4 2027 100 0 1
40.14250160885704 -36.019999999999996 1.4 2027 100 0 1
44.25083601476172 -36.019999999999996 1.4 2027 100 0 1
48.359170420666416 -36.019999999999996 1.4 2027 100 0 1
52.4675048265711 -36.019999999999996 1.4 2027 100 0 1
56.5758392324758 -36.019999999999996 1.4 2027 100 0 1
17.55845848341026 -32.699999999999996 1.4 2027 100 0 1
21.506766786728207 -32.699999999999996 1.4 2027 100 0 1
25.455075090046154 -32.699999999999996 1.4 2027 100 0 1
29.403383393364106 -32.699999999999996 1.4 2027 100 0 1
33.35169169668205 -32.699999999999996 1.4 2027 100 0 1
37.3 -32.699999999999996 1.4 2027 100 0 1
41.24830830331795 -32.699999999999996 1.4 2027 100 0 1
45.1966166066359 -32.699999999999996 1.4 2027 100 0 1
49.14492490995385 -32.699999999999996 1.4 2027 100 0 1
53.093233213271795 -32.699999999999996 1.4 2027 100 0 1
57.041541516589746 -32.699999999999996 1.4 2027 100 0 1
23.463116787633417 -29.38 1.4 2027 100 0 1
27.275757501492656 -29.38 1.4 2027 100 0 1
31.088398215351894 -29.38 1.4 2027 100 0 1
34.90103892921114 -29.38 1.4 2027 100 0 1
38.71367964307038 -29.38 1.4 2027 100 0 1
42.526320356929624 -29.38 1.4 2027 100 0 1
46.33896107078886 -29.38 1.4 2027 100 0 1
50.1516017846481 -29.38 1.4 2027 100 0 1
53.96424249850733 -29.38 1.4 2027 100 0 1
57.776883212366585 -29.38 1.4 2027 100 0 1
29.14791005593897 -26.060000000000002 1.4 2027 100 0 1
32.84593254195423 -26.060000000000002 1.4 2027 100 0 1
36.54395502796948 -26.060000000000002 1.4 2027 100 0 1
40.24197751398474 -26.060000000000002 1.4 2027 100 0 1
43.940000000000005 -26.060000000000002 1.4 2027 100 0 1
47.63802248601527 -26.060000000000002 1.4 2027 100 0 1
51.33604497203052 -26.060000000000002 1.4 2027 100 0 1
55.03406745804578 -26.060000000000002 1.4 2027 100 0 1
58.73208994406104 -26.060000000000002 1.4 2027 100 0 1
32.852550609799536 -22.74 1.4 2027 100 0 1
36.45441295734965 -22.74 1.4 2027 100 0 1
40.05627530489976 -22.74 1.4 2027 100 0 1
43.65813765244989 -22.74 1.4 2027 100 0 1
47.260000000000005 -22.74 1.4 2027 100 0 1
50.861862347550115 -22.74 1.4 2027 100 0 1
54.46372469510024 -22.74 1.4 2027 100 0 1
58.06558704265036 -22.74 1.4 2027 100 0 1
61.667449390200474 -22.74 1.4 2027 100 0 1
38.252558334251674 -19.419999999999998 1.4 2027 100 0 1
41.774684524465485 -19.419999999999998 1.4 2027 100 0 1
45.296810714679296 -19.419999999999998 1.4 2027 100 0 1
48.8189369048931 -19.419999999999998 1.4 2027 100 0 1
52.34106309510691 -19.419999999999998 1.4 2027 100 0 1
55.863189285320715 -19.419999999999998 1.4 2027 100 0 1
59.385315475534526 -19.419999999999998 1.4 2027 100 0 1
62.90744166574833 -19.419999999999998 1.4 2027 100 0 1
1.0599708966633525 -62.57999999999999 1.4 2027 110 0 1
8.294978172497515 -62.57999999999999 1.4 2027 110 0 1
15.529985448331677 -62.57999999999999 1.4 2027 110 0 1
22.76499272416584 -62.57999999999999 1.4 2027 110 0 1
30.0 -62.57999999999999 1.4 2027 110 0 1
37.235007275834164 -62.57999999999999 1.4 2027 110 0 1
44.47001455166833 -62.57999999999999 1.4 2027 110 0 1
51.70502182750249 -62.57999999999999 1.4 2027 110 0 1
58.940029103336656 -62.57999999999999 1.4 2027 110 0 1
0.6895171908579147 -59.26 1.4 2027 110 0 1
7.202957815111711 -59.26 1.4 2027 110 0 1
13.716398439365507 -59.26 1.4 2027 110 0 1
20.229839063619302 -59.26 1.4 2027 110 0 1
26.743279687873102 -59.26 1.4 2027 110 0 1
33.256720312126895 -59.26 1.4 2027 110 0 1
39.77016093638069 -59.26 1.4 2027 110 0 1
46.283601560634494 -59.26 1.4 2027 110 0 1
52.797042184888284 -59.26 1.4 2027 110 0 1
59.31048280914209 -59.26 1.4 2027 110 0 1
0.293322366487323 -55.94 1.4 2027 110 0 1
6.234657893189859 -55.94 1.4 2027 110 0 1
12.175993419892395 -55.94 1.4 2027 110 0 1
18.11732894659493 -55.94 1.4 2027 110 0 1
24.05866447329747 -55.94 1.4 2027 110 0 1
30.000000000000004 -55.94 1.4 2027 110 0 1
35.94133552670254 -55.94 1.4 2027 110 0 1
41.882671053405076 -55.94 1.4 2027 110 0 1
47.82400658010762 -55.94 1.4 2027 110 0 1
53.76534210681015 -55.94 1.4 2027 110 0 1
59.70667763351268 -55.94 1.4 2027 110 0 1
-0.13347774131321377 -52.61999999999999 1.4 2027 110 0 1
5.3453363934710065 -52.61999999999999 1.4 2027 110 0 1
10.824150528255227 -52.61999999999999 1.4 2027 110 0 1
16.302964663039447 -52.61999999999999 1.4 2027 110 0 1
21.78177879782367 -52.61999999999999 1.4 2027 110 0 1
27.26059293260789 -52.61999999999999 1.4 2027 110 0 1
32.73940706739211 -52.61999999999999 1.4 2027 110 0 1
38.21822120217633 -52.61999999999999 1.4 2027 110 0 1
43.69703533696055 -52.61999999999999 1.4 2027 110 0 1
49.175849471744776 -52.61999999999999 1.4 2027 110 0 1
54.65466360652899 -52.61999999999999 1.4 2027 110 0 1
60.133477741313214 -52.61999999999999 1.4 2027 110 0 1
-0.5950943266123883 -49.3 1.4 2027 110 0 1
4.504088061156343 -49.3 1.4 2027 110 0 1
9.603270448925073 -49.3 1.4 2027 110 0 1
14.702452836693807 -49.3 1.4 2027 110 0 1
19.801635224462537 -49.3 1.4 2027 110 0 1
24.90081761223127 -49.3 1.4 2027 110 0 1
30.000000000000004 -49.3 1.4 2027 110 0 1
35.099182387768735 -49.3 1.4 2027 110 0 1
40.19836477553746 -49.3 1.4 2027 110 0 1
45.2975471633062 -49.3 1.4 2027 110 0 1
50.39672955107493 -49.3 1.4 2027 110 0 1
55.49591193884366 -49.3 1.4 2027 110 0 1
60.5950943266124 -49.3 1.4 2027 110 0 1
-1.0954109116377642 -45.98 1.4 2027 110 0 1
3.688498459383431 -45.98 1.4 2027 110 0 1
8.472407830404626 -45.98 1.4 2027 110 0 1
13.25631720142582 -45.98 1.4 2027 110 0 1
18.040226572447015 -45.98 1.4 2027 110 0 1
22.82413594346821 -45.98 1.4 2027 110 0 1
27.608045314489402 -45.98 1.4 2027 110 0 1
32.3919546855106 -45.98 1.4 2027 110 0 1
37.17586405653179 -45.98 1.4 2027 110 0 1
41.95977342755299 -45.98 1.4 2027 110 0 1
46.743682798574184 -45.98 1.4 2027 110 0 1
51.52759216959537 -45.98 1.4 2027 110 0 1
56.31150154061657 -45.98 1.4 2027 110 0 1
61.095410911637764 -45.98 1.4 2027 110 0 1
0.6216692648952433 -42.66 1.4 2027 110 0 1
5.14141245491136 -42.66 1.4 2027 110 0 1
9.661155644927476 -42.66 1.4 2027 110 0 1
14.180898834943594 -42.66 1.4 2027 110 0 1
18.70064202495971 -42.66 1.4 2027 110 0 1
23.220385214975828 -42.66 1.4 2027 110 0 1
27.740128404991943 -42.66 1.4 2027 110 0 1
32.25987159500806 -42.66 1.4 2027 110 0 1
36.77961478502418 -42.66 1.4 2027 110 0 1
41.299357975040294 -42.66 1.4 2027 110 0 1
45.819101165056416 -42.66 1.4 2027 110 0 1
50.33884435507253 -42.66 1.4 2027 110 0 1
54.85858754508864 -42.66 1.4 2027 110 0 1
59.378330735104754 -42.66 1.4 2027 110 0 1
5.378166238533729 -39.339999999999996 1.4 2027 110 0 1
9.675138532111442 -39.339999999999996 1.4 2027 110 0 1
13.972110825689155 -39.339999999999996 1.4 2027 110 0 1
18.269083119266867 -39.339999999999996 1.4 2027 110 0 1
22.56605541284458 -39.339999999999996 1.4 2027 110 0 1
26.86302770642229 -39.339999999999996 1.4 2027 110 0 1
31.160000000000007 -39.339999999999996 1.4 2027 110 0 1
35.45697229357772 -39.339999999999996 1.4 2027 110 0 1
39.75394458715543 -39.339999999999996 1.4 2027 110 0 1
44.05091688073314 -39.339999999999996 1.4 2027 110 0 1
48.34788917431085 -39.339999999999996 1.4 2027 110 0 1
52.64486146788857 -39.339999999999996 1.4 2027 110 0 1
56.941833761466285 -39.339999999999996 1.4 2027 110 0 1
11.384160767524211 -36.019999999999996 1.4 2027 110 0 1
15.4924951734289 -36.019999999999996 1.4 2027 110 0 1
19.600829579333592 -36.019999999999996 1.4 2027 110 0 1
23.70916398523828 -36.019999999999996 1.4 2027 110 0 1
27.81749839114297 -36.019999999999996 1.4 2027 110 0 1
31.925832797047658 -36.019999999999996 1.4 2027 110 0 1
36.03416720295235 -36.019999999999996 1.4 2027 110 0 1
40.14250160885704 -36.019999999999996 1.4 2027 110 0 1
44.25083601476172 -36.019999999999996 1.4 2027 110 0 1
48.359170420666416 -36.019999999999996 1.4 2027 110 0 1
52.4675048265711 -36.019999999999996 1.4 2027 110 0 1
56.5758392324758 -36.019999999999996 1.4 2027 110 0 1
17.55845848341026 -32.699999999999996 1.4 2027 110 0 1
21.506766786728207 -32.699999999999996 1.4 2027 110 0 1
25.455075090046154 -32.699999999999996 1.4 2027 110 0 1
29.403383393364106 -32.699999999999996 1.4 2027 110 0 1
33.35169169668205 -32.699999999999996 1.4 2027 110 0 1
37.3 -32.699999999999996 1.4 2027 110 0 1
41.24830830331795 -32.699999999999996 1.4 2027 110 0 1
45.1966166066359 -32.699999999999996 1.4 2027 110 0 1
49.14492490995385 -32.699999999999996 1.4 2027 110 0 1
53.093233213271795 -32.699999999999996 1.4 2027 110 0 1
57.041541516589746 -32.699999999999996 1.4 2027 110 0 1
23.463116787633417 -29.38 1.4 2027 110 0 1
27.275757501492656 -29.38 1.4 2027 110 0 1
31.088398215351894 -29.38 1.4 2027 110 0 1
34.90103892921114 -29.38 1.4 2027 110 0 1
38.71367964307038 -29.38 1.4 2027 110 0 1
42.526320356929624 -29.38 1.4 2027 110 0 1
46.33896107078886 -29.38 1.4 2027 110 0 1
50.1516017846481 -29.38 1.4 2027 110 0 1
53.96424249850733 -29.38 1.4 2027 110 0 1
57.776883212366585 -29.38 1.4 2027 110 0 1
29.14791005593897 -26.060000000000002 1.4 2027 110 0 1
32.84593254195423 -26.060000000000002 1.4 2027 110 0 1
36.54395502796948 -26.060000000000002 1.4 2027 110 0 1
40.24197751398474 -26.060000000000002 1.4 2027 110 0 1
43.940000000000005 -26.060000000000002 1.4 2027 110 0 1
47.63802248601527 -26.060000000000002 1.4 2027 110 0 1
51.33604497203052 -26.060000000000002 1.4 2027 110 0 1
55.03406745804578 -26.060000000000002 1.4 2027 110 0 1
58.73208994406104 -26.060000000000002 1.4 2027 110 0 1
32.852550609799536 -22.74 1.4 2027 110 0 1
36.45441295734965 -22.74 1.4 2027 110 0 1
40.05627530489976 -22.74 1.4 2027 110 0 1
43.65813765244989 -22.74 1.4 2027 110 0 1
47.260000000000005 -22.74 1.4 2027 110 0 1
50.861862347550115 -22.74 1.4 2027 110 0 1
54.46372469510024 -22.74 1.4 2027 110 0 1
58.06558704265036 -22.74 1.4 2027 110 0 1
61.667449390200474 -22.74 1.4 2027 110 0 1
38.252558334251674 -19.419999999999998 1.4 2027 110 0 1
41.774684524465485 -19.419999999999998 1.4 2027 110 0 1
45.296810714679296 -19.419999999999998 1.4 2027 110 0 1
48.8189369048931 -19.419999999999998 1.4 2027 110 0 1
52.34106309510691 -19.419999999999998 1.4 2027 110 0 1
55.863189285320715 -19.419999999999998 1.4 2027 110 0 1
59.385315475534526 -19.419999999999998 1.4 2027 110 0 1
62.90744166574833 -19.419999999999998 1.4 2027 110 0 1
1.0599708966633525 -62.57999999999999 1.4 2027 120 0 1
8.294978172497515 -62.57999999999999 1.4 2027 120 0 1
15.529985448331677 -62.57999999999999 1.4 2027 120 0 1
22.76499272416584 -62.57999999999999 1.4 2027 120 0 1
30.0 -62.57999999999999 1.4 2027 120 0 1
37.235007275834164 -62.57999999999999 1.4 2027 120 0 1
44.47001455166833 -62.57999999999999 1.4 2027 120 0 1
51.70502182750249 -62.57999999999999 1.4 2027 120 0 1
58.940029103336656 -62.57999999999999 1.4 2027 120 0 1
0.6895171908579147 -59.26 1.4 2027 120 0 1
7.202957815111711 -59.26 1.4 2027 120 0 1
13.716398439365507 -59.26 1.4 2027 120 0 1
20.229839063619302 -59.26 1.4 2027 120 0 1
26.743279687873102 -59.26 1.4 2027 120 0 1
33.256720312126895 -59.26 1.4 2027 120 0 1
39.77016093638069 -59.26 1.4 2027 120 0 1
46.283601560634494 -59.26 1.4 2027 120 0 1
52.797042184888284 -59.26 1.4 2027 120 0 1
59.31048280914209 -59.26 1.4 2027 120 0 1
0.293322366487323 -55.94 1.4 2027 120 0 1
6.234657893189859 -55.94 1.4 2027 120 0 1
12.175993419892395 -55.94 1.4 2027 120 0 1
18.11732894659493 -55.94 1.4 2027 120 0 1
24.05866447329747 -55.94 1.4 2027 120 0 1
30.000000000000004 -55.94 1.4 2027 120 0 1
35.94133552670254 -55.94 1.4 2027 120 0 1
41.882671053405076 -55.94 1.4 2027 120 0 1
47.82400658010762 -55.94 1.4 2027 120 0 1
53.76534210681015 -55.94 1.4 2027 120 0 1
59.70667763351268 -55.94 1.4 2027 120 0 1
-0.13347774131321377 -52.61999999999999 1.4 2027 120 0 1
5.3453363934710065 -52.61999999999999 1.4 2027 120 0 1
10.824150528255227 -52.61999999999999 1.4 2027 120 0 1
16.302964663039447 -52.61999999999999 1.4 2027 120 0 1
21.78177879782367 -52.61999999999999 1.4 2027 120 0 1
27.26059293260789 -52.61999999999999 1.4 2027 120 0 1
32.73940706739211 -52.61999999999999 1.4 2027 120 0 1
38.21822120217633 -52.61999999999999 1.4 2027 120 0 1
43.69703533696055 -52.61999999999999 1.4 2027 120 0 1
49.175849471744776 -52.61999999999999 1.4 2027 120 0 1
54.65466360652899 -52.61999999999999 1.4 2027 120 0 1
60.133477741313214 -52.61999999999999 1.4 2027 120 0 1
-0.5950943266123883 -49.3 1.4 2027 120 0 1
4.504088061156343 -49.3 1.4 2027 120 0 1
9.603270448925073 -49.3 1.4 2027 120 0 1
14.702452836693807 -49.3 1.4 2027 120 0 1
19.801635224462537 -49.3 1.4 2027 120 0 1
24.90081761223127 -49.3 1.4 2027 120 0 1
30.000000000000004 -49.3 1.4 2027 120 0 1
35.099182387768735 -49.3 1.4 2027 120 0 1
40.19836477553746 -49.3 1.4 2027 120 0 1
45.2975471633062 -49.3 1.4 2027 120 0 1
50.39672955107493 -49.3 1.4 2027 120 0 1
55.49591193884366 -49.3 1.4 2027 120 0 1
60.5950943266124 -49.3 1.4 2027 120 0 1
-1.0954109116377642 -45.98 1.4 2027 120 0 1
3.688498459383431 -45.98 1.4 2027 120 0 1
8.472407830404626 -45.98 1.4 2027 120 0 1
13.25631720142582 -45.98 1.4 2027 120 0 1
18.040226572447015 -45.98 1.4 2027 120 0 1
22.82413594346821 -45.98 1.4 2027 120 0 1
27.608045314489402 -45.98 1.4 2027 120 0 1
32.3919546855106 -45.98 1.4 2027 120 0 1
37.17586405653179 -45.98 1.4 2027 120 0 1
41.95977342755299 -45.98 1.4 2027 120 0 1
46.743682798574184 -45.98 1.4 2027 120 0 1
51.52759216959537 -45.98 1.4 2027 120 0 1
56.31150154061657 -45.98 1.4 2027 120 0 1
61.095410911637764 -45.98 1.4 2027 120 0 1
0.6216692648952433 -42.66 1.4 2027 120 0 1
5.14141245491136 -42.66 1.4 2027 120 0 1
9.661155644927476 -42.66 1.4 2027 120 0 1
14.180898834943594 -42.66 1.4 2027 120 0 1
18.70064202495971 -42.66 1.4 2027 120 0 1
23.220385214975828 -42.66 1.4 2027 120 0 1
27.740128404991943 -42.66 1.4 2027 120 0 1
32.25987159500806 -42.66 1.4 2027 120 0 1
36.77961478502418 -42.66 1.4 2027 120 0 1
41.299357975040294 -42.66 1.4 2027 120 0 1
45.819101165056416 -42.66 1.4 2027 120 0 1
50.33884435507253 -42.66 1.4 2027 120 0 1
54.85858754508864 -42.66 1.4 2027 120 0 1
59.378330735104754 -42.66 1.4 2027 120 0 1
5.378166238533729 -39.339999999999996 1.4 2027 120 0 1
9.675138532111442 -39.339999999999996 1.4 2027 120 0 1
13.972110825689155 -39.339999999999996 1.4 2027 120 0 1
18.269083119266867 -39.339999999999996 1.4 2027 120 0 1
22.56605541284458 -39.339999999999996 1.4 2027 120 0 1
26.86302770642229 -39.339999999999996 1.4 2027 120 0 1
31.160000000000007 -39.339999999999996 1.4 2027 120 0 1
35.45697229357772 -39.339999999999996 1.4 2027 120 0 1
39.75394458715543 -39.339999999999996 1.4 2027 120 0 1
44.05091688073314 -39.339999999999996 1.4 2027 120 0 1
48.34788917431085 -39.339999999999996 1.4 2027 120 0 1
52.64486146788857 -39.339999999999996 1.4 2027 120 0 1
56.941833761466285 -39.339999999999996 1.4 2027 120 0 1
11.384160767524211 -36.019999999999996 1.4 2027 120 0 1
15.4924951734289 -36.019999999999996 1.4 2027 120 0 1
19.600829579333592 -36.019999999999996 1.4 2027 120 0 1
23.70916398523828 -36.019999999999996 1.4 2027 120 0 1
27.81749839114297 -36.019999999999996 1.4 2027 120 0 1
31.925832797047658 -36.019999999999996 1.4 2027 120 0 1
36.03416720295235 -36.019999999999996 1.4 2027 120 0 1
40.14250160885704 -36.019999999999996 1.4 2027 120 0 1
44.25083601476172 -36.019999999999996 1.4 2027 120 0 1
48.359170420666416 -36.019999999999996 1.4 2027 120 0 1
52.4675048265711 -36.019999999999996 1.4 2027 120 0 1
56.5758392324758 -36.019999999999996 1.4 2027 120 0 1
17.55845848341026 -32.699999999999996 1.4 2027 120 0 1
21.506766786728207 -32.699999999999996 1.4 2027 120 0 1
25.455075090046154 -32.699999999999996 1.4 2027 120 0 1
29.403383393364106 -32.699999999999996 1.4 2027 120 0 1
33.35169169668205 -32.699999999999996 1.4 2027 120 0 1
37.3 -32.699999999999996 1.4 2027 120 0 1
41.24830830331795 -32.699999999999996 1.4 2027 120 0 1
45.1966166066359 -32.699999999999996 1.4 2027 120 0 1
49.14492490995385 -32.699999999999996 1.4 2027 120 0 1
53.093233213271795 -32.699999999999996 1.4 2027 120 0 1
57.041541516589746 -32.699999999999996 1.4 2027 120 0 1
23.463116787633417 -29.38 1.4 2027 120 0 1
27.275757501492656 -29.38 1.4 2027 120 0 1
31.088398215351894 -29.38 1.4 2027 120 0 1
34.90103892921114 -29.38 1.4 2027 120 0 1
38.71367964307038 -29.38 1.4 2027 120 0 1
42.526320356929624 -29.38 1.4 2027 120 0 1
46.33896107078886 -29.38 1.4 2027 120 0 1
50.1516017846481 -29.38 1.4 2027 120 0 1
53.96424249850733 -29.38 1.4 2027 120 0 1
57.776883212366585 -29.38 1.4 2027 120 0 1
29.14791005593897 -26.060000000000002 1.4 2027 120 0 1
32.84593254195423 -26.060000000000002 1.4 2027 120 0 1
36.54395502796948 -26.060000000000002 1.4 2027 120 0 1
40.24197751398474 -26.060000000000002 1.4 2027 120 0 1
43.940000000000005 -26.060000000000002 1.4 2027 120 0 1
47.63802248601527 -26.060000000000002 1.4 2027 120 0 1
51.33604497203052 -26.060000000000002 1.4 2027 120 0 1
55.03406745804578 -26.060000000000002 1.4 2027 120 0 1
58.73208994406104 -26.060000000000002 1.4 2027 120 0 1
32.852550609799536 -22.74 1.4 2027 120 0 1
36.45441295734965 -22.74 1.4 2027 120 0 1
40.05627530489976 -22.74 1.4 2027 120 0 1
43.65813765244989 -22.74 1.4 2027 120 0 1
47.260000000000005 -22.74 1.4 2027 120 0 1
50.861862347550115 -22.74 1.4 2027 120 0 1
54.46372469510024 -22.74 1.4 2027 120 0 1
58.06558704265036 -22.74 1.4 2027 120 0 1
61.667449390200474 -22.74 1.4 2027 120 0 1
38.252558334251674 -19.419999999999998 1.4 2027 120 0 1
41.774684524465485 -19.419999999999998 1.4 2027 120 0 1
45.296810714679296 -19.419999999999998 1.4 2027 120 0 1
48.8189369048931 -19.419999999999998 1.4 2027 120 0 1
52.34106309510691 -19.419999999999998 1.4 2027 120 0 1
55.863189285320715 -19.419999999999998 1.4 2027 120 0 1
59.385315475534526 -19.419999999999998 1.4 2027 120 0 1
62.90744166574833 -19.419999999999998 1.4 2027 120 0 1
1.0599708966633525 -62.57999999999999 1.4 2027 130 0 1
8.294978172497515 -62.57999999999999 1.4 2027 130 0 1
15.529985448331677 -62.57999999999999 1.4 2027 130 0 1
22.76499272416584 -62.57999999999999 1.4 2027 130 0 1
30.0 -62.57999999999999 1.4 2027 130 0 1
37.235007275834164 -62.57999999999999 1.4 2027 130 0 1
44.47001455166833 -62.57999999999999 1.4 2027 130 0 1
51.70502182750249 -62.57999999999999 1.4 2027 130 0 1
58.940029103336656 -62.57999999999999 1.4 2027 130 0 1
0.6895171908579147 -59.26 1.4 2027 130 0 1
7.202957815111711 -59.26 1.4 2027 130 0 1
13.716398439365507 -59.26 1.4 2027 130 0 1
20.229839063619302 -59.26 1.4 2027 130 0 1
26.743279687873102 -59.26 1.4 2027 130 0 1
33.256720312126895 -59.26 1.4 2027 130 0 1
39.77016093638069 -59.26 1.4 2027 130 0 1
46.283601560634494 -59.26 1.4 2027 130 0 1
52.797042184888284 -59.26 1.4 2027 130 0 1
59.31048280914209 -59.26 1.4 2027 130 0 1
0.293322366487323 -55.94 1.4 2027 130 0 1
6.234657893189859 -55.94 1.4 2027 130 0 1
12.175993419892395 -55.94 1.4 2027 130 0 1
18.11732894659493 -55.94 1.4 2027 130 0 1
24.05866447329747 -55.94 1.4 2027 130 0 1
30.000000000000004 -55.94 1.4 2027 130 0 1
35.94133552670254 -55.94 1.4 2027 130 0 1
41.882671053405076 -55.94 1.4 2027 130 0 1
47.82400658010762 -55.94 1.4 2027 130 0 1
53.76534210681015 -55.94 1.4 2027 130 0 1
59.70667763351268 -55.94 1.4 2027 130 0 1
-0.13347774131321377 -52.61999999999999 1.4 2027 130 0 1
5.3453363934710065 -52.61999999999999 1.4 2027 130 0 1
10.824150528255227 -52.61999999999999 1.4 2027 130 0 1
16.302964663039447 -52.61999999999999 1.4 2027 130 0 1
21.78177879782367 -52.61999999999999 1.4 2027 130 0 1
27.26059293260789 -52.61999999999999 1.4 2027 130 0 1
32.73940706739211 -52.61999999999999 1.4 2027 130 0 1
38.21822120217633 -52.61999999999999 1.4 2027 130 0 1
43.69703533696055 -52.61999999999999 1.4 2027 130 0 1
49.175849471744776 -52.61999999999999 1.4 2027 130 0 1
54.65466360652899 -52.61999999999999 1.4 2027 130 0 1
60.133477741313214 -52.61999999999999 1.4 2027 130 0 1
-0.5950943266123883 -49.3 1.4 2027 130 0 1
4.504088061156343 -49.3 1.4 2027 130 0 1
9.603270448925073 -49.3 1.4 2027 130 0 1
14.702452836693807 -49.3 1.4 2027 130 0 1
19.801635224462537 -49.3 1.4 2027 130 0 1
24.90081761223127 -49.3 1.4 2027 130 0 1
30.000000000000004 -49.3 1.4 2027 130 0 1
35.099182387768735 -49.3 1.4 2027 130 0 1
40.19836477553746 -49.3 1.4 2027 130 0 1
45.2975471633062 -49.3 1.4 2027 130 0 1
50.39672955107493 -49.3 1.4 2027 130 0 1
55.49591193884366 -49.3 1.4 2027 130 0 1
60.5950943266124 -49.3 1.4 2027 130 0 1
-1.0954109116377642 -45.98 1.4 2027 130 0 1
3.688498459383431 -45.98 1.4 2027 130 0 1
8.472407830404626 -45.98 1.4 2027 130 0 1
13.25631720142582 -45.98 1.4 2027 130 0 1
18.040226572447015 -45.98 1.4 2027 130 0 1
22.82413594346821 -45.98 1.4 2027 130 0 1
27.608045314489402 -45.98 1.4 2027 130 0 1
32.3919546855106 -45.98 1.4 2027 130 0 1
37.17586405653179 -45.98 1.4 2027 130 0 1
41.95977342755299 -45.98 1.4 2027 130 0 1
46.743682798574184 -45.98 1.4 2027 130 0 1
51.52759216959537 -45.98 1.4 2027 130 0 1
56.31150154061657 -45.98 1.4 2027 130 0 1
61.095410911637764 -45.98 1.4 2027 130 0 1
0.6216692648952433 -42.66 1.4 2027 130 0 1
5.14141245491136 -42.66 1.4 2027 130 0 1
9.661155644927476 -42.66 1.4 2027 130 0 1
14.180898834943594 -42.66 1.4 2027 130 0 1
18.70064202495971 -42.66 1.4 2027 130 0 1
23.220385214975828 -42.66 1.4 2027 130 0 1
27.740128404991943 -42.66 1.4 2027 130 0 1
32.25987159500806 -42.66 1.4 2027 130 0 1
36.77961478502418 -42.66 1.4 2027 130 0 1
41.299357975040294 -42.66 1.4 2027 130 0 1
45.819101165056416 -42.66 1.4 2027 130 0 1
50.33884435507253 -42.66 1.4 2027 130 0 1
54.85858754508864 -42.66 1.4 2027 130 0 1
59.378330735104754 -42.66 1.4 2027 130 0 1
5.378166238533729 -39.339999999999996 1.4 2027 130 0 1
9.675138532111442 -39.339999999999996 1.4 2027 130 0 1
13.972110825689155 -39.339999999999996 1.4 2027 130 0 1
18.269083119266867 -39.339999999999996 1.4 2027 130 0 1
22.56605541284458 -39.339999999999996 1.4 2027 130 0 1
26.86302770642229 -39.339999999999996 1.4 2027 130 0 1
31.160000000000007 -39.339999999999996 1.4 2027 130 0 1
35.45697229357772 -39.339999999999996 1.4 2027 130 0 1
39.75394458715543 -39.339999999999996 1.4 2027 130 0 1
44.05091688073314 -39.339999999999996 1.4 2027 130 0 1
48.34788917431085 -39.339999999999996 1.4 2027 130 0 1
52.64486146788857 -39.339999999999996 1.4 2027 130 0 1
56.941833761466285 -39.339999999999996 1.4 2027 130 0 1
11.384160767524211 -36.019999999999996 1.4 2027 130 0 1
15.4924951734289 -36.019999999999996 1.4 2027 130 0 1
19.600829579333592 -36.019999999999996 1.4 2027 130 0 1
23.70916398523828 -36.019999999999996 1.4 2027 130 0 1
27.81749839114297 -36.019999999999996 1.4 2027 130 0 1
31.925832797047658 -36.019999999999996 1.4 2027 130 0 1
36.03416720295235 -36.019999999999996 1.4 2027 130 0 1
40.14250160885704 -36.019999999999996 1.4 2027 130 0 1
44.25083601476172 -36.019999999999996 1.4 2027 130 0 1
48.359170420666416 -36.019999999999996 1.4 2027 130 0 1
52.4675048265711 -36.019999999999996 1.4 2027 130 0 1
56.5758392324758 -36.019999999999996 1.4 2027 130 0 1
17.55845848341026 -32.699999999999996 1.4 2027 130 0 1
21.506766786728207 -32.699999999999996 1.4 2027 130 0 1
25.455075090046154 -32.699999999999996 1.4 2027 130 0 1
29.403383393364106 -32.699999999999996 1.4 2027 130 0 1
33.35169169668205 -32.699999999999996 1.4 2027 130 0 1
37.3 -32.699999999999996 1.4 2027 130 0 1
41.24830830331795 -32.699999999999996 1.4 2027 130 0 1
45.1966166066359 -32.699999999999996 1.4 2027 130 0 1
49.14492490995385 -32.699999999999996 1.4 2027 130 0 1
53.093233213271795 -32.699999999999996 1.4 2027 130 0 1
57.041541516589746 -32.699999999999996 1.4 2027 130 0 1
23.463116787633417 -29.38 1.4 2027 130 0 1
27.275757501492656 -29.38 1.4 2027 130 0 1
31.088398215351894 -29.38 1.4 2027 130 0 1
34.90103892921114 -29.38 1.4 2027 130 0 1
38.71367964307038 -29.38 1.4 2027 130 0 1
42.526320356929624 -29.38 1.4 2027 130 0 1
46.33896107078886 -29.38 1.4 2027 130 0 1
50.1516017846481 -29.38 1.4 2027 130 0 1
53.96424249850733 -29.38 1.4 2027 130 0 1
57.776883212366585 -29.38 1.4 2027 130 0 1
29.14791005593897 -26.060000000000002 1.4 2027 130 0 1
32.84593254195423 -26.060000000000002 1.4 2027 130 0 1
36.54395502796948 -26.060000000000002 1.4 2027 130 0 1
40.24197751398474 -26.060000000000002 1.4 2027 130 0 1
43.940000000000005 -26.060000000000002 1.4 2027 130 0 1
47.63802248601527 -26.060000000000002 1.4 2027 130 0 1
51.33604497203052 -26.060000000000002 1.4 2027 130 0 1
55.03406745804578 -26.060000000000002 1.4 2027 130 0 1
58.73208994406104 -26.060000000000002 1.4 2027 130 0 1
32.852550609799536 -22.74 1.4 2027 130 0 1
36.45441295734965 -22.74 1.4 2027 130 0 1
40.05627530489976 -22.74 1.4 2027 130 0 1
43.65813765244989 -22.74 1.4 2027 130 0 1
47.260000000000005 -22.74 1.4 2027 130 0 1
50.861862347550115 -22.74 1.4 2027 130 0 1
54.46372469510024 -22.74 1.4 2027 130 0 1
58.06558704265036 -22.74 1.4 2027 130 0 1
61.667449390200474 -22.74 1.4 2027 130 0 1
38.252558334251674 -19.419999999999998 1.4 2027 130 0 1
41.774684524465485 -19.419999999999998 1.4 2027 130 0 1
45.296810714679296 -19.419999999999998 1.4 2027 130 0 1
48.8189369048931 -19.419999999999998 1.4 2027 130 0 1
52.34106309510691 -19.419999999999998 1.4 2027 130 0 1
55.863189285320715 -19.419999999999998 1.4 2027 130 0 1
59.385315475534526 -19.419999999999998 1.4 2027 130 0 1
62.90744166574833 -19.419999999999998 1.4 2027 130 0 1
1.0599708966633525 -62.57999999999999 1.4 2027 140 0 1
8.294978172497515 -62.57999999999999 1.4 2027 140 0 1
15.529985448331677 -62.57999999999999 1.4 2027 140 0 1
22.76499272416584 -62.57999999999999 1.4 2027 140 0 1
30.0 -62.57999999999999 1.4 2027 140 0 1
37.235007275834164 -62.57999999999999 1.4 2027 140 0 1
44.47001455166833 -62.57999999999999 1.4 2027 140 0 1
51.70502182750249 -62.57999999999999 1.4 2027 140 0 1
58.940029103336656 -62.57999999999999 1.4 2027 140 0 1
0.6895171908579147 -59.26 1.4 2027 140 0 1
7.202957815111711 -59.26 1.4 2027 140 0 1
13.716398439365507 -59.26 1.4 2027 140 0 1
20.229839063619302 -59.26 1.4 2027 140 0 1
26.743279687873102 -59.26 1.4 2027 140 0 1
33.256720312126895 -59.26 1.4 2027 140 0 1
39.77016093638069 -59.26 1.4 2027 140 0 1
46.283601560634494 -59.26 1.4 2027 140 0 1
52.797042184888284 -59.26 1.4 2027 140 0 1
59.31048280914209 -59.26 1.4 2027 140 0 1
0.293322366487323 -55.94 1.4 2027 140 0 1
6.234657893189859 -55.94 1.4 2027 140 0 1
12.175993419892395 -55.94 1.4 2027 140 0 1
18.11732894659493 -55.94 1.4 2027 140 0 1
24.05866447329747 -55.94 1.4 2027 140 0 1
30.000000000000004 -55.94 1.4 2027 140 0 1
35.94133552670254 -55.94 1.4 2027 140 0 1
41.882671053405076 -55.94 1.4 2027 140 0 1
47.82400658010762 -55.94 1.4 2027 140 0 1
53.76534210681015 -55.94 1.4 2027 140 0 1
59.70667763351268 -55.94 1.4 2027 140 0 1
-0.13347774131321377 -52.61999999999999 1.4 2027 140 0 1
5.3453363934710065 -52.61999999999999 1.4 2027 140 0 1
10.824150528255227 -52.61999999999999 1.4 2027 140 0 1
16.302964663039447 -52.61999999999999 1.4 2027 140 0 1
21.78177879782367 -52.61999999999999 1.4 2027 140 0 1
27.26059293260789 -52.61999999999999 1.4 2027 140 0 1
32.73940706739211 -52.61999999999999 1.4 2027 140 0 1
38.21822120217633 -52.61999999999999 1.4 2027 140 0 1
43.69703533696055 -52.61999999999999 1.4 2027 140 0 1
49.175849471744776 -52.61999999999999 1.4 2027 140 0 1
54.65466360652899 -52.61999999999999 1.4 2027 140 0 1
60.133477741313214 -52.61999999999999 1.4 2027 140 0 1
-0.5950943266123883 -49.3 1.4 2027 140 0 1
4.504088061156343 -49.3 1.4 2027 140 0 1
9.603270448925073 -49.3 1.4 2027 140 0 1
14.702452836693807 -49.3 1.4 2027 140 0 1
19.801635224462537 -49.3 1.4 2027 140 0 1
24.90081761223127 -49.3 1.4 2027 140 0 1
30.000000000000004 -49.3 1.4 2027 140 0 1
35.099182387768735 -49.3 1.4 2027 140 0 1
40.19836477553746 -49.3 1.4 2027 140 0 1
45.2975471633062 -49.3 1.4 2027 140 0 1
50.39672955107493 -49.3 1.4 2027 140 0 1
55.49591193884366 -49.3 1.4 2027 140 0 1
60.5950943266124 -49.3 1.4 2027 140 0 1
-1.0954109116377642 -45.98 1.4 2027 140 0 1
3.688498459383431 -45.98 1.4 2027 140 0 1
8.472407830404626 -45.98 1.4 2027 140 0 1
13.25631720142582 -45.98 1.4 2027 140 0 1
18.040226572447015 -45.98 1.4 2027 140 0 1
22.82413594346821 -45.98 1.4 2027 140 0 1
27.608045314489402 -45.98 1.4 2027 140 0 1
32.3919546855106 -45.98 1.4 2027 140 0 1
37.17586405653179 -45.98 1.4 2027 140 0 1
41.95977342755299 -45.98 1.4 2027 140 0 1
46.743682798574184 -45.98 1.4 2027 140 0 1
51.52759216959537 -45.98 1.4 2027 140 0 1
56.31150154061657 -45.98 1.4 2027 140 0 1
61.095410911637764 -45.98 1.4 2027 140 0 1
0.6216692648952433 -42.66 1.4 2027 140 0 1
5.14141245491136 -42.66 1.4 2027 140 0 1
9.661155644927476 -42.66 1.4 2027 140 0 1
14.180898834943594 -42.66 1.4 2027 140 0 1
18.70064202495971 -42.66 1.4 2027 140 0 1
23.220385214975828 -42.66 1.4 2027 140 0 1
27.740128404991943 -42.66 1.4 2027 140 0 1
32.25987159500806 -42.66 1.4 2027 140 0 1
36.77961478502418 -42.66 1.4 2027 140 0 1
41.299357975040294 -42.66 1.4 2027 140 0 1
45.819101165056416 -42.66 1.4 2027 140 0 1
50.33884435507253 -42.66 1.4 2027 140 0 1
54.85858754508864 -42.66 1.4 2027 140 0 1
59.378330735104754 -42.66 1.4 2027 140 0 1
5.378166238533729 -39.339999999999996 1.4 2027 140 0 1
9.675138532111442 -39.339999999999996 1.4 2027 140 0 1
13.972110825689155 -39.339999999999996 1.4 2027 140 0 1
18.269083119266867 -39.339999999999996 1.4 2027 140 0 1
22.56605541284458 -39.339999999999996 1.4 2027 140 0 1
26.86302770642229 -39.339999999999996 1.4 2027 140 0 1
31.160000000000007 -39.339999999999996 1.4 2027 140 0 1
35.45697229357772 -39.339999999999996 1.4 2027 140 0 1
39.75394458715543 -39.339999999999996 1.4 2027 140 0 1
44.05091688073314 -39.339999999999996 1.4 2027 140 0 1
48.34788917431085 -39.339999999999996 1.4 2027 140 0 1
52.64486146788857 -39.339999999999996 1.4 2027 140 0 1
56.941833761466285 -39.339999999999996 1.4 2027 140 0 1
11.384160767524211 -36.019999999999996 1.4 2027 140 0 1
15.4924951734289 -36.019999999999996 1.4 2027 140 0 1
19.600829579333592 -36.019999999999996 1.4 2027 140 0 1
23.70916398523828 -36.019999999999996 1.4 2027 140 0 1
27.81749839114297 -36.019999999999996 1.4 2027 140 0 1
31.925832797047658 -36.019999999999996 1.4 2027 140 0 1
36.03416720295235 -36.019999999999996 1.4 2027 140 0 1
40.14250160885704 -36.019999999999996 1.4 2027 140 0 1
44.25083601476172 -36.019999999999996 1.4 2027 140 0 1
48.359170420666416 -36.019999999999996 1.4 2027 140 0 1
52.4675048265711 -36.019999999999996 1.4 2027 140 0 1
56.5758392324758 -36.019999999999996 1.4 2027 140 0 1
17.55845848341026 -32.699999999999996 1.4 2027 140 0 1
21.506766786728207 -32.699999999999996 1.4 2027 140 0 1
25.455075090046154 -32.699999999999996 1.4 2027 140 0 1
29.403383393364106 -32.699999999999996 1.4 2027 140 0 1
33.35169169668205 -32.699999999999996 1.4 2027 140 0 1
37.3 -32.699999999999996 1.4 2027 140 0 1
41.24830830331795 -32.699999999999996 1.4 2027 140 0 1
45.1966166066359 -32.699999999999996 1.4 2027 140 0 1
49.14492490995385 -32.699999999999996 1.4 2027 140 0 1
53.093233213271795 -32.699999999999996 1.4 2027 140 0 1
57.041541516589746 -32.699999999999996 1.4 2027 140 0 1
23.463116787633417 -29.38 1.4 2027 140 0 1
27.275757501492656 -29.38 1.4 2027 140 0 1
31.088398215351894 -29.38 1.4 2027 140 0 1
34.90103892921114 -29.38 1.4 2027 140 0 1
38.71367964307038 -29.38 1.4 2027 140 0 1
42.526320356929624 -29.38 1.4 2027 140 0 1
46.33896107078886 -29.38 1.4 2027 140 0 1
50.1516017846481 -29.38 1.4 2027 140 0 1
53.96424249850733 -29.38 1.4 2027 140 0 1
57.776883212366585 -29.38 1.4 2027 140 0 1
29.14791005593897 -26.060000000000002 1.4 2027 140 0 1
32.84593254195423 -26.060000000000002 1.4 2027 140 0 1
36.54395502796948 -26.060000000000002 1.4 2027 140 0 1
40.24197751398474 -26.060000000000002 1.4 2027 140 0 1
43.940000000000005 -26.060000000000002 1.4 2027 140 0 1
47.63802248601527 -26.060000000000002 1.4 2027 140 0 1
51.33604497203052 -26.060000000000002 1.4 2027 140 0 1
55.03406745804578 -26.060000000000002 1.4 2027 140 0 1
58.73208994406104 -26.060000000000002 1.4 2027 140 0 1
32.852550609799536 -22.74 1.4 2027 140 0 1
36.45441295734965 -22.74 1.4 2027 140 0 1
40.05627530489976 -22.74 1.4 2027 140 0 1
43.65813765244989 -22.74 1.4 2027 140 0 1
47.260000000000005 -22.74 1.4 2027 140 0 1
50.861862347550115 -22.74 1.4 2027 140 0 1
54.46372469510024 -22.74 1.4 2027 140 0 1
58.06558704265036 -22.74 1.4 2027 140 0 1
61.667449390200474 -22.74 1.4 2027 140 0 1
38.252558334251674 -19.419999999999998 1.4 2027 140 0 1
41.774684524465485 -19.419999999999998 1.4 2027 140 0 1
45.296810714679296 -19.419999999999998 1.4 2027 140 0 1
48.8189369048931 -19.419999999999998 1.4 2027 140 0 1
52.34106309510691 -19.419999999999998 1.4 2027 140 0 1
55.863189285320715 -19.419999999999998 1.4 2027 140 0 1
59.385315475534526 -19.419999999999998 1.4 2027 140 0 1
62.90744166574833 -19.419999999999998 1.4 2027 140 0 1
1.0599708966633525 -62.57999999999999 1.4 2027 150 0 1
8.294978172497515 -62.57999999999999 1.4 2027 150 0 1
15.529985448331677 -62.57999999999999 1.4 2027 150 0 1
22.76499272416584 -62.57999999999999 1.4 2027 150 0 1
30.0 -62.57999999999999 1.4 2027 150 0 1
37.235007275834164 -62.57999999999999 1.4 2027 150 0 1
44.47001455166833 -62.57999999999999 1.4 2027 150 0 1
51.70502182750249 -62.57999999999999 1.4 2027 150 0 1
58.940029103336656 -62.57999999999999 1.4 2027 150 0 1
0.6895171908579147 -59.26 1.4 2027 150 0 1
7.202957815111711 -59.26 1.4 2027 150 0 1
13.716398439365507 -59.26 1.4 2027 150 0 1
20.229839063619302 -59.26 1.4 2027 150 0 1
26.743279687873102 -59.26 1.4 2027 150 0 1
33.256720312126895 -59.26 1.4 2027 150 0 1
39.77016093638069 -59.26 1.4 2027 150 0 1
46.283601560634494 -59.26 1.4 2027 150 0 1
52.797042184888284 -59.26 1.4 2027 150 0 1
59.31048280914209 -59.26 1.4 2027 150 0 1
0.293322366487323 -55.94 1.4 2027 150 0 1
6.234657893189859 -55.94 1.4 2027 150 0 1
12.175993419892395 -55.94 1.4 2027 150 0 1
18.11732894659493 -55.94 1.4 2027 150 0 1
24.05866447329747 -55.94 1.4 2027 150 0 1
30.000000000000004 -55.94 1.4 2027 150 0 1
35.94133552670254 -55.94 1.4 2027 150 0 1
41.882671053405076 -55.94 1.4 2027 150 0 1
47.82400658010762 -55.94 1.4 2027 150 0 1
53.76534210681015 -55.94 1.4 2027 150 0 1
59.70667763351268 -55.94 1.4 2027 150 0 1
-0.13347774131321377 -52.61999999999999 1.4 2027 150 0 1
5.3453363934710065 -52.61999999999999 1.4 2027 150 0 1
10.824150528255227 -52.61999999999999 1.4 2027 150 0 1
16.302964663039447 -52.61999999999999 1.4 2027 150 0 1
21.78177879782367 -52.61999999999999 1.4 2027 150 0 1
27.26059293260789 -52.61999999999999 1.4 2027 150 0 1
32.73940706739211 -52.61999999999999 1.4 2027 150 0 1
38.21822120217633 -52.61999999999999 1.4 2027 150 0 1
43.69703533696055 -52.61999999999999 1.4 2027 150 0 1
49.175849471744776 -52.61999999999999 1.4 2027 150 0 1
54.65466360652899 -52.61999999999999 1.4 2027 150 0 1
60.133477741313214 -52.61999999999999 1.4 2027 150 0 1
-0.5950943266123883 -49.3 1.4 2027 150 0 1
4.504088061156343 -49.3 1.4 2027 150 0 1
9.603270448925073 -49.3 1.4 2027 150 0 1
14.702452836693807 -49.3 1.4 2027 150 0 1
19.801635224462537 -49.3 1.4 2027 150 0 1
24.90081761223127 -49.3 1.4 2027 150 0 1
30.000000000000004 -49.3 1.4 2027 150 0 1
35.099182387768735 -49.3 1.4 2027 150 0 1
40.19836477553746 -49.3 1.4 2027 150 0 1
45.2975471633062 -49.3 1.4 2027 150 0 1
50.39672955107493 -49.3 1.4 2027 150 0 1
55.49591193884366 -49.3 1.4 2027 150 0 1
60.5950943266124 -49.3 1.4 2027 150 0 1
-1.0954109116377642 -45.98 1.4 2027 150 0 1
3.688498459383431 -45.98 1.4 2027 150 0 1
8.472407830404626 -45.98 1.4 2027 150 0 1
13.25631720142582 -45.98 1.4 2027 150 0 1
18.040226572447015 -45.98 1.4 2027 150 0 1
22.82413594346821 -45.98 1.4 2027 150 0 1
27.608045314489402 -45.98 1.4 2027 150 0 1
32.3919546855106 -45.98 1.4 2027 150 0 1
37.17586405653179 -45.98 1.4 2027 150 0 1
41.95977342755299 -45.98 1.4 2027 150 0 1
46.743682798574184 -45.98 1.4 2027 150 0 1
51.52759216959537 -45.98 1.4 2027 150 0 1
56.31150154061657 -45.98 1.4 2027 150 0 1
61.095410911637764 -45.98 1.4 2027 150 0 1
0.6216692648952433 -42.66 1.4 2027 150 0 1
5.14141245491136 -42.66 1.4 2027 150 0 1
9.661155644927476 -42.66 1.4 2027 150 0 1
14.180898834943594 -42.66 1.4 2027 150 0 1
18.70064202495971 -42.66 1.4 2027 150 0 1
23.220385214975828 -42.66 1.4 2027 150 0 1
27.740128404991943 -42.66 1.4 2027 150 0 1
32.25987159500806 -42.66 1.4 2027 150 0 1
36.77961478502418 -42.66 1.4 2027 150 0 1
41.299357975040294 -42.66 1.4 2027 150 0 1
45.819101165056416 -42.66 1.4 2027 150 0 1
50.33884435507253 -42.66 1.4 2027 150 0 1
54.85858754508864 -42.66 1.4 2027 150 0 1
59.378330735104754 -42.66 1.4 2027 150 0 1
5.378166238533729 -39.339999999999996 1.4 2027 150 0 1
9.675138532111442 -39.339999999999996 1.4 2027 150 0 1
13.972110825689155 -39.339999999999996 1.4 2027 150 0 1
18.269083119266867 -39.339999999999996 1.4 2027 150 0 1
22.56605541284458 -39.339999999999996 1.4 2027 150 0 1
26.86302770642229 -39.339999999999996 1.4 2027 150 0 1
31.160000000000007 -39.339999999999996 1.4 2027 150 0 1
35.45697229357772 -39.339999999999996 1.4 2027 150 0 1
39.75394458715543 -39.339999999999996 1.4 2027 150 0 1
44.05091688073314 -39.339999999999996 1.4 2027 150 0 1
48.34788917431085 -39.339999999999996 1.4 2027 150 0 1
52.64486146788857 -39.339999999999996 1.4 2027 150 0 1
56.941833761466285 -39.339999999999996 1.4 2027 150 0 1
11.384160767524211 -36.019999999999996 1.4 2027 150 0 1
15.4924951734289 -36.019999999999996 1.4 2027 150 0 1
19.600829579333592 -36.019999999999996 1.4 2027 150 0 1
23.70916398523828 -36.019999999999996 1.4 2027 150 0 1
27.81749839114297 -36.019999999999996 1.4 2027 150 0 1
31.925832797047658 -36.019999999999996 1.4 2027 150 0 1
36.03416720295235 -36.019999999999996 1.4 2027 150 0 1
40.14250160885704 -36.019999999999996 1.4 2027 150 0 1
44.25083601476172 -36.019999999999996 1.4 2027 150 0 1
48.359170420666416 -36.019999999999996 1.4 2027 150 0 1
52.4675048265711 -36.019999999999996 1.4 2027 150 0 1
56.5758392324758 -36.019999999999996 1.4 2027 150 0 1
17.55845848341026 -32.699999999999996 1.4 2027 150 0 1
21.506766786728207 -32.699999999999996 1.4 2027 150 0 1
25.455075090046154 -32.699999999999996 1.4 2027 150 0 1
29.403383393364106 -32.699999999999996 1.4 2027 150 0 1
33.35169169668205 -32.699999999999996 1.4 2027 150 0 1
37.3 -32.699999999999996 1.4 2027 150 0 1
41.24830830331795 -32.699999999999996 1.4 2027 150 0 1
45.1966166066359 -32.699999999999996 1.4 2027 150 0 1
49.14492490995385 -32.699999999999996 1.4 2027 150 0 1
53.093233213271795 -32.699999999999996 1.4 2027 150 0 1
57.041541516589746 -32.699999999999996 1.4 2027 150 0 1
23.463116787633417 -29.38 1.4 2027 150 0 1
27.275757501492656 -29.38 1.4 2027 150 0 1
31.088398215351894 -29.38 1.4 2027 150 0 1
34.90103892921114 -29.38 1.4 2027 150 0 1
38.71367964307038 -29.38 1.4 2027 150 0 1
42.526320356929624 -29.38 1.4 2027 150 0 1
46.33896107078886 -29.38 1.4 2027 150 0 1
50.1516017846481 -29.38 1.4 2027 150 0 1
53.96424249850733 -29.38 1.4 2027 150 0 1
57.776883212366585 -29.38 1.4 2027 150 0 1
29.14791005593897 -26.060000000000002 1.4 2027 150 0 1
32.84593254195423 -26.060000000000002 1.4 2027 150 0 1
36.54395502796948 -26.060000000000002 1.4 2027 150 0 1
40.24197751398474 -26.060000000000002 1.4 2027 150 0 1
43.940000000000005 -26.060000000000002 1.4 2027 150 0 1
47.63802248601527 -26.060000000000002 1.4 2027 150 0 1
51.33604497203052 -26.060000000000002 1.4 2027 150 0 1
55.03406745804578 -26.060000000000002 1.4 2027 150 0 1
58.73208994406104 -26.060000000000002 1.4 2027 150 0 1
32.852550609799536 -22.74 1.4 2027 150 0 1
36.45441295734965 -22.74 1.4 2027 150 0 1
40.05627530489976 -22.74 1.4 2027 150 0 1
43.65813765244989 -22.74 1.4 2027 150 0 1
47.260000000000005 -22.74 1.4 2027 150 0 1
50.861862347550115 -22.74 1.4 2027 150 0 1
54.46372469510024 -22.74 1.4 2027 150 0 1
58.06558704265036 -22.74 1.4 2027 150 0 1
61.667449390200474 -22.74 1.4 2027 150 0 1
38.252558334251674 -19.419999999999998 1.4 2027 150 0 1
41.774684524465485 -19.419999999999998 1.4 2027 150 0 1
45.296810714679296 -19.419999999999998 1.4 2027 150 0 1
48.8189369048931 -19.419999999999998 1.4 2027 150 0 1
52.34106309510691 -19.419999999999998 1.4 2027 150 0 1
55.863189285320715 -19.419999999999998 1.4 2027 150 0 1
59.385315475534526 -19.419999999999998 1.4 2027 150 0 1
62.90744166574833 -19.419999999999998 1.4 2027 150 0 1
1.0599708966633525 -62.57999999999999 1.4 2027 160 0 1
8.294978172497515 -62.57999999999999 1.4 2027 160 0 1
15.529985448331677 -62.57999999999999 1.4 2027 160 0 1
22.76499272416584 -62.57999999999999 1.4 2027 160 0 1
30.0 -62.57999999999999 1.4 2027 160 0 1
37.235007275834164 -62.57999999999999 1.4 2027 160 0 1
44.47001455166833 -62.57999999999999 1.4 2027 160 0 1
51.70502182750249 -62.57999999999999 1.4 2027 160 0 1
58.940029103336656 -62.57999999999999 1.4 2027 160 0 1
0.6895171908579147 -59.26 1.4 2027 160 0 1
7.202957815111711 -59.26 1.4 2027 160 0 1
13.716398439365507 -59.26 1.4 2027 160 0 1
20.229839063619302 -59.26 1.4 2027 160 0 1
26.743279687873102 -59.26 1.4 2027 160 0 1
33.256720312126895 -59.26 1.4 2027 160 0 1
39.77016093638069 -59.26 1.4 2027 160 0 1
46.283601560634494 -59.26 1.4 2027 160 0 1
52.797042184888284 -59.26 1.4 2027 160 0 1
59.31048280914209 -59.26 1.4 2027 160 0 1
0.293322366487323 -55.94 1.4 2027 160 0 1
6.234657893189859 -55.94 1.4 2027 160 0 1
12.175993419892395 -55.94 1.4 2027 160 0 1
18.11732894659493 -55.94 1.4 2027 160 0 1
24.05866447329747 -55.94 1.4 2027 160 0 1
30.000000000000004 -55.94 1.4 2027 160 0 1
35.94133552670254 -55.94 1.4 2027 160 0 1
41.882671053405076 -55.94 1.4 2027 160 0 1
47.82400658010762 -55.94 1.4 2027 160 0 1
53.76534210681015 -55.94 1.4 2027 160 0 1
59.70667763351268 -55.94 1.4 2027 160 0 1
-0.13347774131321377 -52.61999999999999 1.4 2027 160 0 1
5.3453363934710065 -52.61999999999999 1.4 2027 160 0 1
10.824150528255227 -52.61999999999999 1.4 2027 160 0 1
16.302964663039447 -52.61999999999999 1.4 2027 160 0 1
21.78177879782367 -52.61999999999999 1.4 2027 160 0 1
27.26059293260789 -52.61999999999999 1.4 2027 160 0 1
32.73940706739211 -52.61999999999999 1.4 2027 160 0 1
38.21822120217633 -52.61999999999999 1.4 2027 160 0 1
43.69703533696055 -52.61999999999999 1.4 2027 160 0 1
49.175849471744776 -52.61999999999999 1.4 2027 160 0 1
54.65466360652899 -52.61999999999999 1.4 2027 160 0 1
60.133477741313214 -52.61999999999999 1.4 2027 160 0 1
-0.5950943266123883 -49.3 1.4 2027 160 0 1
4.504088061156343 -49.3 1.4 2027 160 0 1
9.603270448925073 -49.3 1.4 2027 160 0 1
14.702452836693807 -49.3 1.4 2027 160 0 1
19.801635224462537 -49.3 1.4 2027 160 0 1
24.90081761223127 -49.3 1.4 2027 160 0 1
30.000000000000004 -49.3 1.4 2027 160 0 1
35.099182387768735 -49.3 1.4 2027 160 0 1
40.19836477553746 -49.3 1.4 2027 160 0 1
45.2975471633062 -49.3 1.4 2027 160 0 1
50.39672955107493 -49.3 1.4 2027 160 0 1
55.49591193884366 -49.3 1.4 2027 160 0 1
60.5950943266124 -49.3 1.4 2027 160 0 1
-1.0954109116377642 -45.98 1.4 2027 160 0 1
3.688498459383431 -45.98 1.4 2027 160 0 1
8.472407830404626 -45.98 1.4 2027 160 0 1
13.25631720142582 -45.98 1.4 2027 160 0 1
18.040226572447015 -45.98 1.4 2027 160 0 1
22.82413594346821 -45.98 1.4 2027 160 0 1
27.608045314489402 -45.98 1.4 2027 160 0 1
32.3919546855106 -45.98 1.4 2027 160 0 1
37.17586405653179 -45.98 1.4 2027 160 0 1
41.95977342755299 -45.98 1.4 2027 160 0 1
46.743682798574184 -45.98 1.4 2027 160 0 1
51.52759216959537 -45.98 1.4 2027 160 0 1
56.31150154061657 -45.98 1.4 2027 160 0 1
61.095410911637764 -45.98 1.4 2027 160 0 1
0.6216692648952433 -42.66 1.4 2027 160 0 1
5.14141245491136 -42.66 1.4 2027 160 0 1
9.661155644927476 -42.66 1.4 2027 160 0 1
14.180898834943594 -42.66 1.4 2027 160 0 1
18.70064202495971 -42.66 1.4 2027 160 0 1
23.220385214975828 -42.66 1.4 2027 160 0 1
27.740128404991943 -42.66 1.4 2027 160 0 1
32.25987159500806 -42.66 1.4 2027 160 0 1
36.77961478502418 -42.66 1.4 2027 160 0 1
41.299357975040294 -42.66 1.4 2027 160 0 1
45.819101165056416 -42.66 1.4 2027 160 0 1
50.33884435507253 -42.66 1.4 2027 160 0 1
54.85858754508864 -42.66 1.4 2027 160 0 1
59.378330735104754 -42.66 1.4 2027 160 0 1
5.378166238533729 -39.339999999999996 1.4 2027 160 0 1
9.675138532111442 -39.339999999999996 1.4 2027 160 0 1
13.972110825689155 -39.339999999999996 1.4 2027 160 0 1
18.269083119266867 -39.339999999999996 1.4 2027 160 0 1
22.56605541284458 -39.339999999999996 1.4 2027 160 0 1
26.86302770642229 -39.339999999999996 1.4 2027 160 0 1
31.160000000000007 -39.339999999999996 1.4 2027 160 0 1
35.45697229357772 -39.339999999999996 1.4 2027 160 0 1
39.75394458715543 -39.339999999999996 1.4 2027 160 0 1
44.05091688073314 -39.339999999999996 1.4 2027 160 0 1
48.34788917431085 -39.339999999999996 1.4 2027 160 0 1
52.64486146788857 -39.339999999999996 1.4 2027 160 0 1
56.941833761466285 -39.339999999999996 1.4 2027 160 0 1
11.384160767524211 -36.019999999999996 1.4 2027 160 0 1
15.4924951734289 -36.019999999999996 1.4 2027 160 0 1
19.600829579333592 -36.019999999999996 1.4 2027 160 0 1
23.70916398523828 -36.019999999999996 1.4 2027 160 0 1
27.81749839114297 -36.019999999999996 1.4 2027 160 0 1
31.925832797047658 -36.019999999999996 1.4 2027 160 0 1
36.03416720295235 -36.019999999999996 1.4 2027 160 0 1
40.14250160885704 -36.019999999999996 1.4 2027 160 0 1
44.25083601476172 -36.019999999999996 1.4 2027 160 0 1
48.359170420666416 -36.019999999999996 1.4 2027 160 0 1
52.4675048265711 -36.019999999999996 1.4 2027 160 0 1
56.5758392324758 -36.019999999999996 1.4 2027 160 0 1
17.55845848341026 -32.699999999999996 1.4 2027 160 0 1
21.506766786728207 -32.699999999999996 1.4 2027 160 0 1
25.455075090046154 -32.699999999999996 1.4 2027 160 0 1
29.403383393364106 -32.699999999999996 1.4 2027 160 0 1
33.35169169668205 -32.699999999999996 1.4 2027 160 0 1
37.3 -32.699999999999996 1.4 2027 160 0 1
41.24830830331795 -32.699999999999996 1.4 2027 160 0 1
45.1966166066359 -32.699999999999996 1.4 2027 160 0 1
49.14492490995385 -32.699999999999996 1.4 2027 160 0 1
53.093233213271795 -32.699999999999996 1.4 2027 160 0 1
57.041541516589746 -32.699999999999996 1.4 2027 160 0 1
23.463116787633417 -29.38 1.4 2027 160 0 1
27.275757501492656 -29.38 1.4 2027 160 0 1
31.088398215351894 -29.38 1.4 2027 160 0 1
34.90103892921114 -29.38 1.4 2027 160 0 1
38.71367964307038 -29.38 1.4 2027 160 0 1
42.526320356929624 -29.38 1.4 2027 160 0 1
46.33896107078886 -29.38 1.4 2027 160 0 1
50.1516017846481 -29.38 1.4 2027 160 0 1
53.96424249850733 -29.38 1.4 2027 160 0 1
57.776883212366585 -29.38 1.4 2027 160 0 1
29.14791005593897 -26.060000000000002 1.4 2027 160 0 1
32.84593254195423 -26.060000000000002 1.4 2027 160 0 1
36.54395502796948 -26.060000000000002 1.4 2027 160 0 1
40.24197751398474 -26.060000000000002 1.4 2027 160 0 1
43.940000000000005 -26.060000000000002 1.4 2027 160 0 1
47.63802248601527 -26.060000000000002 1.4 2027 160 0 1
51.33604497203052 -26.060000000000002 1.4 2027 160 0 1
55.03406745804578 -26.060000000000002 1.4 2027 160 0 1
58.73208994406104 -26.060000000000002 1.4 2027 160 0 1
32.852550609799536 -22.74 1.4 2027 160 0 1
36.45441295734965 -22.74 1.4 2027 160 0 1
40.05627530489976 -22.74 1.4 2027 160 0 1
43.65813765244989 -22.74 1.4 2027 160 0 1
47.260000000000005 -22.74 1.4 2027 160 0 1
50.861862347550115 -22.74 1.4 2027 160 0 1
54.46372469510024 -22.74 1.4 2027 160 0 1
58.06558704265036 -22.74 1.4 2027 160 0 1
61.667449390200474 -22.74 1.4 2027 160 0 1
38.252558334251674 -19.419999999999998 1.4 2027 160 0 1
41.774684524465485 -19.419999999999998 1.4 2027 160 0 1
45.296810714679296 -19.419999999999998 1.4 2027 160 0 1
48.8189369048931 -19.419999999999998 1.4 2027 160 0 1
52.34106309510691 -19.419999999999998 1.4 2027 160 0 1
55.863189285320715 -19.419999999999998 1.4 2027 160 0 1
59.385315475534526 -19.419999999999998 1.4 2027 160 0 1
62.90744166574833 -19.419999999999998 1.4 2027 160 0 1
1.0599708966633525 -62.57999999999999 1.4 2027 170 0 1
8.294978172497515 -62.57999999999999 1.4 2027 170 0 1
15.529985448331677 -62.57999999999999 1.4 2027 170 0 1
22.76499272416584 -62.57999999999999 1.4 2027 170 0 1
30.0 -62.57999999999999 1.4 2027 170 0 1
37.235007275834164 -62.57999999999999 1.4 2027 170 0 1
44.47001455166833 -62.57999999999999 1.4 2027 170 0 1
51.70502182750249 -62.57999999999999 1.4 2027 170 0 1
58.940029103336656 -62.57999999999999 1.4 2027 170 0 1
0.6895171908579147 -59.26 1.4 2027 170 0 1
7.202957815111711 -59.26 1.4 2027 170 0 1
13.716398439365507 -59.26 1.4 2027 170 0 1
20.229839063619302 -59.26 1.4 2027 170 0 1
26.743279687873102 -59.26 1.4 2027 170 0 1
33.256720312126895 -59.26 1.4 2027 170 0 1
39.77016093638069 -59.26 1.4 2027 170 0 1
46.283601560634494 -59.26 1.4 2027 170 0 1
52.797042184888284 -59.26 1.4 2027 170 0 1
59.31048280914209 -59.26 1.4 2027 170 0 1
0.293322366487323 -55.94 1.4 2027 170 0 1
6.234657893189859 -55.94 1.4 2027 170 0 1
12.175993419892395 -55.94 1.4 2027 170 0 1
18.11732894659493 -55.94 1.4 2027 170 0 1
24.05866447329747 -55.94 1.4 2027 170 0 1
30.000000000000004 -55.94 1.4 2027 170 0 1
35.94133552670254 -55.94 1.4 2027 170 0 1
41.882671053405076 -55.94 1.4 2027 170 0 1
47.82400658010762 -55.94 1.4 2027 170 0 1
53.76534210681015 -55.94 1.4 2027 170 0 1
59.70667763351268 -55.94 1.4 2027 170 0 1
-0.13347774131321377 -52.61999999999999 1.4 2027 170 0 1
5.3453363934710065 -52.61999999999999 1.4 2027 170 0 1
10.824150528255227 -52.61999999999999 1.4 2027 170 0 1
16.302964663039447 -52.61999999999999 1.4 2027 170 0 1
21.78177879782367 -52.61999999999999 1.4 2027 170 0 1
27.26059293260789 -52.61999999999999 1.4 2027 170 0 1
32.73940706739211 -52.61999999999999 1.4 2027 170 0 1
38.21822120217633 -52.61999999999999 1.4 2027 170 0 1
43.69703533696055 -52.61999999999999 1.4 2027 170 0 1
49.175849471744776 -52.61999999999999 1.4 2027 170 0 1
54.65466360652899 -52.61999999999999 1.4 2027 170 0 1
60.133477741313214 -52.61999999999999 1.4 2027 170 0 1
-0.5950943266123883 -49.3 1.4 2027 170 0 1
4.504088061156343 -49.3 1.4 2027 170 0 1
9.603270448925073 -49.3 1.4 2027 170 0 1
14.702452836693807 -49.3 1.4 2027 170 0 1
19.801635224462537 -49.3 1.4 2027 170 0 1
24.90081761223127 -49.3 1.4 2027 170 0 1
30.000000000000004 -49.3 1.4 2027 170 0 1
35.099182387768735 -49.3 1.4 2027 170 0 1
40.19836477553746 -49.3 1.4 2027 170 0 1
45.2975471633062 -49.3 1.4 2027 170 0 1
50.39672955107493 -49.3 1.4 2027 170 0 1
55.49591193884366 -49.3 1.4 2027 170 0 1
60.5950943266124 -49.3 1.4 2027 170 0 1
-1.0954109116377642 -45.98 1.4 2027 170 0 1
3.688498459383431 -45.98 1.4 2027 170 0 1
8.472407830404626 -45.98 1.4 2027 170 0 1
13.25631720142582 -45.98 1.4 2027 170 0 1
18.040226572447015 -45.98 1.4 2027 170 0 1
22.82413594346821 -45.98 1.4 2027 170 0 1
27.608045314489402 -45.98 1.4 2027 170 0 1
32.3919546855106 -45.98 1.4 2027 170 0 1
37.17586405653179 -45.98 1.4 2027 170 0 1
41.95977342755299 -45.98 1.4 2027 170 0 1
46.743682798574184 -45.98 1.4 2027 170 0 1
51.52759216959537 -45.98 1.4 2027 170 0 1
56.31150154061657 -45.98 1.4 2027 170 0 1
61.095410911637764 -45.98 1.4 2027 170 0 1
0.6216692648952433 -42.66 1.4 2027 170 0 1
5.14141245491136 -42.66 1.4 2027 170 0 1
9.661155644927476 -42.66 1.4 2027 170 0 1
14.180898834943594 -42.66 1.4 2027 170 0 1
18.70064202495971 -42.66 1.4 2027 170 0 1
23.220385214975828 -42.66 1.4 2027 170 0 1
27.740128404991943 -42.66 1.4 2027 170 0 1
32.25987159500806 -42.66 1.4 2027 170 0 1
36.77961478502418 -42.66 1.4 2027 170 0 1
41.299357975040294 -42.66 1.4 2027 170 0 1
45.819101165056416 -42.66 1.4 2027 170 0 1
50.33884435507253 -42.66 1.4 2027 170 0 1
54.85858754508864 -42.66 1.4 2027 170 0 1
59.378330735104754 -42.66 1.4 2027 170 0 1
5.378166238533729 -39.339999999999996 1.4 2027 170 0 1
9.675138532111442 -39.339999999999996 1.4 2027 170 0 1
13.972110825689155 -39.339999999999996 1.4 2027 170 0 1
18.269083119266867 -39.339999999999996 1.4 2027 170 0 1
22.56605541284458 -39.339999999999996 1.4 2027 170 0 1
26.86302770642229 -39.339999999999996 1.4 2027 170 0 1
31.160000000000007 -39.339999999999996 1.4 2027 170 0 1
35.45697229357772 -39.339999999999996 1.4 2027 170 0 1
39.75394458715543 -39.339999999999996 1.4 2027 170 0 1
44.05091688073314 -39.339999999999996 1.4 2027 170 0 1
48.34788917431085 -39.339999999999996 1.4 2027 170 0 1
52.64486146788857 -39.339999999999996 1.4 2027 170 0 1
56.941833761466285 -39.339999999999996 1.4 2027 170 0 1
11.384160767524211 -36.019999999999996 1.4 2027 170 0 1
15.4924951734289 -36.019999999999996 1.4 2027 170 0 1
19.600829579333592 -36.019999999999996 1.4 2027 170 0 1
23.70916398523828 -36.019999999999996 1.4 2027 170 0 1
27.81749839114297 -36.019999999999996 1.4 2027 170 0 1
31.925832797047658 -36.019999999999996 1.4 2027 170 0 1
36.03416720295235 -36.019999999999996 1.4 2027 170 0 1
40.14250160885704 -36.019999999999996 1.4 2027 170 0 1
44.25083601476172 -36.019999999999996 1.4 2027 170 0 1
48.359170420666416 -36.019999999999996 1.4 2027 170 0 1
52.4675048265711 -36.019999999999996 1.4 2027 170 0 1
56.5758392324758 -36.019999999999996 1.4 2027 170 0 1
17.55845848341026 -32.699999999999996 1.4 2027 170 0 1
21.506766786728207 -32.699999999999996 1.4 2027 170 0 1
25.455075090046154 -32.699999999999996 1.4 2027 170 0 1
29.403383393364106 -32.699999999999996 1.4 2027 170 0 1
33.35169169668205 -32.699999999999996 1.4 2027 170 0 1
37.3 -32.699999999999996 1.4 2027 170 0 1
41.24830830331795 -32.699999999999996 1.4 2027 170 0 1
45.1966166066359 -32.699999999999996 1.4 2027 170 0 1
49.14492490995385 -32.699999999999996 1.4 2027 170 0 1
53.093233213271795 -32.699999999999996 1.4 2027 170 0 1
57.041541516589746 -32.699999999999996 1.4 2027 170 0 1
23.463116787633417 -29.38 1.4 2027 170 0 1
27.275757501492656 -29.38 1.4 2027 170 0 1
31.088398215351894 -29.38 1.4 2027 170 0 1
34.90103892921114 -29.38 1.4 2027 170 0 1
38.71367964307038 -29.38 1.4 2027 170 0 1
42.526320356929624 -29.38 1.4 2027 170 0 1
46.33896107078886 -29.38 1.4 2027 170 0 1
50.1516017846481 -29.38 1.4 2027 170 0 1
53.96424249850733 -29.38 1.4 2027 170 0 1
57.776883212366585 -29.38 1.4 2027 170 0 1
29.14791005593897 -26.060000000000002 1.4 2027 170 0 1
32.84593254195423 -26.060000000000002 1.4 2027 170 0 1
36.54395502796948 -26.060000000000002 1.4 2027 170 0 1
40.24197751398474 -26.060000000000002 1.4 2027 170 0 1
43.940000000000005 -26.060000000000002 1.4 2027 170 0 1
47.63802248601527 -26.060000000000002 1.4 2027 170 0 1
51.33604497203052 -26.060000000000002 1.4 2027 170 0 1
55.03406745804578 -26.060000000000002 1.4 2027 170 0 1
58.73208994406104 -26.060000000000002 1.4 2027 170 0 1
32.852550609799536 -22.74 1.4 2027 170 0 1
36.45441295734965 -22.74 1.4 2027 170 0 1
40.05627530489976 -22.74 1.4 2027 170 0 1
43.65813765244989 -22.74 1.4 2027 170 0 1
47.260000000000005 -22.74 1.4 2027 170 0 1
50.861862347550115 -22.74 1.4 2027 170 0 1
54.46372469510024 -22.74 1.4 2027 170 0 1
58.06558704265036 -22.74 1.4 2027 170 0 1
61.667449390200474 -22.74 1.4 2027 170 0 1
38.252558334251674 -19.419999999999998 1.4 2027 170 0 1
41.774684524465485 -19.419999999999998 1.4 2027 170 0 1
45.296810714679296 -19.419999999999998 1.4 2027 170 0 1
48.8189369048931 -19.419999999999998 1.4 2027 170 0 1
52.34106309510691 -19.419999999999998 1.4 2027 170 0 1
55.863189285320715 -19.419999999999998 1.4 2027 170 0 1
59.385315475534526 -19.419999999999998 1.4 2027 170 0 1
62.90744166574833 -19.419999999999998 1.4 2027 170 0 1
1.0599708966633525 -62.57999999999999 1.4 2027 180 0 1
8.294978172497515 -62.57999999999999 1.4 2027 180 0 1
15.529985448331677 -62.57999999999999 1.4 2027 180 0 1
22.76499272416584 -62.57999999999999 1.4 2027 180 0 1
30.0 -62.57999999999999 1.4 2027 180 0 1
37.235007275834164 -62.57999999999999 1.4 2027 180 0 1
44.47001455166833 -62.57999999999999 1.4 2027 180 0 1
51.70502182750249 -62.57999999999999 1.4 2027 180 0 1
58.940029103336656 -62.57999999999999 1.4 2027 180 0 1
0.6895171908579147 -59.26 1.4 2027 180 0 1
7.202957815111711 -59.26 1.4 2027 180 0 1
13.716398439365507 -59.26 1.4 2027 180 0 1
20.229839063619302 -59.26 1.4 2027 180 0 1
26.743279687873102 -59.26 1.4 2027 180 0 1
33.256720312126895 -59.26 1.4 2027 180 0 1
39.77016093638069 -59.26 1.4 2027 180 0 1
46.283601560634494 -59.26 1.4 2027 180 0 1
52.797042184888284 -59.26 1.4 2027 180 0 1
59.31048280914209 -59.26 1.4 2027 180 0 1
0.293322366487323 -55.94 1.4 2027 180 0 1
6.234657893189859 -55.94 1.4 2027 180 0 1
12.175993419892395 -55.94 1.4 2027 180 0 1
18.11732894659493 -55.94 1.4 2027 180 0 1
24.05866447329747 -55.94 1.4 2027 180 0 1
30.000000000000004 -55.94 1.4 2027 180 0 1
35.94133552670254 -55.94 1.4 2027 180 0 1
41.882671053405076 -55.94 1.4 2027 180 0 1
47.82400658010762 -55.94 1.4 2027 180 0 1
53.76534210681015 -55.94 1.4 2027 180 0 1
59.70667763351268 -55.94 1.4 2027 180 0 1
-0.13347774131321377 -52.61999999999999 1.4 2027 180 0 1
5.3453363934710065 -52.61999999999999 1.4 2027 180 0 1
10.824150528255227 -52.61999999999999 1.4 2027 180 0 1
16.302964663039447 -52.61999999999999 1.4 2027 180 0 1
21.78177879782367 -52.61999999999999 1.4 2027 180 0 1
27.26059293260789 -52.61999999999999 1.4 2027 180 0 1
32.73940706739211 -52.61999999999999 1.4 2027 180 0 1
38.21822120217633 -52.61999999999999 1.4 2027 180 0 1
43.69703533696055 -52.61999999999999 1.4 2027 180 0 1
49.175849471744776 -52.61999999999999 1.4 2027 180 0 1
54.65466360652899 -52.61999999999999 1.4 2027 180 0 1
60.133477741313214 -52.61999999999999 1.4 2027 180 0 1
-0.5950943266123883 -49.3 1.4 2027 180 0 1
4.504088061156343 -49.3 1.4 2027 180 0 1
9.603270448925073 -49.3 1.4 2027 180 0 1
14.702452836693807 -49.3 1.4 2027 180 0 1
19.801635224462537 -49.3 1.4 2027 180 0 1
24.90081761223127 -49.3 1.4 2027 180 0 1
30.000000000000004 -49.3 1.4 2027 180 0 1
35.099182387768735 -49.3 1.4 2027 180 0 1
40.19836477553746 -49.3 1.4 2027 180 0 1
45.2975471633062 -49.3 1.4 2027 180 0 1
50.39672955107493 -49.3 1.4 2027 180 0 1
55.49591193884366 -49.3 1.4 2027 180 0 1
60.5950943266124 -49.3 1.4 2027 180 0 1
-1.0954109116377642 -45.98 1.4 2027 180 0 1
3.688498459383431 -45.98 1.4 2027 180 0 1
8.472407830404626 -45.98 1.4 2027 180 0 1
13.25631720142582 -45.98 1.4 2027 180 0 1
18.040226572447015 -45.98 1.4 2027 180 0 1
22.82413594346821 -45.98 1.4 2027 180 0 1
27.608045314489402 -45.98 1.4 2027 180 0 1
32.3919546855106 -45.98 1.4 2027 180 0 1
37.17586405653179 -45.98 1.4 2027 180 0 1
41.95977342755299 -45.98 1.4 2027 180 0 1
46.743682798574184 -45.98 1.4 2027 180 0 1
51.52759216959537 -45.98 1.4 2027 180 0 1
56.31150154061657 -45.98 1.4 2027 180 0 1
61.095410911637764 -45.98 1.4 2027 180 0 1
0.6216692648952433 -42.66 1.4 2027 180 0 1
5.14141245491136 -42.66 1.4 2027 180 0 1
9.661155644927476 -42.66 1.4 2027 180 0 1
14.180898834943594 -42.66 1.4 2027 180 0 1
18.70064202495971 -42.66 1.4 2027 180 0 1
23.220385214975828 -42.66 1.4 2027 180 0 1
27.740128404991943 -42.66 1.4 2027 180 0 1
32.25987159500806 -42.66 1.4 2027 180 0 1
36.77961478502418 -42.66 1.4 2027 180 0 1
41.299357975040294 -42.66 1.4 2027 180 0 1
45.819101165056416 -42.66 1.4 2027 180 0 1
50.33884435507253 -42.66 1.4 2027 180 0 1
54.85858754508864 -42.66 1.4 2027 180 0 1
59.378330735104754 -42.66 1.4 2027 180 0 1
5.378166238533729 -39.339999999999996 1.4 2027 180 0 1
9.675138532111442 -39.339999999999996 1.4 2027 180 0 1
13.972110825689155 -39.339999999999996 1.4 2027 180 0 1
18.269083119266867 -39.339999999999996 1.4 2027 180 0 1
22.56605541284458 -39.339999999999996 1.4 2027 180 0 1
26.86302770642229 -39.339999999999996 1.4 2027 180 0 1
31.160000000000007 -39.339999999999996 1.4 2027 180 0 1
35.45697229357772 -39.339999999999996 1.4 2027 180 0 1
39.75394458715543 -39.339999999999996 1.4 2027 180 0 1
44.05091688073314 -39.339999999999996 1.4 2027 180 0 1
48.34788917431085 -39.339999999999996 1.4 2027 180 0 1
52.64486146788857 -39.339999999999996 1.4 2027 180 0 1
56.941833761466285 -39.339999999999996 1.4 2027 180 0 1
11.384160767524211 -36.019999999999996 1.4 2027 180 0 1
15.4924951734289 -36.019999999999996 1.4 2027 180 0 1
19.600829579333592 -36.019999999999996 1.4 2027 180 0 1
23.70916398523828 -36.019999999999996 1.4 2027 180 0 1
27.81749839114297 -36.019999999999996 1.4 2027 180 0 1
31.925832797047658 -36.019999999999996 1.4 2027 180 0 1
36.03416720295235 -36.019999999999996 1.4 2027 180 0 1
40.14250160885704 -36.019999999999996 1.4 2027 180 0 1
44.25083601476172 -36.019999999999996 1.4 2027 180 0 1
48.359170420666416 -36.019999999999996 1.4 2027 180 0 1
52.4675048265711 -36.019999999999996 1.4 2027 180 0 1
56.5758392324758 -36.019999999999996 1.4 2027 180 0 1
17.55845848341026 -32.699999999999996 1.4 2027 180 0 1
21.506766786728207 -32.699999999999996 1.4 2027 180 0 1
25.455075090046154 -32.699999999999996 1.4 2027 180 0 1
29.403383393364106 -32.699999999999996 1.4 2027 180 0 1
33.35169169668205 -32.699999999999996 1.4 2027 180 0 1
37.3 -32.699999999999996 1.4 2027 180 0 1
41.24830830331795 -32.699999999999996 1.4 2027 180 0 1
45.1966166066359 -32.699999999999996 1.4 2027 180 0 1
49.14492490995385 -32.699999999999996 1.4 2027 180 0 1
53.093233213271795 -32.699999999999996 1.4 2027 180 0 1
57.041541516589746 -32.699999999999996 1.4 2027 180 0 1
23.463116787633417 -29.38 1.4 2027 180 0 1
27.275757501492656 -29.38 1.4 2027 180 0 1
31.088398215351894 -29.38 1.4 2027 180 0 1
34.90103892921114 -29.38 1.4 2027 180 0 1
38.71367964307038 -29.38 1.4 2027 180 0 1
42.526320356929624 -29.38 1.4 2027 180 0 1
46.33896107078886 -29.38 1.4 2027 180 0 1
50.1516017846481 -29.38 1.4 2027 180 0 1
53.96424249850733 -29.38 1.4 2027 180 0 1
57.776883212366585 -29.38 1.4 2027 180 0 1
29.14791005593897 -26.060000000000002 1.4 2027 180 0 1
32.84593254195423 -26.060000000000002 1.4 2027 180 0 1
36.54395502796948 -26.060000000000002 1.4 2027 180 0 1
40.24197751398474 -26.060000000000002 1.4 2027 180 0 1
43.940000000000005 -26.060000000000002 1.4 2027 180 0 1
47.63802248601527 -26.060000000000002 1.4 2027 180 0 1
51.33604497203052 -26.060000000000002 1.4 2027 180 0 1
55.03406745804578 -26.060000000000002 1.4 2027 180 0 1
58.73208994406104 -26.060000000000002 1.4 2027 180 0 1
32.852550609799536 -22.74 1.4 2027 180 0 1
36.45441295734965 -22.74 1.4 2027 180 0 1
40.05627530489976 -22.74 1.4 2027 180 0 1
43.65813765244989 -22.74 1.4 2027 180 0 1
47.260000000000005 -22.74 1.4 2027 180 0 1
50.861862347550115 -22.74 1.4 2027 180 0 1
54.46372469510024 -22.74 1.4 2027 180 0 1
58.06558704265036 -22.74 1.4 2027 180 0 1
61.667449390200474 -22.74 1.4 2027 180 0 1
38.252558334251674 -19.419999999999998 1.4 2027 180 0 1
41.774684524465485 -19.419999999999998 1.4 2027 180 0 1
45.296810714679296 -19.419999999999998 1.4 2027 180 0 1
48.8189369048931 -19.419999999999998 1.4 2027 180 0 1
52.34106309510691 -19.419999999999998 1.4 2027 180 0 1
55.863189285320715 -19.419999999999998 1.4 2027 180 0 1
59.385315475534526 -19.419999999999998 1.4 2027 180 0 1
62.90744166574833 -19.419999999999998 1.4 2027 180 0 1
1.0599708966633525 -62.57999999999999 1.4 2027 190 0 1
8.294978172497515 -62.57999999999999 1.4 2027 190 0 1
15.529985448331677 -62.57999999999999 1.4 2027 190 0 1
22.76499272416584 -62.57999999999999 1.4 2027 190 0 1
30.0 -62.57999999999999 1.4 2027 190 0 1
37.235007275834164 -62.57999999999999 1.4 2027 190 0 1
44.47001455166833 -62.57999999999999 1.4 2027 190 0 1
51.70502182750249 -62.57999999999999 1.4 2027 190 0 1
58.940029103336656 -62.57999999999999 1.4 2027 190 0 1
0.6895171908579147 -59.26 1.4 2027 190 0 1
7.202957815111711 -59.26 1.4 2027 190 0 1
13.716398439365507 -59.26 1.4 2027 190 0 1
20.229839063619302 -59.26 1.4 2027 190 0 1
26.743279687873102 -59.26 1.4 2027 190 0 1
33.256720312126895 -59.26 1.4 2027 190 0 1
39.77016093638069 -59.26 1.4 2027 190 0 1
46.283601560634494 -59.26 1.4 2027 190 0 1
52.797042184888284 -59.26 1.4 2027 190 0 1
59.31048280914209 -59.26 1.4 2027 190 0 1
0.293322366487323 -55.94 1.4 2027 190 0 1
6.234657893189859 -55.94 1.4 2027 190 0 1
12.175993419892395 -55.94 1.4 2027 190 0 1
18.11732894659493 -55.94 1.4 2027 190 0 1
24.05866447329747 -55.94 1.4 2027 190 0 1
30.000000000000004 -55.94 1.4 2027 190 0 1
35.94133552670254 -55.94 1.4 2027 190 0 1
41.882671053405076 -55.94 1.4 2027 190 0 1
47.82400658010762 -55.94 1.4 2027 190 0 1
53.76534210681015 -55.94 1.4 2027 190 0 1
59.70667763351268 -55.94 1.4 2027 190 0 1
-0.13347774131321377 -52.61999999999999 1.4 2027 190 0 1
5.3453363934710065 -52.61999999999999 1.4 2027 190 0 1
10.824150528255227 -52.61999999999999 1.4 2027 190 0 1
16.302964663039447 -52.61999999999999 1.4 2027 190 0 1
21.78177879782367 -52.61999999999999 1.4 2027 190 0 1
27.26059293260789 -52.61999999999999 1.4 2027 190 0 1
32.73940706739211 -52.61999999999999 1.4 2027 190 0 1
38.21822120217633 -52.61999999999999 1.4 2027 190 0 1
43.69703533696055 -52.61999999999999 1.4 2027 190 0 1
49.175849471744776 -52.61999999999999 1.4 2027 190 0 1
54.65466360652899 -52.61999999999999 1.4 2027 190 0 1
60.133477741313214 -52.61999999999999 1.4 2027 190 0 1
-0.5950943266123883 -49.3 1.4 2027 190 0 1
4.504088061156343 -49.3 1.4 2027 190 0 1
9.603270448925073 -49.3 1.4 2027 190 0 1
14.702452836693807 -49.3 1.4 2027 190 0 1
19.801635224462537 -49.3 1.4 2027 190 0 1
24.90081761223127 -49.3 1.4 2027 190 0 1
30.000000000000004 -49.3 1.4 2027 190 0 1
35.099182387768735 -49.3 1.4 2027 190 0 1
40.19836477553746 -49.3 1.4 2027 190 0 1
45.2975471633062 -49.3 1.4 2027 190 0 1
50.39672955107493 -49.3 1.4 2027 190 0 1
55.49591193884366 -49.3 1.4 2027 190 0 1
60.5950943266124 -49.3 1.4 2027 190 0 1
-1.0954109116377642 -45.98 1.4 2027 190 0 1
3.688498459383431 -45.98 1.4 2027 190 0 1
8.472407830404626 -45.98 1.4 2027 190 0 1
13.25631720142582 -45.98 1.4 2027 190 0 1
18.040226572447015 -45.98 1.4 2027 190 0 1
22.82413594346821 -45.98 1.4 2027 190 0 1
27.608045314489402 -45.98 1.4 2027 190 0 1
32.3919546855106 -45.98 1.4 2027 190 0 1
37.17586405653179 -45.98 1.4 2027 190 0 1
41.95977342755299 -45.98 1.4 2027 190 0 1
46.743682798574184 -45.98 1.4 2027 190 0 1
51.52759216959537 -45.98 1.4 2027 190 0 1
56.31150154061657 -45.98 1.4 2027 190 0 1
61.095410911637764 -45.98 1.4 2027 190 0 1
0.6216692648952433 -42.66 1.4 2027 190 0 1
5.14141245491136 -42.66 1.4 2027 190 0 1
9.661155644927476 -42.66 1.4 2027 190 0 1
14.180898834943594 -42.66 1.4 2027 190 0 1
18.70064202495971 -42.66 1.4 2027 190 0 1
23.220385214975828 -42.66 1.4 2027 190 0 1
27.740128404991943 -42.66 1.4 2027 190 0 1
32.25987159500806 -42.66 1.4 2027 190 0 1
36.77961478502418 -42.66 1.4 2027 190 0 1
41.299357975040294 -42.66 1.4 2027 190 0 1
45.819101165056416 -42.66 1.4 2027 190 0 1
50.33884435507253 -42.66 1.4 2027 190 0 1
54.85858754508864 -42.66 1.4 2027 190 0 1
59.378330735104754 -42.66 1.4 2027 190 0 1
5.378166238533729 -39.339999999999996 1.4 2027 190 0 1
9.675138532111442 -39.339999999999996 1.4 2027 190 0 1
13.972110825689155 -39.339999999999996 1.4 2027 190 0 1
18.269083119266867 -39.339999999999996 1.4 2027 190 0 1
22.56605541284458 -39.339999999999996 1.4 2027 190 0 1
26.86302770642229 -39.339999999999996 1.4 2027 190 0 1
31.160000000000007 -39.339999999999996 1.4 2027 190 0 1
35.45697229357772 -39.339999999999996 1.4 2027 190 0 1
39.75394458715543 -39.339999999999996 1.4 2027 190 0 1
44.05091688073314 -39.339999999999996 1.4 2027 190 0 1
48.34788917431085 -39.339999999999996 1.4 2027 190 0 1
52.64486146788857 -39.339999999999996 1.4 2027 190 0 1
56.941833761466285 -39.339999999999996 1.4 2027 190 0 1
11.384160767524211 -36.019999999999996 1.4 2027 190 0 1
15.4924951734289 -36.019999999999996 1.4 2027 190 0 1
19.600829579333592 -36.019999999999996 1.4 2027 190 0 1
23.70916398523828 -36.019999999999996 1.4 2027 190 0 1
27.81749839114297 -36.019999999999996 1.4 2027 190 0 1
31.925832797047658 -36.019999999999996 1.4 2027 190 0 1
36.03416720295235 -36.019999999999996 1.4 2027 190 0 1
40.14250160885704 -36.019999999999996 1.4 2027 190 0 1
44.25083601476172 -36.019999999999996 1.4 2027 190 0 1
48.359170420666416 -36.019999999999996 1.4 2027 190 0 1
52.4675048265711 -36.019999999999996 1.4 2027 190 0 1
56.5758392324758 -36.019999999999996 1.4 2027 190 0 1
17.55845848341026 -32.699999999999996 1.4 2027 190 0 1
21.506766786728207 -32.699999999999996 1.4 2027 190 0 1
25.455075090046154 -32.699999999999996 1.4 2027 190 0 1
29.403383393364106 -32.699999999999996 1.4 2027 190 0 1
33.35169169668205 -32.699999999999996 1.4 2027 190 0 1
37.3 -32.699999999999996 1.4 2027 190 0 1
41.24830830331795 -32.699999999999996 1.4 2027 190 0 1
45.1966166066359 -32.699999999999996 1.4 2027 190 0 1
49.14492490995385 -32.699999999999996 1.4 2027 190 0 1
53.093233213271795 -32.699999999999996 1.4 2027 190 0 1
57.041541516589746 -32.699999999999996 1.4 2027 190 0 1
23.463116787633417 -29.38 1.4 2027 190 0 1
27.275757501492656 -29.38 1.4 2027 190 0 1
31.088398215351894 -29.38 1.4 2027 190 0 1
34.90103892921114 -29.38 1.4 2027 190 0 1
38.71367964307038 -29.38 1.4 2027 190 0 1
42.526320356929624 -29.38 1.4 2027 190 0 1
46.33896107078886 -29.38 1.4 2027 190 0 1
50.1516017846481 -29.38 1.4 2027 190 0 1
53.96424249850733 -29.38 1.4 2027 190 0 1
57.776883212366585 -29.38 1.4 2027 190 0 1
29.14791005593897 -26.060000000000002 1.4 2027 190 0 1
32.84593254195423 -26.060000000000002 1.4 2027 190 0 1
36.54395502796948 -26.060000000000002 1.4 2027 190 0 1
40.24197751398474 -26.060000000000002 1.4 2027 190 0 1
43.940000000000005 -26.060000000000002 1.4 2027 190 0 1
47.63802248601527 -26.060000000000002 1.4 2027 190 0 1
51.33604497203052 -26.060000000000002 1.4 2027 190 0 1
55.03406745804578 -26.060000000000002 1.4 2027 190 0 1
58.73208994406104 -26.060000000000002 1.4 2027 190 0 1
32.852550609799536 -22.74 1.4 2027 190 0 1
36.45441295734965 -22.74 1.4 2027 190 0 1
40.05627530489976 -22.74 1.4 2027 190 0 1
43.65813765244989 -22.74 1.4 2027 190 0 1
47.260000000000005 -22.74 1.4 2027 190 0 1
50.861862347550115 -22.74 1.4 2027 190 0 1
54.46372469510024 -22.74 1.4 2027 190 0 1
58.06558704265036 -22.74 1.4 2027 190 0 1
61.667449390200474 -22.74 1.4 2027 190 0 1
38.252558334251674 -19.419999999999998 1.4 2027 190 0 1
41.774684524465485 -19.419999999999998 1.4 2027 190 0 1
45.296810714679296 -19.419999999999998 1.4 2027 190 0 1
48.8189369048931 -19.419999999999998 1.4 2027 190 0 1
52.34106309510691 -19.419999999999998 1.4 2027 190 0 1
55.863189285320715 -19.419999999999998 1.4 2027 190 0 1
59.385315475534526 -19.419999999999998 1.4 2027 190 0 1
62.90744166574833 -19.419999999999998 1.4 2027 190 0 1
1.0599708966633525 -62.57999999999999 1.4 2027 200 0 1
8.294978172497515 -62.57999999999999 1.4 2027 200 0 1
15.529985448331677 -62.57999999999999 1.4 2027 200 0 1
22.76499272416584 -62.57999999999999 1.4 2027 200 0 1
30.0 -62.57999999999999 1.4 2027 200 0 1
37.235007275834164 -62.57999999999999 1.4 2027 200 0 1
44.47001455166833 -62.57999999999999 1.4 2027 200 0 1
51.70502182750249 -62.57999999999999 1.4 2027 200 0 1
58.940029103336656 -62.57999999999999 1.4 2027 200 0 1
0.6895171908579147 -59.26 1.4 2027 200 0 1
7.202957815111711 -59.26 1.4 2027 200 0 1
13.716398439365507 -59.26 1.4 2027 200 0 1
20.229839063619302 -59.26 1.4 2027 200 0 1
26.743279687873102 -59.26 1.4 2027 200 0 1
33.256720312126895 -59.26 1.4 2027 200 0 1
39.77016093638069 -59.26 1.4 2027 200 0 1
46.283601560634494 -59.26 1.4 2027 200 0 1
52.797042184888284 -59.26 1.4 2027 200 0 1
59.31048280914209 -59.26 1.4 2027 200 0 1
0.293322366487323 -55.94 1.4 2027 200 0 1
6.234657893189859 -55.94 1.4 2027 200 0 1
12.175993419892395 -55.94 1.4 2027 200 0 1
18.11732894659493 -55.94 1.4 2027 200 0 1
24.05866447329747 -55.94 1.4 2027 200 0 1
30.000000000000004 -55.94 1.4 2027 200 0 1
35.94133552670254 -55.94 1.4 2027 200 0 1
41.882671053405076 -55.94 1.4 2027 200 0 1
47.82400658010762 -55.94 1.4 2027 200 0 1
53.76534210681015 -55.94 1.4 2027 200 0 1
59.70667763351268 -55.94 1.4 2027 200 0 1
-0.13347774131321377 -52.61999999999999 1.4 2027 200 0 1
5.3453363934710065 -52.61999999999999 1.4 2027 200 0 1
10.824150528255227 -52.61999999999999 1.4 2027 200 0 1
16.302964663039447 -52.61999999999999 1.4 2027 200 0 1
21.78177879782367 -52.61999999999999 1.4 2027 200 0 1
27.26059293260789 -52.61999999999999 1.4 2027 200 0 1
32.73940706739211 -52.61999999999999 1.4 2027 200 0 1
38.21822120217633 -52.61999999999999 1.4 2027 200 0 1
43.69703533696055 -52.61999999999999 1.4 2027 200 0 1
49.175849471744776 -52.61999999999999 1.4 2027 200 0 1
54.65466360652899 -52.61999999999999 1.4 2027 200 0 1
60.133477741313214 -52.61999999999999 1.4 2027 200 0 1
-0.5950943266123883 -49.3 1.4 2027 200 0 1
4.504088061156343 -49.3 1.4 2027 200 0 1
9.603270448925073 -49.3 1.4 2027 200 0 1
14.702452836693807 -49.3 1.4 2027 200 0 1
19.801635224462537 -49.3 1.4 2027 200 0 1
24.90081761223127 -49.3 1.4 2027 200 0 1
30.000000000000004 -49.3 1.4 2027 200 0 1
35.099182387768735 -49.3 1.4 2027 200 0 1
40.19836477553746 -49.3 1.4 2027 200 0 1
45.2975471633062 -49.3 1.4 2027 200 0 1
50.39672955107493 -49.3 1.4 2027 200 0 1
55.49591193884366 -49.3 1.4 2027 200 0 1
60.5950943266124 -49.3 1.4 2027 200 0 1
-1.0954109116377642 -45.98 1.4 2027 200 0 1
3.688498459383431 -45.98 1.4 2027 200 0 1
8.472407830404626 -45.98 1.4 2027 200 0 1
13.25631720142582 -45.98 1.4 2027 200 0 1
18.040226572447015 -45.98 1.4 2027 200 0 1
22.82413594346821 -45.98 1.4 2027 200 0 1
27.608045314489402 -45.98 1.4 2027 200 0 1
32.3919546855106 -45.98 1.4 2027 200 0 1
37.17586405653179 -45.98 1.4 2027 200 0 1
41.95977342755299 -45.98 1.4 2027 200 0 1
46.743682798574184 -45.98 1.4 2027 200 0 1
51.52759216959537 -45.98 1.4 2027 200 0 1
56.31150154061657 -45.98 1.4 2027 200 0 1
61.095410911637764 -45.98 1.4 2027 200 0 1
0.6216692648952433 -42.66 1.4 2027 200 0 1
5.14141245491136 -42.66 1.4 2027 200 0 1
9.661155644927476 -42.66 1.4 2027 200 0 1
14.180898834943594 -42.66 1.4 2027 200 0 1
18.70064202495971 -42.66 1.4 2027 200 0 1
23.220385214975828 -42.66 1.4 2027 200 0 1
27.740128404991943 -42.66 1.4 2027 200 0 1
32.25987159500806 -42.66 1.4 2027 200 0 1
36.77961478502418 -42.66 1.4 2027 200 0 1
41.299357975040294 -42.66 1.4 2027 200 0 1
45.819101165056416 -42.66 1.4 2027 200 0 1
50.33884435507253 -42.66 1.4 2027 200 0 1
54.85858754508864 -42.66 1.4 2027 200 0 1
59.378330735104754 -42.66 1.4 2027 200 0 1
5.378166238533729 -39.339999999999996 1.4 2027 200 0 1
9.675138532111442 -39.339999999999996 1.4 2027 200 0 1
13.972110825689155 -39.339999999999996 1.4 2027 200 0 1
18.269083119266867 -39.339999999999996 1.4 2027 200 0 1
22.56605541284458 -39.339999999999996 1.4 2027 200 0 1
26.86302770642229 -39.339999999999996 1.4 2027 200 0 1
31.160000000000007 -39.339999999999996 1.4 2027 200 0 1
35.45697229357772 -39.339999999999996 1.4 2027 200 0 1
39.75394458715543 -39.339999999999996 1.4 2027 200 0 1
44.05091688073314 -39.339999999999996 1.4 2027 200 0 1
48.34788917431085 -39.339999999999996 1.4 2027 200 0 1
52.64486146788857 -39.339999999999996 1.4 2027 200 0 1
56.941833761466285 -39.339999999999996 1.4 2027 200 0 1
11.384160767524211 -36.019999999999996 1.4 2027 200 0 1
15.4924951734289 -36.019999999999996 1.4 2027 200 0 1
19.600829579333592 -36.019999999999996 1.4 2027 200 0 1
23.70916398523828 -36.019999999999996 1.4 2027 200 0 1
27.81749839114297 -36.019999999999996 1.4 2027 200 0 1
31.925832797047658 -36.019999999999996 1.4 2027 200 0 1
36.03416720295235 -36.019999999999996 1.4 2027 200 0 1
40.14250160885704 -36.019999999999996 1.4 2027 200 0 1
44.25083601476172 -36.019999999999996 1.4 2027 200 0 1
48.359170420666416 -36.019999999999996 1.4 2027 200 0 1
52.4675048265711 -36.019999999999996 1.4 2027 200 0 1
56.5758392324758 -36.019999999999996 1.4 2027 200 0 1
17.55845848341026 -32.699999999999996 1.4 2027 200 0 1
21.506766786728207 -32.699999999999996 1.4 2027 200 0 1
25.455075090046154 -32.699999999999996 1.4 2027 200 0 1
29.403383393364106 -32.699999999999996 1.4 2027 200 0 1
33.35169169668205 -32.699999999999996 1.4 2027 200 0 1
37.3 -32.699999999999996 1.4 2027 200 0 1
41.24830830331795 -32.699999999999996 1.4 2027 200 0 1
45.1966166066359 -32.699999999999996 1.4 2027 200 0 1
49.14492490995385 -32.699999999999996 1.4 2027 200 0 1
53.093233213271795 -32.699999999999996 1.4 2027 200 0 1
57.041541516589746 -32.699999999999996 1.4 2027 200 0 1
23.463116787633417 -29.38 1.4 2027 200 0 1
27.275757501492656 -29.38 1.4 2027 200 0 1
31.088398215351894 -29.38 1.4 2027 200 0 1
34.90103892921114 -29.38 1.4 2027 200 0 1
38.71367964307038 -29.38 1.4 2027 200 0 1
42.526320356929624 -29.38 1.4 2027 200 0 1
46.33896107078886 -29.38 1.4 2027 200 0 1
50.1516017846481 -29.38 1.4 2027 200 0 1
53.96424249850733 -29.38 1.4 2027 200 0 1
57.776883212366585 -29.38 1.4 2027 200 0 1
29.14791005593897 -26.060000000000002 1.4 2027 200 0 1
32.84593254195423 -26.060000000000002 1.4 2027 200 0 1
36.54395502796948 -26.060000000000002 1.4 2027 200 0 1
40.24197751398474 -26.060000000000002 1.4 2027 200 0 1
43.940000000000005 -26.060000000000002 1.4 2027 200 0 1
47.63802248601527 -26.060000000000002 1.4 2027 200 0 1
51.33604497203052 -26.060000000000002 1.4 2027 200 0 1
55.03406745804578 -26.060000000000002 1.4 2027 200 0 1
58.73208994406104 -26.060000000000002 1.4 2027 200 0 1
32.852550609799536 -22.74 1.4 2027 200 0 1
36.45441295734965 -22.74 1.4 2027 200 0 1
40.05627530489976 -22.74 1.4 2027 200 0 1
43.65813765244989 -22.74 1.4 2027 200 0 1
47.260000000000005 -22.74 1.4 2027 200 0 1
50.861862347550115 -22.74 1.4 2027 200 0 1
54.46372469510024 -22.74 1.4 2027 200 0 1
58.06558704265036 -22.74 1.4 2027 200 0 1
61.667449390200474 -22.74 1.4 2027 200 0 1
38.252558334251674 -19.419999999999998 1.4 2027 200 0 1
41.774684524465485 -19.419999999999998 1.4 2027 200 0 1
45.296810714679296 -19.419999999999998 1.4 2027 200 0 1
48.8189369048931 -19.419999999999998 1.4 2027 200 0 1
52.34106309510691 -19.419999999999998 1.4 2027 200 0 1
55.863189285320715 -19.419999999999998 1.4 2027 200 0 1
59.385315475534526 -19.419999999999998 1.4 2027 200 0 1
62.90744166574833 -19.419999999999998 1.4 2027 200 0 1
1.0599708966633525 -62.57999999999999 1.4 2027 210 0 1
8.294978172497515 -62.57999999999999 1.4 2027 210 0 1
15.529985448331677 -62.57999999999999 1.4 2027 210 0 1
22.76499272416584 -62.57999999999999 1.4 2027 210 0 1
30.0 -62.57999999999999 1.4 2027 210 0 1
37.235007275834164 -62.57999999999999 1.4 2027 210 0 1
44.47001455166833 -62.57999999999999 1.4 2027 210 0 1
51.70502182750249 -62.57999999999999 1.4 2027 210 0 1
58.940029103336656 -62.57999999999999 1.4 2027 210 0 1
0.6895171908579147 -59.26 1.4 2027 210 0 1
7.202957815111711 -59.26 1.4 2027 210 0 1
13.716398439365507 -59.26 1.4 2027 210 0 1
20.229839063619302 -59.26 1.4 2027 210 0 1
26.743279687873102 -59.26 1.4 2027 210 0 1
33.256720312126895 -59.26 1.4 2027 210 0 1
39.77016093638069 -59.26 1.4 2027 210 0 1
46.283601560634494 -59.26 1.4 2027 210 0 1
52.797042184888284 -59.26 1.4 2027 210 0 1
59.31048280914209 -59.26 1.4 2027 210 0 1
0.293322366487323 -55.94 1.4 2027 210 0 1
6.234657893189859 -55.94 1.4 2027 210 0 1
12.175993419892395 -55.94 1.4 2027 210 0 1
18.11732894659493 -55.94 1.4 2027 210 0 1
24.05866447329747 -55.94 1.4 2027 210 0 1
30.000000000000004 -55.94 1.4 2027 210 0 1
35.94133552670254 -55.94 1.4 2027 210 0 1
41.882671053405076 -55.94 1.4 2027 210 0 1
47.82400658010762 -55.94 1.4 2027 210 0 1
53.76534210681015 -55.94 1.4 2027 210 0 1
59.70667763351268 -55.94 1.4 2027 210 0 1
-0.13347774131321377 -52.61999999999999 1.4 2027 210 0 1
5.3453363934710065 -52.61999999999999 1.4 2027 210 0 1
10.824150528255227 -52.61999999999999 1.4 2027 210 0 1
16.302964663039447 -52.61999999999999 1.4 2027 210 0 1
21.78177879782367 -52.61999999999999 1.4 2027 210 0 1
27.26059293260789 -52.61999999999999 1.4 2027 210 0 1
32.73940706739211 -52.61999999999999 1.4 2027 210 0 1
38.21822120217633 -52.61999999999999 1.4 2027 210 0 1
43.69703533696055 -52.61999999999999 1.4 2027 210 0 1
49.175849471744776 -52.61999999999999 1.4 2027 210 0 1
54.65466360652899 -52.61999999999999 1.4 2027 210 0 1
60.133477741313214 -52.61999999999999 1.4 2027 210 0 1
-0.5950943266123883 -49.3 1.4 2027 210 0 1
4.504088061156343 -49.3 1.4 2027 210 0 1
9.603270448925073 -49.3 1.4 2027 210 0 1
14.702452836693807 -49.3 1.4 2027 210 0 1
19.801635224462537 -49.3 1.4 2027 210 0 1
24.90081761223127 -49.3 1.4 2027 210 0 1
30.000000000000004 -49.3 1.4 2027 210 0 1
35.099182387768735 -49.3 1.4 2027 210 0 1
40.19836477553746 -49.3 1.4 2027 210 0 1
45.2975471633062 -49.3 1.4 2027 210 0 1
50.39672955107493 -49.3 1.4 2027 210 0 1
55.49591193884366 -49.3 1.4 2027 210 0 1
60.5950943266124 -49.3 1.4 2027 210 0 1
-1.0954109116377642 -45.98 1.4 2027 210 0 1
3.688498459383431 -45.98 1.4 2027 210 0 1
8.472407830404626 -45.98 1.4 2027 210 0 1
13.25631720142582 -45.98 1.4 2027 210 0 1
18.040226572447015 -45.98 1.4 2027 210 0 1
22.82413594346821 -45.98 1.4 2027 210 0 1
27.608045314489402 -45.98 1.4 2027 210 0 1
32.3919546855106 -45.98 1.4 2027 210 0 1
37.17586405653179 -45.98 1.4 2027 210 0 1
41.95977342755299 -45.98 1.4 2027 210 0 1
46.743682798574184 -45.98 1.4 2027 210 0 1
51.52759216959537 -45.98 1.4 2027 210 0 1
56.31150154061657 -45.98 1.4 2027 210 0 1
61.095410911637764 -45.98 1.4 2027 210 0 1
0.6216692648952433 -42.66 1.4 2027 210 0 1
5.14141245491136 -42.66 1.4 2027 210 0 1
9.661155644927476 -42.66 1.4 2027 210 0 1
14.180898834943594 -42.66 1.4 2027 210 0 1
18.70064202495971 -42.66 1.4 2027 210 0 1
23.220385214975828 -42.66 1.4 2027 210 0 1
27.740128404991943 -42.66 1.4 2027 210 0 1
32.25987159500806 -42.66 1.4 2027 210 0 1
36.77961478502418 -42.66 1.4 2027 210 0 1
41.299357975040294 -42.66 1.4 2027 210 0 1
45.819101165056416 -42.66 1.4 2027 210 0 1
50.33884435507253 -42.66 1.4 2027 210 0 1
54.85858754508864 -42.66 1.4 2027 210 0 1
59.378330735104754 -42.66 1.4 2027 210 0 1
5.378166238533729 -39.339999999999996 1.4 2027 210 0 1
9.675138532111442 -39.339999999999996 1.4 2027 210 0 1
13.972110825689155 -39.339999999999996 1.4 2027 210 0 1
18.269083119266867 -39.339999999999996 1.4 2027 210 0 1
22.56605541284458 -39.339999999999996 1.4 2027 210 0 1
26.86302770642229 -39.339999999999996 1.4 2027 210 0 1
31.160000000000007 -39.339999999999996 1.4 2027 210 0 1
35.45697229357772 -39.339999999999996 1.4 2027 210 0 1
39.75394458715543 -39.339999999999996 1.4 2027 210 0 1
44.05091688073314 -39.339999999999996 1.4 2027 210 0 1
48.34788917431085 -39.339999999999996 1.4 2027 210 0 1
52.64486146788857 -39.339999999999996 1.4 2027 210 0 1
56.941833761466285 -39.339999999999996 1.4 2027 210 0 1
11.384160767524211 -36.019999999999996 1.4 2027 210 0 1
15.4924951734289 -36.019999999999996 1.4 2027 210 0 1
19.600829579333592 -36.019999999999996 1.4 2027 210 0 1
23.70916398523828 -36.019999999999996 1.4 2027 210 0 1
27.81749839114297 -36.019999999999996 1.4 2027 210 0 1
31.925832797047658 -36.019999999999996 1.4 2027 210 0 1
36.03416720295235 -36.019999999999996 1.4 2027 210 0 1
40.14250160885704 -36.019999999999996 1.4 2027 210 0 1
44.25083601476172 -36.019999999999996 1.4 2027 210 0 1
48.359170420666416 -36.019999999999996 1.4 2027 210 0 1
52.4675048265711 -36.019999999999996 1.4 2027 210 0 1
56.5758392324758 -36.019999999999996 1.4 2027 210 0 1
17.55845848341026 -32.699999999999996 1.4 2027 210 0 1
21.506766786728207 -32.699999999999996 1.4 2027 210 0 1
25.455075090046154 -32.699999999999996 1.4 2027 210 0 1
29.403383393364106 -32.699999999999996 1.4 2027 210 0 1
33.35169169668205 -32.699999999999996 1.4 2027 210 0 1
37.3 -32.699999999999996 1.4 2027 210 0 1
41.24830830331795 -32.699999999999996 1.4 2027 210 0 1
45.1966166066359 -32.699999999999996 1.4 2027 210 0 1
49.14492490995385 -32.699999999999996 1.4 2027 210 0 1
53.093233213271795 -32.699999999999996 1.4 2027 210 0 1
57.041541516589746 -32.699999999999996 1.4 2027 210 0 1
23.463116787633417 -29.38 1.4 2027 210 0 1
27.275757501492656 -29.38 1.4 2027 210 0 1
31.088398215351894 -29.38 1.4 2027 210 0 1
34.90103892921114 -29.38 1.4 2027 210 0 1
38.71367964307038 -29.38 1.4 2027 210 0 1
42.526320356929624 -29.38 1.4 2027 210 0 1
46.33896107078886 -29.38 1.4 2027 210 0 1
50.1516017846481 -29.38 1.4 2027 210 0 1
53.96424249850733 -29.38 1.4 2027 210 0 1
57.776883212366585 -29.38 1.4 2027 210 0 1
29.14791005593897 -26.060000000000002 1.4 2027 210 0 1
32.84593254195423 -26.060000000000002 1.4 2027 210 0 1
36.54395502796948 -26.060000000000002 1.4 2027 210 0 1
40.24197751398474 -26.060000000000002 1.4 2027 210 0 1
43.940000000000005 -26.060000000000002 1.4 2027 210 0 1
47.63802248601527 -26.060000000000002 1.4 2027 210 0 1
51.33604497203052 -26.060000000000002 1.4 2027 210 0 1
55.03406745804578 -26.060000000000002 1.4 2027 210 0 1
58.73208994406104 -26.060000000000002 1.4 2027 210 0 1
32.852550609799536 -22.74 1.4 2027 210 0 1
36.45441295734965 -22.74 1.4 2027 210 0 1
40.05627530489976 -22.74 1.4 2027 210 0 1
43.65813765244989 -22.74 1.4 2027 210 0 1
47.260000000000005 -22.74 1.4 2027 210 0 1
50.861862347550115 -22.74 1.4 2027 210 0 1
54.46372469510024 -22.74 1.4 2027 210 0 1
58.06558704265036 -22.74 1.4 2027 210 0 1
61.667449390200474 -22.74 1.4 2027 210 0 1
38.252558334251674 -19.419999999999998 1.4 2027 210 0 1
41.774684524465485 -19.419999999999998 1.4 2027 210 0 1
45.296810714679296 -19.419999999999998 1.4 2027 210 0 1
48.8189369048931 -19.419999999999998 1.4 2027 210 0 1
52.34106309510691 -19.419999999999998 1.4 2027 210 0 1
55.863189285320715 -19.419999999999998 1.4 2027 210 0 1
59.385315475534526 -19.419999999999998 1.4 2027 210 0 1
62.90744166574833 -19.419999999999998 1.4 2027 210 0 1
1.0599708966633525 -62.57999999999999 1.4 2027 220 0 1
8.294978172497515 -62.57999999999999 1.4 2027 220 0 1
15.529985448331677 -62.57999999999999 1.4 2027 220 0 1
22.76499272416584 -62.57999999999999 1.4 2027 220 0 1
30.0 -62.57999999999999 1.4 2027 220 0 1
37.235007275834164 -62.57999999999999 1.4 2027 220 0 1
44.47001455166833 -62.57999999999999 1.4 2027 220 0 1
51.70502182750249 -62.57999999999999 1.4 2027 220 0 1
58.940029103336656 -62.57999999999999 1.4 2027 220 0 1
0.6895171908579147 -59.26 1.4 2027 220 0 1
7.202957815111711 -59.26 1.4 2027 220 0 1
13.716398439365507 -59.26 1.4 2027 220 0 1
20.229839063619302 -59.26 1.4 2027 220 0 1
26.743279687873102 -59.26 1.4 2027 220 0 1
33.256720312126895 -59.26 1.4 2027 220 0 1
39.77016093638069 -59.26 1.4 2027 220 0 1
46.283601560634494 -59.26 1.4 2027 220 0 1
52.797042184888284 -59.26 1.4 2027 220 0 1
59.31048280914209 -59.26 1.4 2027 220 0 1
0.293322366487323 -55.94 1.4 2027 220 0 1
6.234657893189859 -55.94 1.4 2027 220 0 1
12.175993419892395 -55.94 1.4 2027 220 0 1
18.11732894659493 -55.94 1.4 2027 220 0 1
24.05866447329747 -55.94 1.4 2027 220 0 1
30.000000000000004 -55.94 1.4 2027 220 0 1
35.94133552670254 -55.94 1.4 2027 220 0 1
41.882671053405076 -55.94 1.4 2027 220 0 1
47.82400658010762 -55.94 1.4 2027 220 0 1
53.76534210681015 -55.94 1.4 2027 220 0 1
59.70667763351268 -55.94 1.4 2027 220 0 1
-0.13347774131321377 -52.61999999999999 1.4 2027 220 0 1
5.3453363934710065 -52.61999999999999 1.4 2027 220 0 1
10.824150528255227 -52.61999999999999 1.4 2027 220 0 1
16.302964663039447 -52.61999999999999 1.4 2027 220 0 1
21.78177879782367 -52.61999999999999 1.4 2027 220 0 1
27.26059293260789 -52.61999999999999 1.4 2027 220 0 1
32.73940706739211 -52.61999999999999 1.4 2027 220 0 1
38.21822120217633 -52.61999999999999 1.4 2027 220 0 1
43.69703533696055 -52.61999999999999 1.4 2027 220 0 1
49.175849471744776 -52.61999999999999 1.4 2027 220 0 1
54.65466360652899 -52.61999999999999 1.4 2027 220 0 1
60.133477741313214 -52.61999999999999 1.4 2027 220 0 1
-0.5950943266123883 -49.3 1.4 2027 220 0 1
4.504088061156343 -49.3 1.4 2027 220 0 1
9.603270448925073 -49.3 1.4 2027 220 0 1
14.702452836693807 -49.3 1.4 2027 220 0 1
19.801635224462537 -49.3 1.4 2027 220 0 1
24.90081761223127 -49.3 1.4 2027 220 0 1
30.000000000000004 -49.3 1.4 2027 220 0 1
35.099182387768735 -49.3 1.4 2027 220 0 1
40.19836477553746 -49.3 1.4 2027 220 0 1
45.2975471633062 -49.3 1.4 2027 220 0 1
50.39672955107493 -49.3 1.4 2027 220 0 1
55.49591193884366 -49.3 1.4 2027 220 0 1
60.5950943266124 -49.3 1.4 2027 220 0 1
-1.0954109116377642 -45.98 1.4 2027 220 0 1
3.688498459383431 -45.98 1.4 2027 220 0 1
8.472407830404626 -45.98 1.4 2027 220 0 1
13.25631720142582 -45.98 1.4 2027 220 0 1
18.040226572447015 -45.98 1.4 2027 220 0 1
22.82413594346821 -45.98 1.4 2027 220 0 1
27.608045314489402 -45.98 1.4 2027 220 0 1
32.3919546855106 -45.98 1.4 2027 220 0 1
37.17586405653179 -45.98 1.4 2027 220 0 1
41.95977342755299 -45.98 1.4 2027 220 0 1
46.743682798574184 -45.98 1.4 2027 220 0 1
51.52759216959537 -45.98 1.4 2027 220 0 1
56.31150154061657 -45.98 1.4 2027 220 0 1
61.095410911637764 -45.98 1.4 2027 220 0 1
0.6216692648952433 -42.66 1.4 2027 220 0 1
5.14141245491136 -42.66 1.4 2027 220 0 1
9.661155644927476 -42.66 1.4 2027 220 0 1
14.180898834943594 -42.66 1.4 2027 220 0 1
18.70064202495971 -42.66 1.4 2027 220 0 1
23.220385214975828 -42.66 1.4 2027 220 0 1
27.740128404991943 -42.66 1.4 2027 220 0 1
32.25987159500806 -42.66 1.4 2027 220 0 1
36.77961478502418 -42.66 1.4 2027 220 0 1
41.299357975040294 -42.66 1.4 2027 220 0 1
45.819101165056416 -42.66 1.4 2027 220 0 1
50.33884435507253 -42.66 1.4 2027 220 0 1
54.85858754508864 -42.66 1.4 2027 220 0 1
59.378330735104754 -42.66 1.4 2027 220 0 1
5.378166238533729 -39.339999999999996 1.4 2027 220 0 1
9.675138532111442 -39.339999999999996 1.4 2027 220 0 1
13.972110825689155 -39.339999999999996 1.4 2027 220 0 1
18.269083119266867 -39.339999999999996 1.4 2027 220 0 1
22.56605541284458 -39.339999999999996 1.4 2027 220 0 1
26.86302770642229 -39.339999999999996 1.4 2027 220 0 1
31.160000000000007 -39.339999999999996 1.4 2027 220 0 1
35.45697229357772 -39.339999999999996 1.4 2027 220 0 1
39.75394458715543 -39.339999999999996 1.4 2027 220 0 1
44.05091688073314 -39.339999999999996 1.4 2027 220 0 1
48.34788917431085 -39.339999999999996 1.4 2027 220 0 1
52.64486146788857 -39.339999999999996 1.4 2027 220 0 1
56.941833761466285 -39.339999999999996 1.4 2027 220 0 1
11.384160767524211 -36.019999999999996 1.4 2027 220 0 1
15.4924951734289 -36.019999999999996 1.4 2027 220 0 1
19.600829579333592 -36.019999999999996 1.4 2027 220 0 1
23.70916398523828 -36.019999999999996 1.4 2027 220 0 1
27.81749839114297 -36.019999999999996 1.4 2027 220 0 1
31.925832797047658 -36.019999999999996 1.4 2027 220 0 1
36.03416720295235 -36.019999999999996 1.4 2027 220 0 1
40.14250160885704 -36.019999999999996 1.4 2027 220 0 1
44.25083601476172 -36.019999999999996 1.4 2027 220 0 1
48.359170420666416 -36.019999999999996 1.4 2027 220 0 1
52.4675048265711 -36.019999999999996 1.4 2027 220 0 1
56.5758392324758 -36.019999999999996 1.4 2027 220 0 1
17.55845848341026 -32.699999999999996 1.4 2027 220 0 1
21.506766786728207 -32.699999999999996 1.4 2027 220 0 1
25.455075090046154 -32.699999999999996 1.4 2027 220 0 1
29.403383393364106 -32.699999999999996 1.4 2027 220 0 1
33.35169169668205 -32.699999999999996 1.4 2027 220 0 1
37.3 -32.699999999999996 1.4 2027 220 0 1
41.24830830331795 -32.699999999999996 1.4 2027 220 0 1
45.1966166066359 -32.699999999999996 1.4 2027 220 0 1
49.14492490995385 -32.699999999999996 1.4 2027 220 0 1
53.093233213271795 -32.699999999999996 1.4 2027 220 0 1
57.041541516589746 -32.699999999999996 1.4 2027 220 0 1
23.463116787633417 -29.38 1.4 2027 220 0 1
27.275757501492656 -29.38 1.4 2027 220 0 1
31.088398215351894 -29.38 1.4 2027 220 0 1
34.90103892921114 -29.38 1.4 2027 220 0 1
38.71367964307038 -29.38 1.4 2027 220 0 1
42.526320356929624 -29.38 1.4 2027 220 0 1
46.33896107078886 -29.38 1.4 2027 220 0 1
50.1516017846481 -29.38 1.4 2027 220 0 1
53.96424249850733 -29.38 1.4 2027 220 0 1
57.776883212366585 -29.38 1.4 2027 220 0 1
29.14791005593897 -26.060000000000002 1.4 2027 220 0 1
32.84593254195423 -26.060000000000002 1.4 2027 220 0 1
36.54395502796948 -26.060000000000002 1.4 2027 220 0 1
40.24197751398474 -26.060000000000002 1.4 2027 220 0 1
43.940000000000005 -26.060000000000002 1.4 2027 220 0 1
47.63802248601527 -26.060000000000002 1.4 2027 220 0 1
51.33604497203052 -26.060000000000002 1.4 2027 220 0 1
55.03406745804578 -26.060000000000002 1.4 2027 220 0 1
58.73208994406104 -26.060000000000002 1.4 2027 220 0 1
32.852550609799536 -22.74 1.4 2027 220 0 1
36.45441295734965 -22.74 1.4 2027 220 0 1
40.05627530489976 -22.74 1.4 2027 220 0 1
43.65813765244989 -22.74 1.4 2027 220 0 1
47.260000000000005 -22.74 1.4 2027 220 0 1
50.861862347550115 -22.74 1.4 2027 220 0 1
54.46372469510024 -22.74 1.4 2027 220 0 1
58.06558704265036 -22.74 1.4 2027 220 0 1
61.667449390200474 -22.74 1.4 2027 220 0 1
38.252558334251674 -19.419999999999998 1.4 2027 220 0 1
41.774684524465485 -19.419999999999998 1.4 2027 220 0 1
45.296810714679296 -19.419999999999998 1.4 2027 220 0 1
48.8189369048931 -19.419999999999998 1.4 2027 220 0 1
52.34106309510691 -19.419999999999998 1.4 2027 220 0 1
55.863189285320715 -19.419999999999998 1.4 2027 220 0 1
59.385315475534526 -19.419999999999998 1.4 2027 220 0 1
62.90744166574833 -19.419999999999998 1.4 2027 220 0 1
1.0599708966633525 -62.57999999999999 1.4 2027 230 0 1
8.294978172497515 -62.57999999999999 1.4 2027 230 0 1
15.529985448331677 -62.57999999999999 1.4 2027 230 0 1
22.76499272416584 -62.57999999999999 1.4 2027 230 0 1
30.0 -62.57999999999999 1.4 2027 230 0 1
37.235007275834164 -62.57999999999999 1.4 2027 230 0 1
44.47001455166833 -62.57999999999999 1.4 2027 230 0 1
51.70502182750249 -62.57999999999999 1.4 2027 230 0 1
58.940029103336656 -62.57999999999999 1.4 2027 230 0 1
0.6895171908579147 -59.26 1.4 2027 230 0 1
7.202957815111711 -59.26 1.4 2027 230 0 1
13.716398439365507 -59.26 1.4 2027 230 0 1
20.229839063619302 -59.26 1.4 2027 230 0 1
26.743279687873102 -59.26 1.4 2027 230 0 1
33.256720312126895 -59.26 1.4 2027 230 0 1
39.77016093638069 -59.26 1.4 2027 230 0 1
46.283601560634494 -59.26 1.4 2027 230 0 1
52.797042184888284 -59.26 1.4 2027 230 0 1
59.31048280914209 -59.26 1.4 2027 230 0 1
0.293322366487323 -55.94 1.4 2027 230 0 1
6.234657893189859 -55.94 1.4 2027 230 0 1
12.175993419892395 -55.94 1.4 2027 230 0 1
18.11732894659493 -55.94 1.4 2027 230 0 1
24.05866447329747 -55.94 1.4 2027 230 0 1
30.000000000000004 -55.94 1.4 2027 230 0 1
35.94133552670254 -55.94 1.4 2027 230 0 1
41.882671053405076 -55.94 1.4 2027 230 0 1
47.82400658010762 -55.94 1.4 2027 230 0 1
53.76534210681015 -55.94 1.4 2027 230 0 1
59.70667763351268 -55.94 1.4 2027 230 0 1
-0.13347774131321377 -52.61999999999999 1.4 2027 230 0 1
5.3453363934710065 -52.61999999999999 1.4 2027 230 0 1
10.824150528255227 -52.61999999999999 1.4 2027 230 0 1
16.302964663039447 -52.61999999999999 1.4 2027 230 0 1
21.78177879782367 -52.61999999999999 1.4 2027 230 0 1
27.26059293260789 -52.61999999999999 1.4 2027 230 0 1
32.73940706739211 -52.61999999999999 1.4 2027 230 0 1
38.21822120217633 -52.61999999999999 1.4 2027 230 0 1
43.69703533696055 -52.61999999999999 1.4 2027 230 0 1
49.175849471744776 -52.61999999999999 1.4 2027 230 0 1
54.65466360652899 -52.61999999999999 1.4 2027 230 0 1
60.133477741313214 -52.61999999999999 1.4 2027 230 0 1
-0.5950943266123883 -49.3 1.4 2027 230 0 1
4.504088061156343 -49.3 1.4 2027 230 0 1
9.603270448925073 -49.3 1.4 2027 230 0 1
14.702452836693807 -49.3 1.4 2027 230 0 1
19.801635224462537 -49.3 1.4 2027 230 0 1
24.90081761223127 -49.3 1.4 2027 230 0 1
30.000000000000004 -49.3 1.4 2027 230 0 1
35.099182387768735 -49.3 1.4 2027 230 0 1
40.19836477553746 -49.3 1.4 2027 230 0 1
45.2975471633062 -49.3 1.4 2027 230 0 1
50.39672955107493 -49.3 1.4 2027 230 0 1
55.49591193884366 -49.3 1.4 2027 230 0 1
60.5950943266124 -49.3 1.4 2027 230 0 1
-1.0954109116377642 -45.98 1.4 2027 230 0 1
3.688498459383431 -45.98 1.4 2027 230 0 1
8.472407830404626 -45.98 1.4 2027 230 0 1
13.25631720142582 -45.98 1.4 2027 230 0 1
18.040226572447015 -45.98 1.4 2027 230 0 1
22.82413594346821 -45.98 1.4 2027 230 0 1
27.608045314489402 -45.98 1.4 2027 230 0 1
32.3919546855106 -45.98 1.4 2027 230 0 1
37.17586405653179 -45.98 1.4 2027 230 0 1
41.95977342755299 -45.98 1.4 2027 230 0 1
46.743682798574184 -45.98 1.4 2027 230 0 1
51.52759216959537 -45.98 1.4 2027 230 0 1
56.31150154061657 -45.98 1.4 2027 230 0 1
61.095410911637764 -45.98 1.4 2027 230 0 1
0.6216692648952433 -42.66 1.4 2027 230 0 1
5.14141245491136 -42.66 1.4 2027 230 0 1
9.661155644927476 -42.66 1.4 2027 230 0 1
14.180898834943594 -42.66 1.4 2027 230 0 1
18.70064202495971 -42.66 1.4 2027 230 0 1
23.220385214975828 -42.66 1.4 2027 230 0 1
27.740128404991943 -42.66 1.4 2027 230 0 1
32.25987159500806 -42.66 1.4 2027 230 0 1
36.77961478502418 -42.66 1.4 2027 230 0 1
41.299357975040294 -42.66 1.4 2027 230 0 1
45.819101165056416 -42.66 1.4 2027 230 0 1
50.33884435507253 -42.66 1.4 2027 230 0 1
54.85858754508864 -42.66 1.4 2027 230 0 1
59.378330735104754 -42.66 1.4 2027 230 0 1
5.378166238533729 -39.339999999999996 1.4 2027 230 0 1
9.675138532111442 -39.339999999999996 1.4 2027 230 0 1
13.972110825689155 -39.339999999999996 1.4 2027 230 0 1
18.269083119266867 -39.339999999999996 1.4 2027 230 0 1
22.56605541284458 -39.339999999999996 1.4 2027 230 0 1
26.86302770642229 -39.339999999999996 1.4 2027 230 0 1
31.160000000000007 -39.339999999999996 1.4 2027 230 0 1
35.45697229357772 -39.339999999999996 1.4 2027 230 0 1
39.75394458715543 -39.339999999999996 1.4 2027 230 0 1
44.05091688073314 -39.339999999999996 1.4 2027 230 0 1
48.34788917431085 -39.339999999999996 1.4 2027 230 0 1
52.64486146788857 -39.339999999999996 1.4 2027 230 0 1
56.941833761466285 -39.339999999999996 1.4 2027 230 0 1
11.384160767524211 -36.019999999999996 1.4 2027 230 0 1
15.4924951734289 -36.019999999999996 1.4 2027 230 0 1
19.600829579333592 -36.019999999999996 1.4 2027 230 0 1
23.70916398523828 -36.019999999999996 1.4 2027 230 0 1
27.81749839114297 -36.019999999999996 1.4 2027 230 0 1
31.925832797047658 -36.019999999999996 1.4 2027 230 0 1
36.03416720295235 -36.019999999999996 1.4 2027 230 0 1
40.14250160885704 -36.019999999999996 1.4 2027 230 0 1
44.25083601476172 -36.019999999999996 1.4 2027 230 0 1
48.359170420666416 -36.019999999999996 1.4 2027 230 0 1
52.4675048265711 -36.019999999999996 1.4 2027 230 0 1
56.5758392324758 -36.019999999999996 1.4 2027 230 0 1
17.55845848341026 -32.699999999999996 1.4 2027 230 0 1
21.506766786728207 -32.699999999999996 1.4 2027 230 0 1
25.455075090046154 -32.699999999999996 1.4 2027 230 0 1
29.403383393364106 -32.699999999999996 1.4 2027 230 0 1
33.35169169668205 -32.699999999999996 1.4 2027 230 0 1
37.3 -32.699999999999996 1.4 2027 230 0 1
41.24830830331795 -32.699999999999996 1.4 2027 230 0 1
45.1966166066359 -32.699999999999996 1.4 2027 230 0 1
49.14492490995385 -32.699999999999996 1.4 2027 230 0 1
53.093233213271795 -32.699999999999996 1.4 2027 230 0 1
57.041541516589746 -32.699999999999996 1.4 2027 230 0 1
23.463116787633417 -29.38 1.4 2027 230 0 1
27.275757501492656 -29.38 1.4 2027 230 0 1
31.088398215351894 -29.38 1.4 2027 230 0 1
34.90103892921114 -29.38 1.4 2027 230 0 1
38.71367964307038 -29.38 1.4 2027 230 0 1
42.526320356929624 -29.38 1.4 2027 230 0 1
46.33896107078886 -29.38 1.4 2027 230 0 1
50.1516017846481 -29.38 1.4 2027 230 0 1
53.96424249850733 -29.38 1.4 2027 230 0 1
57.776883212366585 -29.38 1.4 2027 230 0 1
29.14791005593897 -26.060000000000002 1.4 2027 230 0 1
32.84593254195423 -26.060000000000002 1.4 2027 230 0 1
36.54395502796948 -26.060000000000002 1.4 2027 230 0 1
40.24197751398474 -26.060000000000002 1.4 2027 230 0 1
43.940000000000005 -26.060000000000002 1.4 2027 230 0 1
47.63802248601527 -26.060000000000002 1.4 2027 230 0 1
51.33604497203052 -26.060000000000002 1.4 2027 230 0 1
55.03406745804578 -26.060000000000002 1.4 2027 230 0 1
58.73208994406104 -26.060000000000002 1.4 2027 230 0 1
32.852550609799536 -22.74 1.4 2027 230 0 1
36.45441295734965 -22.74 1.4 2027 230 0 1
40.05627530489976 -22.74 1.4 2027 230 0 1
43.65813765244989 -22.74 1.4 2027 230 0 1
47.260000000000005 -22.74 1.4 2027 230 0 1
50.861862347550115 -22.74 1.4 2027 230 0 1
54.46372469510024 -22.74 1.4 2027 230 0 1
58.06558704265036 -22.74 1.4 2027 230 0 1
61.667449390200474 -22.74 1.4 2027 230 0 1
38.252558334251674 -19.419999999999998 1.4 2027 230 0 1
41.774684524465485 -19.419999999999998 1.4 2027 230 0 1
45.296810714679296 -19.419999999999998 1.4 2027 230 0 1
48.8189369048931 -19.419999999999998 1.4 2027 230 0 1
52.34106309510691 -19.419999999999998 1.4 2027 230 0 1
55.863189285320715 -19.419999999999998 1.4 2027 230 0 1
59.385315475534526 -19.419999999999998 1.4 2027 230 0 1
62.90744166574833 -19.419999999999998 1.4 2027 230 0 1
1.0599708966633525 -62.57999999999999 1.4 2027 240 0 1
8.294978172497515 -62.57999999999999 1.4 2027 240 0 1
15.529985448331677 -62.57999999999999 1.4 2027 240 0 1
22.76499272416584 -62.57999999999999 1.4 2027 240 0 1
30.0 -62.57999999999999 1.4 2027 240 0 1
37.235007275834164 -62.57999999999999 1.4 2027 240 0 1
44.47001455166833 -62.57999999999999 1.4 2027 240 0 1
51.70502182750249 -62.57999999999999 1.4 2027 240 0 1
58.940029103336656 -62.57999999999999 1.4 2027 240 0 1
0.6895171908579147 -59.26 1.4 2027 240 0 1
7.202957815111711 -59.26 1.4 2027 240 0 1
13.716398439365507 -59.26 1.4 2027 240 0 1
20.229839063619302 -59.26 1.4 2027 240 0 1
26.743279687873102 -59.26 1.4 2027 240 0 1
33.256720312126895 -59.26 1.4 2027 240 0 1
39.77016093638069 -59.26 1.4 2027 240 0 1
46.283601560634494 -59.26 1.4 2027 240 0 1
52.797042184888284 -59.26 1.4 2027 240 0 1
59.31048280914209 -59.26 1.4 2027 240 0 1
0.293322366487323 -55.94 1.4 2027 240 0 1
6.234657893189859 -55.94 1.4 2027 240 0 1
12.175993419892395 -55.94 1.4 2027 240 0 1
18.11732894659493 -55.94 1.4 2027 240 0 1
24.05866447329747 -55.94 1.4 2027 240 0 1
30.000000000000004 -55.94 1.4 2027 240 0 1
35.94133552670254 -55.94 1.4 2027 240 0 1
41.882671053405076 -55.94 1.4 2027 240 0 1
47.82400658010762 -55.94 1.4 2027 240 0 1
53.76534210681015 -55.94 1.4 2027 240 0 1
59.70667763351268 -55.94 1.4 2027 240 0 1
-0.13347774131321377 -52.61999999999999 1.4 2027 240 0 1
5.3453363934710065 -52.61999999999999 1.4 2027 240 0 1
10.824150528255227 -52.61999999999999 1.4 2027 240 0 1
16.302964663039447 -52.61999999999999 1.4 2027 240 0 1
21.78177879782367 -52.61999999999999 1.4 2027 240 0 1
27.26059293260789 -52.61999999999999 1.4 2027 240 0 1
32.73940706739211 -52.61999999999999 1.4 2027 240 0 1
38.21822120217633 -52.61999999999999 1.4 2027 240 0 1
43.69703533696055 -52.61999999999999 1.4 2027 240 0 1
49.175849471744776 -52.61999999999999 1.4 2027 240 0 1
54.65466360652899 -52.61999999999999 1.4 2027 240 0 1
60.133477741313214 -52.61999999999999 1.4 2027 240 0 1
-0.5950943266123883 -49.3 1.4 2027 240 0 1
4.504088061156343 -49.3 1.4 2027 240 0 1
9.603270448925073 -49.3 1.4 2027 240 0 1
14.702452836693807 -49.3 1.4 2027 240 0 1
19.801635224462537 -49.3 1.4 2027 240 0 1
24.90081761223127 -49.3 1.4 2027 240 0 1
30.000000000000004 -49.3 1.4 2027 240 0 1
35.099182387768735 -49.3 1.4 2027 240 0 1
40.19836477553746 -49.3 1.4 2027 240 0 1
45.2975471633062 -49.3 1.4 2027 240 0 1
50.39672955107493 -49.3 1.4 2027 240 0 1
55.49591193884366 -49.3 1.4 2027 240 0 1
60.5950943266124 -49.3 1.4 2027 240 0 1
-1.0954109116377642 -45.98 1.4 2027 240 0 1
3.688498459383431 -45.98 1.4 2027 240 0 1
8.472407830404626 -45.98 1.4 2027 240 0 1
13.25631720142582 -45.98 1.4 2027 240 0 1
18.040226572447015 -45.98 1.4 2027 240 0 1
22.82413594346821 -45.98 1.4 2027 240 0 1
27.608045314489402 -45.98 1.4 2027 240 0 1
32.3919546855106 -45.98 1.4 2027 240 0 1
37.17586405653179 -45.98 1.4 2027 240 0 1
41.95977342755299 -45.98 1.4 2027 240 0 1
46.743682798574184 -45.98 1.4 2027 240 0 1
51.52759216959537 -45.98 1.4 2027 240 0 1
56.31150154061657 -45.98 1.4 2027 240 0 1
61.095410911637764 -45.98 1.4 2027 240 0 1
0.6216692648952433 -42.66 1.4 2027 240 0 1
5.14141245491136 -42.66 1.4 2027 240 0 1
9.661155644927476 -42.66 1.4 2027 240 0 1
14.180898834943594 -42.66 1.4 2027 240 0 1
18.70064202495971 -42.66 1.4 2027 240 0 1
23.220385214975828 -42.66 1.4 2027 240 0 1
27.740128404991943 -42.66 1.4 2027 240 0 1
32.25987159500806 -42.66 1.4 2027 240 0 1
36.77961478502418 -42.66 1.4 2027 240 0 1
41.299357975040294 -42.66 1.4 2027 240 0 1
45.819101165056416 -42.66 1.4 2027 240 0 1
50.33884435507253 -42.66 1.4 2027 240 0 1
54.85858754508864 -42.66 1.4 2027 240 0 1
59.378330735104754 -42.66 1.4 2027 240 0 1
5.378166238533729 -39.339999999999996 1.4 2027 240 0 1
9.675138532111442 -39.339999999999996 1.4 2027 240 0 1
13.972110825689155 -39.339999999999996 1.4 2027 240 0 1
18.269083119266867 -39.339999999999996 1.4 2027 240 0 1
22.56605541284458 -39.339999999999996 1.4 2027 240 0 1
26.86302770642229 -39.339999999999996 1.4 2027 240 0 1
31.160000000000007 -39.339999999999996 1.4 2027 240 0 1
35.45697229357772 -39.339999999999996 1.4 2027 240 0 1
39.75394458715543 -39.339999999999996 1.4 2027 240 0 1
44.05091688073314 -39.339999999999996 1.4 2027 240 0 1
48.34788917431085 -39.339999999999996 1.4 2027 240 0 1
52.64486146788857 -39.339999999999996 1.4 2027 240 0 1
56.941833761466285 -39.339999999999996 1.4 2027 240 0 1
11.384160767524211 -36.019999999999996 1.4 2027 240 0 1
15.4924951734289 -36.019999999999996 1.4 2027 240 0 1
19.600829579333592 -36.019999999999996 1.4 2027 240 0 1
23.70916398523828 -36.019999999999996 1.4 2027 240 0 1
27.81749839114297 -36.019999999999996 1.4 2027 240 0 1
31.925832797047658 -36.019999999999996 1.4 2027 240 0 1
36.03416720295235 -36.019999999999996 1.4 2027 240 0 1
40.14250160885704 -36.019999999999996 1.4 2027 240 0 1
44.25083601476172 -36.019999999999996 1.4 2027 240 0 1
48.359170420666416 -36.019999999999996 1.4 2027 240 0 1
52.4675048265711 -36.019999999999996 1.4 2027 240 0 1
56.5758392324758 -36.019999999999996 1.4 2027 240 0 1
17.55845848341026 -32.699999999999996 1.4 2027 240 0 1
21.506766786728207 -32.699999999999996 1.4 2027 240 0 1
25.455075090046154 -32.699999999999996 1.4 2027 240 0 1
29.403383393364106 -32.699999999999996 1.4 2027 240 0 1
33.35169169668205 -32.699999999999996 1.4 2027 240 0 1
37.3 -32.699999999999996 1.4 2027 240 0 1
41.24830830331795 -32.699999999999996 1.4 2027 240 0 1
45.1966166066359 -32.699999999999996 1.4 2027 240 0 1
49.14492490995385 -32.699999999999996 1.4 2027 240 0 1
53.093233213271795 -32.699999999999996 1.4 2027 240 0 1
57.041541516589746 -32.699999999999996 1.4 2027 240 0 1
23.463116787633417 -29.38 1.4 2027 240 0 1
27.275757501492656 -29.38 1.4 2027 240 0 1
31.088398215351894 -29.38 1.4 2027 240 0 1
34.90103892921114 -29.38 1.4 2027 240 0 1
38.71367964307038 -29.38 1.4 2027 240 0 1
42.526320356929624 -29.38 1.4 2027 240 0 1
46.33896107078886 -29.38 1.4 2027 240 0 1
50.1516017846481 -29.38 1.4 2027 240 0 1
53.96424249850733 -29.38 1.4 2027 240 0 1
57.776883212366585 -29.38 1.4 2027 240 0 1
29.14791005593897 -26.060000000000002 1.4 2027 240 0 1
32.84593254195423 -26.060000000000002 1.4 2027 240 0 1
36.54395502796948 -26.060000000000002 1.4 2027 240 0 1
40.24197751398474 -26.060000000000002 1.4 2027 240 0 1
43.940000000000005 -26.060000000000002 1.4 2027 240 0 1
47.63802248601527 -26.060000000000002 1.4 2027 240 0 1
51.33604497203052 -26.060000000000002 1.4 2027 240 0 1
55.03406745804578 -26.060000000000002 1.4 2027 240 0 1
58.73208994406104 -26.060000000000002 1.4 2027 240 0 1
32.852550609799536 -22.74 1.4 2027 240 0 1
36.45441295734965 -22.74 1.4 2027 240 0 1
40.05627530489976 -22.74 1.4 2027 240 0 1
43.65813765244989 -22.74 1.4 2027 240 0 1
47.260000000000005 -22.74 1.4 2027 240 0 1
50.861862347550115 -22.74 1.4 2027 240 0 1
54.46372469510024 -22.74 1.4 2027 240 0 1
58.06558704265036 -22.74 1.4 2027 240 0 1
61.667449390200474 -22.74 1.4 2027 240 0 1
38.252558334251674 -19.419999999999998 1.4 2027 240 0 1
41.774684524465485 -19.419999999999998 1.4 2027 240 0 1
45.296810714679296 -19.419999999999998 1.4 2027 240 0 1
48.8189369048931 -19.419999999999998 1.4 2027 240 0 1
52.34106309510691 -19.419999999999998 1.4 2027 240 0 1
55.863189285320715 -19.419999999999998 1.4 2027 240 0 1
59.385315475534526 -19.419999999999998 1.4 2027 240 0 1
62.90744166574833 -19.419999999999998 1.4 2027 240 0 1
1.0599708966633525 -62.57999999999999 1.4 2027 250 0 1
8.294978172497515 -62.57999999999999 1.4 2027 250 0 1
15.529985448331677 -62.57999999999999 1.4 2027 250 0 1
22.76499272416584 -62.57999999999999 1.4 2027 250 0 1
30.0 -62.57999999999999 1.4 2027 250 0 1
37.235007275834164 -62.57999999999999 1.4 2027 250 0 1
44.47001455166833 -62.57999999999999 1.4 2027 250 0 1
51.70502182750249 -62.57999999999999 1.4 2027 250 0 1
58.940029103336656 -62.57999999999999 1.4 2027 250 0 1
0.6895171908579147 -59.26 1.4 2027 250 0 1
7.202957815111711 -59.26 1.4 2027 250 0 1
13.716398439365507 -59.26 1.4 2027 250 0 1
20.229839063619302 -59.26 1.4 2027 250 0 1
26.743279687873102 -59.26 1.4 2027 250 0 1
33.256720312126895 -59.26 1.4 2027 250 0 1
39.77016093638069 -59.26 1.4 2027 250 0 1
46.283601560634494 -59.26 1.4 2027 250 0 1
52.797042184888284 -59.26 1.4 2027 250 0 1
59.31048280914209 -59.26 1.4 2027 250 0 1
0.293322366487323 -55.94 1.4 2027 250 0 1
6.234657893189859 -55.94 1.4 2027 250 0 1
12.175993419892395 -55.94 1.4 2027 250 0 1
18.11732894659493 -55.94 1.4 2027 250 0 1
24.05866447329747 -55.94 1.4 2027 250 0 1
30.000000000000004 -55.94 1.4 2027 250 0 1
35.94133552670254 -55.94 1.4 2027 250 0 1
41.882671053405076 -55.94 1.4 2027 250 0 1
47.82400658010762 -55.94 1.4 2027 250 0 1
53.76534210681015 -55.94 1.4 2027 250 0 1
59.70667763351268 -55.94 1.4 2027 250 0 1
-0.13347774131321377 -52.61999999999999 1.4 2027 250 0 1
5.3453363934710065 -52.61999999999999 1.4 2027 250 0 1
10.824150528255227 -52.61999999999999 1.4 2027 250 0 1
16.302964663039447 -52.61999999999999 1.4 2027 250 0 1
21.78177879782367 -52.61999999999999 1.4 2027 250 0 1
27.26059293260789 -52.61999999999999 1.4 2027 250 0 1
32.73940706739211 -52.61999999999999 1.4 2027 250 0 1
38.21822120217633 -52.61999999999999 1.4 2027 250 0 1
43.69703533696055 -52.61999999999999 1.4 2027 250 0 1
49.175849471744776 -52.61999999999999 1.4 2027 250 0 1
54.65466360652899 -52.61999999999999 1.4 2027 250 0 1
60.133477741313214 -52.61999999999999 1.4 2027 250 0 1
-0.5950943266123883 -49.3 1.4 2027 250 0 1
4.504088061156343 -49.3 1.4 2027 250 0 1
9.603270448925073 -49.3 1.4 2027 250 0 1
14.702452836693807 -49.3 1.4 2027 250 0 1
19.801635224462537 -49.3 1.4 2027 250 0 1
24.90081761223127 -49.3 1.4 2027 250 0 1
30.000000000000004 -49.3 1.4 2027 250 0 1
35.099182387768735 -49.3 1.4 2027 250 0 1
40.19836477553746 -49.3 1.4 2027 250 0 1
45.2975471633062 -49.3 1.4 2027 250 0 1
50.39672955107493 -49.3 1.4 2027 250 0 1
55.49591193884366 -49.3 1.4 2027 250 0 1
60.5950943266124 -49.3 1.4 2027 250 0 1
-1.0954109116377642 -45.98 1.4 2027 250 0 1
3.688498459383431 -45.98 1.4 2027 250 0 1
8.472407830404626 -45.98 1.4 2027 250 0 1
13.25631720142582 -45.98 1.4 2027 250 0 1
18.040226572447015 -45.98 1.4 2027 250 0 1
22.82413594346821 -45.98 1.4 2027 250 0 1
27.608045314489402 -45.98 1.4 2027 250 0 1
32.3919546855106 -45.98 1.4 2027 250 0 1
37.17586405653179 -45.98 1.4 2027 250 0 1
41.95977342755299 -45.98 1.4 2027 250 0 1
46.743682798574184 -45.98 1.4 2027 250 0 1
51.52759216959537 -45.98 1.4 2027 250 0 1
56.31150154061657 -45.98 1.4 2027 250 0 1
61.095410911637764 -45.98 1.4 2027 250 0 1
0.6216692648952433 -42.66 1.4 2027 250 0 1
5.14141245491136 -42.66 1.4 2027 250 0 1
9.661155644927476 -42.66 1.4 2027 250 0 1
14.180898834943594 -42.66 1.4 2027 250 0 1
18.70064202495971 -42.66 1.4 2027 250 0 1
23.220385214975828 -42.66 1.4 2027 250 0 1
27.740128404991943 -42.66 1.4 2027 250 0 1
32.25987159500806 -42.66 1.4 2027 250 0 1
36.77961478502418 -42.66 1.4 2027 250 0 1
41.299357975040294 -42.66 1.4 2027 250 0 1
45.819101165056416 -42.66 1.4 2027 250 0 1
50.33884435507253 -42.66 1.4 2027 250 0 1
54.85858754508864 -42.66 1.4 2027 250 0 1
59.378330735104754 -42.66 1.4 2027 250 0 1
5.378166238533729 -39.339999999999996 1.4 2027 250 0 1
9.675138532111442 -39.339999999999996 1.4 2027 250 0 1
13.972110825689155 -39.339999999999996 1.4 2027 250 0 1
18.269083119266867 -39.339999999999996 1.4 2027 250 0 1
22.56605541284458 -39.339999999999996 1.4 2027 250 0 1
26.86302770642229 -39.339999999999996 1.4 2027 250 0 1
31.160000000000007 -39.339999999999996 1.4 2027 250 0 1
35.45697229357772 -39.339999999999996 1.4 2027 250 0 1
39.75394458715543 -39.339999999999996 1.4 2027 250 0 1
44.05091688073314 -39.339999999999996 1.4 2027 250 0 1
48.34788917431085 -39.339999999999996 1.4 2027 250 0 1
52.64486146788857 -39.339999999999996 1.4 2027 250 0 1
56.941833761466285 -39.339999999999996 1.4 2027 250 0 1
11.384160767524211 -36.019999999999996 1.4 2027 250 0 1
15.4924951734289 -36.019999999999996 1.4 2027 250 0 1
19.600829579333592 -36.019999999999996 1.4 2027 250 0 1
23.70916398523828 -36.019999999999996 1.4 2027 250 0 1
27.81749839114297 -36.019999999999996 1.4 2027 250 0 1
31.925832797047658 -36.019999999999996 1.4 2027 250 0 1
36.03416720295235 -36.019999999999996 1.4 2027 250 0 1
40.14250160885704 -36.019999999999996 1.4 2027 250 0 1
44.25083601476172 -36.019999999999996 1.4 2027 250 0 1
48.359170420666416 -36.019999999999996 1.4 2027 250 0 1
52.4675048265711 -36.019999999999996 1.4 2027 250 0 1
56.5758392324758 -36.019999999999996 1.4 2027 250 0 1
17.55845848341026 -32.699999999999996 1.4 2027 250 0 1
21.506766786728207 -32.699999999999996 1.4 2027 250 0 1
25.455075090046154 -32.699999999999996 1.4 2027 250 0 1
29.403383393364106 -32.699999999999996 1.4 2027 250 0 1
33.35169169668205 -32.699999999999996 1.4 2027 250 0 1
37.3 -32.699999999999996 1.4 2027 250 0 1
41.24830830331795 -32.699999999999996 1.4 2027 250 0 1
45.1966166066359 -32.699999999999996 1.4 2027 250 0 1
49.14492490995385 -32.699999999999996 1.4 2027 250 0 1
53.093233213271795 -32.699999999999996 1.4 2027 250 0 1
57.041541516589746 -32.699999999999996 1.4 2027 250 0 1
23.463116787633417 -29.38 1.4 2027 250 0 1
27.275757501492656 -29.38 1.4 2027 250 0 1
31.088398215351894 -29.38 1.4 2027 250 0 1
34.90103892921114 -29.38 1.4 2027 250 0 1
38.71367964307038 -29.38 1.4 2027 250 0 1
42.526320356929624 -29.38 1.4 2027 250 0 1
46.33896107078886 -29.38 1.4 2027 250 0 1
50.1516017846481 -29.38 1.4 2027 250 0 1
53.96424249850733 -29.38 1.4 2027 250 0 1
57.776883212366585 -29.38 1.4 2027 250 0 1
29.14791005593897 -26.060000000000002 1.4 2027 250 0 1
32.84593254195423 -26.060000000000002 1.4 2027 250 0 1
36.54395502796948 -26.060000000000002 1.4 2027 250 0 1
40.24197751398474 -26.060000000000002 1.4 2027 250 0 1
43.940000000000005 -26.060000000000002 1.4 2027 250 0 1
47.63802248601527 -26.060000000000002 1.4 2027 250 0 1
51.33604497203052 -26.060000000000002 1.4 2027 250 0 1
55.03406745804578 -26.060000000000002 1.4 2027 250 0 1
58.73208994406104 -26.060000000000002 1.4 2027 250 0 1
32.852550609799536 -22.74 1.4 2027 250 0 1
36.45441295734965 -22.74 1.4 2027 250 0 1
40.05627530489976 -22.74 1.4 2027 250 0 1
43.65813765244989 -22.74 1.4 2027 250 0 1
47.260000000000005 -22.74 1.4 2027 250 0 1
50.861862347550115 -22.74 1.4 2027 250 0 1
54.46372469510024 -22.74 1.4 2027 250 0 1
58.06558704265036 -22.74 1.4 2027 250 0 1
61.667449390200474 -22.74 1.4 2027 250 0 1
38.252558334251674 -19.419999999999998 1.4 2027 250 0 1
41.774684524465485 -19.419999999999998 1.4 2027 250 0 1
45.296810714679296 -19.419999999999998 1.4 2027 250 0 1
48.8189369048931 -19.419999999999998 1.4 2027 250 0 1
52.34106309510691 -19.419999999999998 1.4 2027 250 0 1
55.863189285320715 -19.419999999999998 1.4 2027 250 0 1
59.385315475534526 -19.419999999999998 1.4 2027 250 0 1
62.90744166574833 -19.419999999999998 1.4 2027 250 0 1
1.0599708966633525 -62.57999999999999 1.4 2027 260 0 1
8.294978172497515 -62.57999999999999 1.4 2027 260 0 1
15.529985448331677 -62.57999999999999 1.4 2027 260 0 1
22.76499272416584 -62.57999999999999 1.4 2027 260 0 1
30.0 -62.57999999999999 1.4 2027 260 0 1
37.235007275834164 -62.57999999999999 1.4 2027 260 0 1
44.47001455166833 -62.57999999999999 1.4 2027 260 0 1
51.70502182750249 -62.57999999999999 1.4 2027 260 0 1
58.940029103336656 -62.57999999999999 1.4 2027 260 0 1
0.6895171908579147 -59.26 1.4 2027 260 0 1
7.202957815111711 -59.26 1.4 2027 260 0 1
13.716398439365507 -59.26 1.4 2027 260 0 1
20.229839063619302 -59.26 1.4 2027 260 0 1
26.743279687873102 -59.26 1.4 2027 260 0 1
33.256720312126895 -59.26 1.4 2027 260 0 1
39.77016093638069 -59.26 1.4 2027 260 0 1
46.283601560634494 -59.26 1.4 2027 260 0 1
52.797042184888284 -59.26 1.4 2027 260 0 1
59.31048280914209 -59.26 1.4 2027 260 0 1
0.293322366487323 -55.94 1.4 2027 260 0 1
6.234657893189859 -55.94 1.4 2027 260 0 1
12.175993419892395 -55.94 1.4 2027 260 0 1
18.11732894659493 -55.94 1.4 2027 260 0 1
24.05866447329747 -55.94 1.4 2027 260 0 1
30.000000000000004 -55.94 1.4 2027 260 0 1
35.94133552670254 -55.94 1.4 2027 260 0 1
41.882671053405076 -55.94 1.4 2027 260 0 1
47.82400658010762 -55.94 1.4 2027 260 0 1
53.76534210681015 -55.94 1.4 2027 260 0 1
59.70667763351268 -55.94 1.4 2027 260 0 1
-0.13347774131321377 -52.61999999999999 1.4 2027 260 0 1
5.3453363934710065 -52.61999999999999 1.4 2027 260 0 1
10.824150528255227 -52.61999999999999 1.4 2027 260 0 1
16.302964663039447 -52.61999999999999 1.4 2027 260 0 1
21.78177879782367 -52.61999999999999 1.4 2027 260 0 1
27.26059293260789 -52.61999999999999 1.4 2027 260 0 1
32.73940706739211 -52.61999999999999 1.4 2027 260 0 1
38.21822120217633 -52.61999999999999 1.4 2027 260 0 1
43.69703533696055 -52.61999999999999 1.4 2027 260 0 1
49.175849471744776 -52.61999999999999 1.4 2027 260 0 1
54.65466360652899 -52.61999999999999 1.4 2027 260 0 1
60.133477741313214 -52.61999999999999 1.4 2027 260 0 1
-0.5950943266123883 -49.3 1.4 2027 260 0 1
4.504088061156343 -49.3 1.4 2027 260 0 1
9.603270448925073 -49.3 1.4 2027 260 0 1
14.702452836693807 -49.3 1.4 2027 260 0 1
19.801635224462537 -49.3 1.4 2027 260 0 1
24.90081761223127 -49.3 1.4 2027 260 0 1
30.000000000000004 -49.3 1.4 2027 260 0 1
35.099182387768735 -49.3 1.4 2027 260 0 1
40.19836477553746 -49.3 1.4 2027 260 0 1
45.2975471633062 -49.3 1.4 2027 260 0 1
50.39672955107493 -49.3 1.4 2027 260 0 1
55.49591193884366 -49.3 1.4 2027 260 0 1
60.5950943266124 -49.3 1.4 2027 260 0 1
-1.0954109116377642 -45.98 1.4 2027 260 0 1
3.688498459383431 -45.98 1.4 2027 260 0 1
8.472407830404626 -45.98 1.4 2027 260 0 1
13.25631720142582 -45.98 1.4 2027 260 0 1
18.040226572447015 -45.98 1.4 2027 260 0 1
22.82413594346821 -45.98 1.4 2027 260 0 1
27.608045314489402 -45.98 1.4 2027 260 0 1
32.3919546855106 -45.98 1.4 2027 260 0 1
37.17586405653179 -45.98 1.4 2027 260 0 1
41.95977342755299 -45.98 1.4 2027 260 0 1
46.743682798574184 -45.98 1.4 2027 260 0 1
51.52759216959537 -45.98 1.4 2027 260 0 1
56.31150154061657 -45.98 1.4 2027 260 0 1
61.095410911637764 -45.98 1.4 2027 260 0 1
0.6216692648952433 -42.66 1.4 2027 260 0 1
5.14141245491136 -42.66 1.4 2027 260 0 1
9.661155644927476 -42.66 1.4 2027 260 0 1
14.180898834943594 -42.66 1.4 2027 260 0 1
18.70064202495971 -42.66 1.4 2027 260 0 1
23.220385214975828 -42.66 1.4 2027 260 0 1
27.740128404991943 -42.66 1.4 2027 260 0 1
32.25987159500806 -42.66 1.4 2027 260 0 1
36.77961478502418 -42.66 1.4 2027 260 0 1
41.299357975040294 -42.66 1.4 2027 260 0 1
45.819101165056416 -42.66 1.4 2027 260 0 1
50.33884435507253 -42.66 1.4 2027 260 0 1
54.85858754508864 -42.66 1.4 2027 260 0 1
59.378330735104754 -42.66 1.4 2027 260 0 1
5.378166238533729 -39.339999999999996 1.4 2027 260 0 1
9.675138532111442 -39.339999999999996 1.4 2027 260 0 1
13.972110825689155 -39.339999999999996 1.4 2027 260 0 1
18.269083119266867 -39.339999999999996 1.4 2027 260 0 1
22.56605541284458 -39.339999999999996 1.4 2027 260 0 1
26.86302770642229 -39.339999999999996 1.4 2027 260 0 1
31.160000000000007 -39.339999999999996 1.4 2027 260 0 1
35.45697229357772 -39.339999999999996 1.4 2027 260 0 1
39.75394458715543 -39.339999999999996 1.4 2027 260 0 1
44.05091688073314 -39.339999999999996 1.4 2027 260 0 1
48.34788917431085 -39.339999999999996 1.4 2027 260 0 1
52.64486146788857 -39.339999999999996 1.4 2027 260 0 1
56.941833761466285 -39.339999999999996 1.4 2027 260 0 1
11.384160767524211 -36.019999999999996 1.4 2027 260 0 1
15.4924951734289 -36.019999999999996 1.4 2027 260 0 1
19.600829579333592 -36.019999999999996 1.4 2027 260 0 1
23.70916398523828 -36.019999999999996 1.4 2027 260 0 1
27.81749839114297 -36.019999999999996 1.4 2027 260 0 1
31.925832797047658 -36.019999999999996 1.4 2027 260 0 1
36.03416720295235 -36.019999999999996 1.4 2027 260 0 1
40.14250160885704 -36.019999999999996 1.4 2027 260 0 1
44.25083601476172 -36.019999999999996 1.4 2027 260 0 1
48.359170420666416 -36.019999999999996 1.4 2027 260 0 1
52.4675048265711 -36.019999999999996 1.4 2027 260 0 1
56.5758392324758 -36.019999999999996 1.4 2027 260 0 1
17.55845848341026 -32.699999999999996 1.4 2027 260 0 1
21.506766786728207 -32.699999999999996 1.4 2027 260 0 1
25.455075090046154 -32.699999999999996 1.4 2027 260 0 1
29.403383393364106 -32.699999999999996 1.4 2027 260 0 1
33.35169169668205 -32.699999999999996 1.4 2027 260 0 1
37.3 -32.699999999999996 1.4 2027 260 0 1
41.24830830331795 -32.699999999999996 1.4 2027 260 0 1
45.1966166066359 -32.699999999999996 1.4 2027 260 0 1
49.14492490995385 -32.699999999999996 1.4 2027 260 0 1
53.093233213271795 -32.699999999999996 1.4 2027 260 0 1
57.041541516589746 -32.699999999999996 1.4 2027 260 0 1
23.463116787633417 -29.38 1.4 2027 260 0 1
27.275757501492656 -29.38 1.4 2027 260 0 1
31.088398215351894 -29.38 1.4 2027 260 0 1
34.90103892921114 -29.38 1.4 2027 260 0 1
38.71367964307038 -29.38 1.4 2027 260 0 1
42.526320356929624 -29.38 1.4 2027 260 0 1
46.33896107078886 -29.38 1.4 2027 260 0 1
50.1516017846481 -29.38 1.4 2027 260 0 1
53.96424249850733 -29.38 1.4 2027 260 0 1
57.776883212366585 -29.38 1.4 2027 260 0 1
29.14791005593897 -26.060000000000002 1.4 2027 260 0 1
32.84593254195423 -26.060000000000002 1.4 2027 260 0 1
36.54395502796948 -26.060000000000002 1.4 2027 260 0 1
40.24197751398474 -26.060000000000002 1.4 2027 260 0 1
43.940000000000005 -26.060000000000002 1.4 2027 260 0 1
47.63802248601527 -26.060000000000002 1.4 2027 260 0 1
51.33604497203052 -26.060000000000002 1.4 2027 260 0 1
55.03406745804578 -26.060000000000002 1.4 2027 260 0 1
58.73208994406104 -26.060000000000002 1.4 2027 260 0 1
32.852550609799536 -22.74 1.4 2027 260 0 1
36.45441295734965 -22.74 1.4 2027 260 0 1
40.05627530489976 -22.74 1.4 2027 260 0 1
43.65813765244989 -22.74 1.4 2027 260 0 1
47.260000000000005 -22.74 1.4 2027 260 0 1
50.861862347550115 -22.74 1.4 2027 260 0 1
54.46372469510024 -22.74 1.4 2027 260 0 1
58.06558704265036 -22.74 1.4 2027 260 0 1
61.667449390200474 -22.74 1.4 2027 260 0 1
38.252558334251674 -19.419999999999998 1.4 2027 260 0 1
41.774684524465485 -19.419999999999998 1.4 2027 260 0 1
45.296810714679296 -19.419999999999998 1.4 2027 260 0 1
48.8189369048931 -19.419999999999998 1.4 2027 260 0 1
52.34106309510691 -19.419999999999998 1.4 2027 260 0 1
55.863189285320715 -19.419999999999998 1.4 2027 260 0 1
59.385315475534526 -19.419999999999998 1.4 2027 260 0 1
62.90744166574833 -19.419999999999998 1.4 2027 260 0 1
1.0599708966633525 -62.57999999999999 1.4 2027 270 0 1
8.294978172497515 -62.57999999999999 1.4 2027 270 0 1
15.529985448331677 -62.57999999999999 1.4 2027 270 0 1
22.76499272416584 -62.57999999999999 1.4 2027 270 0 1
30.0 -62.57999999999999 1.4 2027 270 0 1
37.235007275834164 -62.57999999999999 1.4 2027 270 0 1
44.47001455166833 -62.57999999999999 1.4 2027 270 0 1
51.70502182750249 -62.57999999999999 1.4 2027 270 0 1
58.940029103336656 -62.57999999999999 1.4 2027 270 0 1
0.6895171908579147 -59.26 1.4 2027 270 0 1
7.202957815111711 -59.26 1.4 2027 270 0 1
13.716398439365507 -59.26 1.4 2027 270 0 1
20.229839063619302 -59.26 1.4 2027 270 0 1
26.743279687873102 -59.26 1.4 2027 270 0 1
33.256720312126895 -59.26 1.4 2027 270 0 1
39.77016093638069 -59.26 1.4 2027 270 0 1
46.283601560634494 -59.26 1.4 2027 270 0 1
52.797042184888284 -59.26 1.4 2027 270 0 1
59.31048280914209 -59.26 1.4 2027 270 0 1
0.293322366487323 -55.94 1.4 2027 270 0 1
6.234657893189859 -55.94 1.4 2027 270 0 1
12.175993419892395 -55.94 1.4 2027 270 0 1
18.11732894659493 -55.94 1.4 2027 270 0 1
24.05866447329747 -55.94 1.4 2027 270 0 1
30.000000000000004 -55.94 1.4 2027 270 0 1
35.94133552670254 -55.94 1.4 2027 270 0 1
41.882671053405076 -55.94 1.4 2027 270 0 1
47.82400658010762 -55.94 1.4 2027 270 0 1
53.76534210681015 -55.94 1.4 2027 270 0 1
59.70667763351268 -55.94 1.4 2027 270 0 1
-0.13347774131321377 -52.61999999999999 1.4 2027 270 0 1
5.3453363934710065 -52.61999999999999 1.4 2027 270 0 1
10.824150528255227 -52.61999999999999 1.4 2027 270 0 1
16.302964663039447 -52.61999999999999 1.4 2027 270 0 1
21.78177879782367 -52.61999999999999 1.4 2027 270 0 1
27.26059293260789 -52.61999999999999 1.4 2027 270 0 1
32.73940706739211 -52.61999999999999 1.4 2027 270 0 1
38.21822120217633 -52.61999999999999 1.4 2027 270 0 1
43.69703533696055 -52.61999999999999 1.4 2027 270 0 1
49.175849471744776 -52.61999999999999 1.4 2027 270 0 1
54.65466360652899 -52.61999999999999 1.4 2027 270 0 1
60.133477741313214 -52.61999999999999 1.4 2027 270 0 1
-0.5950943266123883 -49.3 1.4 2027 270 0 1
4.504088061156343 -49.3 1.4 2027 270 0 1
9.603270448925073 -49.3 1.4 2027 270 0 1
14.702452836693807 -49.3 1.4 2027 270 0 1
19.801635224462537 -49.3 1.4 2027 270 0 1
24.90081761223127 -49.3 1.4 2027 270 0 1
30.000000000000004 -49.3 1.4 2027 270 0 1
35.099182387768735 -49.3 1.4 2027 270 0 1
40.19836477553746 -49.3 1.4 2027 270 0 1
45.2975471633062 -49.3 1.4 2027 270 0 1
50.39672955107493 -49.3 1.4 2027 270 0 1
55.49591193884366 -49.3 1.4 2027 270 0 1
60.5950943266124 -49.3 1.4 2027 270 0 1
-1.0954109116377642 -45.98 1.4 2027 270 0 1
3.688498459383431 -45.98 1.4 2027 270 0 1
8.472407830404626 -45.98 1.4 2027 270 0 1
13.25631720142582 -45.98 1.4 2027 270 0 1
18.040226572447015 -45.98 1.4 2027 270 0 1
22.82413594346821 -45.98 1.4 2027 270 0 1
27.608045314489402 -45.98 1.4 2027 270 0 1
32.3919546855106 -45.98 1.4 2027 270 0 1
37.17586405653179 -45.98 1.4 2027 270 0 1
41.95977342755299 -45.98 1.4 2027 270 0 1
46.743682798574184 -45.98 1.4 2027 270 0 1
51.52759216959537 -45.98 1.4 2027 270 0 1
56.31150154061657 -45.98 1.4 2027 270 0 1
61.095410911637764 -45.98 1.4 2027 270 0 1
0.6216692648952433 -42.66 1.4 2027 270 0 1
5.14141245491136 -42.66 1.4 2027 270 0 1
9.661155644927476 -42.66 1.4 2027 270 0 1
14.180898834943594 -42.66 1.4 2027 270 0 1
18.70064202495971 -42.66 1.4 2027 270 0 1
23.220385214975828 -42.66 1.4 2027 270 0 1
27.740128404991943 -42.66 1.4 2027 270 0 1
32.25987159500806 -42.66 1.4 2027 270 0 1
36.77961478502418 -42.66 1.4 2027 270 0 1
41.299357975040294 -42.66 1.4 2027 270 0 1
45.819101165056416 -42.66 1.4 2027 270 0 1
50.33884435507253 -42.66 1.4 2027 270 0 1
54.85858754508864 -42.66 1.4 2027 270 0 1
59.378330735104754 -42.66 1.4 2027 270 0 1
5.378166238533729 -39.339999999999996 1.4 2027 270 0 1
9.675138532111442 -39.339999999999996 1.4 2027 270 0 1
13.972110825689155 -39.339999999999996 1.4 2027 270 0 1
18.269083119266867 -39.339999999999996 1.4 2027 270 0 1
22.56605541284458 -39.339999999999996 1.4 2027 270 0 1
26.86302770642229 -39.339999999999996 1.4 2027 270 0 1
31.160000000000007 -39.339999999999996 1.4 2027 270 0 1
35.45697229357772 -39.339999999999996 1.4 2027 270 0 1
39.75394458715543 -39.339999999999996 1.4 2027 270 0 1
44.05091688073314 -39.339999999999996 1.4 2027 270 0 1
48.34788917431085 -39.339999999999996 1.4 2027 270 0 1
52.64486146788857 -39.339999999999996 1.4 2027 270 0 1
56.941833761466285 -39.339999999999996 1.4 2027 270 0 1
11.384160767524211 -36.019999999999996 1.4 2027 270 0 1
15.4924951734289 -36.019999999999996 1.4 2027 270 0 1
19.600829579333592 -36.019999999999996 1.4 2027 270 0 1
23.70916398523828 -36.019999999999996 1.4 2027 270 0 1
27.81749839114297 -36.019999999999996 1.4 2027 270 0 1
31.925832797047658 -36.019999999999996 1.4 2027 270 0 1
36.03416720295235 -36.019999999999996 1.4 2027 270 0 1
40.14250160885704 -36.019999999999996 1.4 2027 270 0 1
44.25083601476172 -36.019999999999996 1.4 2027 270 0 1
48.359170420666416 -36.019999999999996 1.4 2027 270 0 1
52.4675048265711 -36.019999999999996 1.4 2027 270 0 1
56.5758392324758 -36.019999999999996 1.4 2027 270 0 1
17.55845848341026 -32.699999999999996 1.4 2027 270 0 1
21.506766786728207 -32.699999999999996 1.4 2027 270 0 1
25.455075090046154 -32.699999999999996 1.4 2027 270 0 1
29.403383393364106 -32.699999999999996 1.4 2027 270 0 1
33.35169169668205 -32.699999999999996 1.4 2027 270 0 1
37.3 -32.699999999999996 1.4 2027 270 0 1
41.24830830331795 -32.699999999999996 1.4 2027 270 0 1
45.1966166066359 -32.699999999999996 1.4 2027 270 0 1
49.14492490995385 -32.699999999999996 1.4 2027 270 0 1
53.093233213271795 -32.699999999999996 1.4 2027 270 0 1
57.041541516589746 -32.699999999999996 1.4 2027 270 0 1
23.463116787633417 -29.38 1.4 2027 270 0 1
27.275757501492656 -29.38 1.4 2027 270 0 1
31.088398215351894 -29.38 1.4 2027 270 0 1
34.90103892921114 -29.38 1.4 2027 270 0 1
38.71367964307038 -29.38 1.4 2027 270 0 1
42.526320356929624 -29.38 1.4 2027 270 0 1
46.33896107078886 -29.38 1.4 2027 270 0 1
50.1516017846481 -29.38 1.4 2027 270 0 1
53.96424249850733 -29.38 1.4 2027 270 0 1
57.776883212366585 -29.38 1.4 2027 270 0 1
29.14791005593897 -26.060000000000002 1.4 2027 270 0 1
32.84593254195423 -26.060000000000002 1.4 2027 270 0 1
36.54395502796948 -26.060000000000002 1.4 2027 270 0 1
40.24197751398474 -26.060000000000002 1.4 2027 270 0 1
43.940000000000005 -26.060000000000002 1.4 2027 270 0 1
47.63802248601527 -26.060000000000002 1.4 2027 270 0 1
51.33604497203052 -26.060000000000002 1.4 2027 270 0 1
55.03406745804578 -26.060000000000002 1.4 2027 270 0 1
58.73208994406104 -26.060000000000002 1.4 2027 270 0 1
32.852550609799536 -22.74 1.4 2027 270 0 1
36.45441295734965 -22.74 1.4 2027 270 0 1
40.05627530489976 -22.74 1.4 2027 270 0 1
43.65813765244989 -22.74 1.4 2027 270 0 1
47.260000000000005 -22.74 1.4 2027 270 0 1
50.861862347550115 -22.74 1.4 2027 270 0 1
54.46372469510024 -22.74 1.4 2027 270 0 1
58.06558704265036 -22.74 1.4 2027 270 0 1
61.667449390200474 -22.74 1.4 2027 270 0 1
38.252558334251674 -19.419999999999998 1.4 2027 270 0 1
41.774684524465485 -19.419999999999998 1.4 2027 270 0 1
45.296810714679296 -19.419999999999998 1.4 2027 270 0 1
48.8189369048931 -19.419999999999998 1.4 2027 270 0 1
52.34106309510691 -19.419999999999998 1.4 2027 270 0 1
55.863189285320715 -19.419999999999998 1.4 2027 270 0 1
59.385315475534526 -19.419999999999998 1.4 2027 270 0 1
62.90744166574833 -19.419999999999998 1.4 2027 270 0 1
1.0599708966633525 -62.57999999999999 1.4 2027 280 0 1
8.294978172497515 -62.57999999999999 1.4 2027 280 0 1
15.529985448331677 -62.57999999999999 1.4 2027 280 0 1
22.76499272416584 -62.57999999999999 1.4 2027 280 0 1
30.0 -62.57999999999999 1.4 2027 280 0 1
37.235007275834164 -62.57999999999999 1.4 2027 280 0 1
44.47001455166833 -62.57999999999999 1.4 2027 280 0 1
51.70502182750249 -62.57999999999999 1.4 2027 280 0 1
58.940029103336656 -62.57999999999999 1.4 2027 280 0 1
0.6895171908579147 -59.26 1.4 2027 280 0 1
7.202957815111711 -59.26 1.4 2027 280 0 1
13.716398439365507 -59.26 1.4 2027 280 0 1
20.229839063619302 -59.26 1.4 2027 280 0 1
26.743279687873102 -59.26 1.4 2027 280 0 1
33.256720312126895 -59.26 1.4 2027 280 0 1
39.77016093638069 -59.26 1.4 2027 280 0 1
46.283601560634494 -59.26 1.4 2027 280 0 1
52.797042184888284 -59.26 1.4 2027 280 0 1
59.31048280914209 -59.26 1.4 2027 280 0 1
0.293322366487323 -55.94 1.4 2027 280 0 1
6.234657893189859 -55.94 1.4 2027 280 0 1
12.175993419892395 -55.94 1.4 2027 280 0 1
18.11732894659493 -55.94 1.4 2027 280 0 1
24.05866447329747 -55.94 1.4 2027 280 0 1
30.000000000000004 -55.94 1.4 2027 280 0 1
35.94133552670254 -55.94 1.4 2027 280 0 1
41.882671053405076 -55.94 1.4 2027 280 0 1
47.82400658010762 -55.94 1.4 2027 280 0 1
53.76534210681015 -55.94 1.4 2027 280 0 1
59.70667763351268 -55.94 1.4 2027 280 0 1
-0.13347774131321377 -52.61999999999999 1.4 2027 280 0 1
5.3453363934710065 -52.61999999999999 1.4 2027 280 0 1
10.824150528255227 -52.61999999999999 1.4 2027 280 0 1
16.302964663039447 -52.61999999999999 1.4 2027 280 0 1
21.78177879782367 -52.61999999999999 1.4 2027 280 0 1
27.26059293260789 -52.61999999999999 1.4 2027 280 0 1
32.73940706739211 -52.61999999999999 1.4 2027 280 0 1
38.21822120217633 -52.61999999999999 1.4 2027 280 0 1
43.69703533696055 -52.61999999999999 1.4 2027 280 0 1
49.175849471744776 -52.61999999999999 1.4 2027 280 0 1
54.65466360652899 -52.61999999999999 1.4 2027 280 0 1
60.133477741313214 -52.61999999999999 1.4 2027 280 0 1
-0.5950943266123883 -49.3 1.4 2027 280 0 1
4.504088061156343 -49.3 1.4 2027 280 0 1
9.603270448925073 -49.3 1.4 2027 280 0 1
14.702452836693807 -49.3 1.4 2027 280 0 1
19.801635224462537 -49.3 1.4 2027 280 0 1
24.90081761223127 -49.3 1.4 2027 280 0 1
30.000000000000004 -49.3 1.4 2027 280 0 1
35.099182387768735 -49.3 1.4 2027 280 0 1
40.19836477553746 -49.3 1.4 2027 280 0 1
45.2975471633062 -49.3 1.4 2027 280 0 1
50.39672955107493 -49.3 1.4 2027 280 0 1
55.49591193884366 -49.3 1.4 2027 280 0 1
60.5950943266124 -49.3 1.4 2027 280 0 1
-1.0954109116377642 -45.98 1.4 2027 280 0 1
3.688498459383431 -45.98 1.4 2027 280 0 1
8.472407830404626 -45.98 1.4 2027 280 0 1
13.25631720142582 -45.98 1.4 2027 280 0 1
18.040226572447015 -45.98 1.4 2027 280 0 1
22.82413594346821 -45.98 1.4 2027 280 0 1
27.608045314489402 -45.98 1.4 2027 280 0 1
32.3919546855106 -45.98 1.4 2027 280 0 1
37.17586405653179 -45.98 1.4 2027 280 0 1
41.95977342755299 -45.98 1.4 2027 280 0 1
46.743682798574184 -45.98 1.4 2027 280 0 1
51.52759216959537 -45.98 1.4 2027 280 0 1
56.31150154061657 -45.98 1.4 2027 280 0 1
61.095410911637764 -45.98 1.4 2027 280 0 1
0.6216692648952433 -42.66 1.4 2027 280 0 1
5.14141245491136 -42.66 1.4 2027 280 0 1
9.661155644927476 -42.66 1.4 2027 280 0 1
14.180898834943594 -42.66 1.4 2027 280 0 1
18.70064202495971 -42.66 1.4 2027 280 0 1
23.220385214975828 -42.66 1.4 2027 280 0 1
27.740128404991943 -42.66 1.4 2027 280 0 1
32.25987159500806 -42.66 1.4 2027 280 0 1
36.77961478502418 -42.66 1.4 2027 280 0 1
41.299357975040294 -42.66 1.4 2027 280 0 1
45.819101165056416 -42.66 1.4 2027 280 0 1
50.33884435507253 -42.66 1.4 2027 280 0 1
54.85858754508864 -42.66 1.4 2027 280 0 1
59.378330735104754 -42.66 1.4 2027 280 0 1
5.378166238533729 -39.339999999999996 1.4 2027 280 0 1
9.675138532111442 -39.339999999999996 1.4 2027 280 0 1
13.972110825689155 -39.339999999999996 1.4 2027 280 0 1
18.269083119266867 -39.339999999999996 1.4 2027 280 0 1
22.56605541284458 -39.339999999999996 1.4 2027 280 0 1
26.86302770642229 -39.339999999999996 1.4 2027 280 0 1
31.160000000000007 -39.339999999999996 1.4 2027 280 0 1
35.45697229357772 -39.339999999999996 1.4 2027 280 0 1
39.75394458715543 -39.339999999999996 1.4 2027 280 0 1
44.05091688073314 -39.339999999999996 1.4 2027 280 0 1
48.34788917431085 -39.339999999999996 1.4 2027 280 0 1
52.64486146788857 -39.339999999999996 1.4 2027 280 0 1
56.941833761466285 -39.339999999999996 1.4 2027 280 0 1
11.384160767524211 -36.019999999999996 1.4 2027 280 0 1
15.4924951734289 -36.019999999999996 1.4 2027 280 0 1
19.600829579333592 -36.019999999999996 1.4 2027 280 0 1
23.70916398523828 -36.019999999999996 1.4 2027 280 0 1
27.81749839114297 -36.019999999999996 1.4 2027 280 0 1
31.925832797047658 -36.019999999999996 1.4 2027 280 0 1
36.03416720295235 -36.019999999999996 1.4 2027 280 0 1
40.14250160885704 -36.019999999999996 1.4 2027 280 0 1
44.25083601476172 -36.019999999999996 1.4 2027 280 0 1
48.359170420666416 -36.019999999999996 1.4 2027 280 0 1
52.4675048265711 -36.019999999999996 1.4 2027 280 0 1
56.5758392324758 -36.019999999999996 1.4 2027 280 0 1
17.55845848341026 -32.699999999999996 1.4 2027 280 0 1
21.506766786728207 -32.699999999999996 1.4 2027 280 0 1
25.455075090046154 -32.699999999999996 1.4 2027 280 0 1
29.403383393364106 -32.699999999999996 1.4 2027 280 0 1
33.35169169668205 -32.699999999999996 1.4 2027 280 0 1
37.3 -32.699999999999996 1.4 2027 280 0 1
41.24830830331795 -32.699999999999996 1.4 2027 280 0 1
45.1966166066359 -32.699999999999996 1.4 2027 280 0 1
49.14492490995385 -32.699999999999996 1.4 2027 280 0 1
53.093233213271795 -32.699999999999996 1.4 2027 280 0 1
57.041541516589746 -32.699999999999996 1.4 2027 280 0 1
23.463116787633417 -29.38 1.4 2027 280 0 1
27.275757501492656 -29.38 1.4 2027 280 0 1
31.088398215351894 -29.38 1.4 2027 280 0 1
34.90103892921114 -29.38 1.4 2027 280 0 1
38.71367964307038 -29.38 1.4 2027 280 0 1
42.526320356929624 -29.38 1.4 2027 280 0 1
46.33896107078886 -29.38 1.4 2027 280 0 1
50.1516017846481 -29.38 1.4 2027 280 0 1
53.96424249850733 -29.38 1.4 2027 280 0 1
57.776883212366585 -29.38 1.4 2027 280 0 1
29.14791005593897 -26.060000000000002 1.4 2027 280 0 1
32.84593254195423 -26.060000000000002 1.4 2027 280 0 1
36.54395502796948 -26.060000000000002 1.4 2027 280 0 1
40.24197751398474 -26.060000000000002 1.4 2027 280 0 1
43.940000000000005 -26.060000000000002 1.4 2027 280 0 1
47.63802248601527 -26.060000000000002 1.4 2027 280 0 1
51.33604497203052 -26.060000000000002 1.4 2027 280 0 1
55.03406745804578 -26.060000000000002 1.4 2027 280 0 1
58.73208994406104 -26.060000000000002 1.4 2027 280 0 1
32.852550609799536 -22.74 1.4 2027 280 0 1
36.45441295734965 -22.74 1.4 2027 280 0 1
40.05627530489976 -22.74 1.4 2027 280 0 1
43.65813765244989 -22.74 1.4 2027 280 0 1
47.260000000000005 -22.74 1.4 2027 280 0 1
50.861862347550115 -22.74 1.4 2027 280 0 1
54.46372469510024 -22.74 1.4 2027 280 0 1
58.06558704265036 -22.74 1.4 2027 280 0 1
61.667449390200474 -22.74 1.4 2027 280 0 1
38.252558334251674 -19.419999999999998 1.4 2027 280 0 1
41.774684524465485 -19.419999999999998 1.4 2027 280 0 1
45.296810714679296 -19.419999999999998 1.4 2027 280 0 1
48.8189369048931 -19.419999999999998 1.4 2027 280 0 1
52.34106309510691 -19.419999999999998 1.4 2027 280 0 1
55.863189285320715 -19.419999999999998 1.4 2027 280 0 1
59.385315475534526 -19.419999999999998 1.4 2027 280 0 1
62.90744166574833 -19.419999999999998 1.4 2027 280 0 1
1.0599708966633525 -62.57999999999999 1.4 2027 290 0 1
8.294978172497515 -62.57999999999999 1.4 2027 290 0 1
15.529985448331677 -62.57999999999999 1.4 2027 290 0 1
22.76499272416584 -62.57999999999999 1.4 2027 290 0 1
30.0 -62.57999999999999 1.4 2027 290 0 1
37.235007275834164 -62.57999999999999 1.4 2027 290 0 1
44.47001455166833 -62.57999999999999 1.4 2027 290 0 1
51.70502182750249 -62.57999999999999 1.4 2027 290 0 1
58.940029103336656 -62.57999999999999 1.4 2027 290 0 1
0.6895171908579147 -59.26 1.4 2027 290 0 1
7.202957815111711 -59.26 1.4 2027 290 0 1
13.716398439365507 -59.26 1.4 2027 290 0 1
20.229839063619302 -59.26 1.4 2027 290 0 1
26.743279687873102 -59.26 1.4 2027 290 0 1
33.256720312126895 -59.26 1.4 2027 290 0 1
39.77016093638069 -59.26 1.4 2027 290 0 1
46.283601560634494 -59.26 1.4 2027 290 0 1
52.797042184888284 -59.26 1.4 2027 290 0 1
59.31048280914209 -59.26 1.4 2027 290 0 1
0.293322366487323 -55.94 1.4 2027 290 0 1
6.234657893189859 -55.94 1.4 2027 290 0 1
12.175993419892395 -55.94 1.4 2027 290 0 1
18.11732894659493 -55.94 1.4 2027 290 0 1
24.05866447329747 -55.94 1.4 2027 290 0 1
30.000000000000004 -55.94 1.4 2027 290 0 1
35.94133552670254 -55.94 1.4 2027 290 0 1
41.882671053405076 -55.94 1.4 2027 290 0 1
47.82400658010762 -55.94 1.4 2027 290 0 1
53.76534210681015 -55.94 1.4 2027 290 0 1
59.70667763351268 -55.94 1.4 2027 290 0 1
-0.13347774131321377 -52.61999999999999 1.4 2027 290 0 1
5.3453363934710065 -52.61999999999999 1.4 2027 290 0 1
10.824150528255227 -52.61999999999999 1.4 2027 290 0 1
16.302964663039447 -52.61999999999999 1.4 2027 290 0 1
21.78177879782367 -52.61999999999999 1.4 2027 290 0 1
27.26059293260789 -52.61999999999999 1.4 2027 290 0 1
32.73940706739211 -52.61999999999999 1.4 2027 290 0 1
38.21822120217633 -52.61999999999999 1.4 2027 290 0 1
43.69703533696055 -52.61999999999999 1.4 2027 290 0 1
49.175849471744776 -52.61999999999999 1.4 2027 290 0 1
54.65466360652899 -52.61999999999999 1.4 2027 290 0 1
60.133477741313214 -52.61999999999999 1.4 2027 290 0 1
-0.5950943266123883 -49.3 1.4 2027 290 0 1
4.504088061156343 -49.3 1.4 2027 290 0 1
9.603270448925073 -49.3 1.4 2027 290 0 1
14.702452836693807 -49.3 1.4 2027 290 0 1
19.801635224462537 -49.3 1.4 2027 290 0 1
24.90081761223127 -49.3 1.4 2027 290 0 1
30.000000000000004 -49.3 1.4 2027 290 0 1
35.099182387768735 -49.3 1.4 2027 290 0 1
40.19836477553746 -49.3 1.4 2027 290 0 1
45.2975471633062 -49.3 1.4 2027 290 0 1
50.39672955107493 -49.3 1.4 2027 290 0 1
55.49591193884366 -49.3 1.4 2027 290 0 1
60.5950943266124 -49.3 1.4 2027 290 0 1
-1.0954109116377642 -45.98 1.4 2027 290 0 1
3.688498459383431 -45.98 1.4 2027 290 0 1
8.472407830404626 -45.98 1.4 2027 290 0 1
13.25631720142582 -45.98 1.4 2027 290 0 1
18.040226572447015 -45.98 1.4 2027 290 0 1
22.82413594346821 -45.98 1.4 2027 290 0 1
27.608045314489402 -45.98 1.4 2027 290 0 1
32.3919546855106 -45.98 1.4 2027 290 0 1
37.17586405653179 -45.98 1.4 2027 290 0 1
41.95977342755299 -45.98 1.4 2027 290 0 1
46.743682798574184 -45.98 1.4 2027 290 0 1
51.52759216959537 -45.98 1.4 2027 290 0 1
56.31150154061657 -45.98 1.4 2027 290 0 1
61.095410911637764 -45.98 1.4 2027 290 0 1
0.6216692648952433 -42.66 1.4 2027 290 0 1
5.14141245491136 -42.66 1.4 2027 290 0 1
9.661155644927476 -42.66 1.4 2027 290 0 1
14.180898834943594 -42.66 1.4 2027 290 0 1
18.70064202495971 -42.66 1.4 2027 290 0 1
23.220385214975828 -42.66 1.4 2027 290 0 1
27.740128404991943 -42.66 1.4 2027 290 0 1
32.25987159500806 -42.66 1.4 2027 290 0 1
36.77961478502418 -42.66 1.4 2027 290 0 1
41.299357975040294 -42.66 1.4 2027 290 0 1
45.819101165056416 -42.66 1.4 2027 290 0 1
50.33884435507253 -42.66 1.4 2027 290 0 1
54.85858754508864 -42.66 1.4 2027 290 0 1
59.378330735104754 -42.66 1.4 2027 290 0 1
5.378166238533729 -39.339999999999996 1.4 2027 290 0 1
9.675138532111442 -39.339999999999996 1.4 2027 290 0 1
13.972110825689155 -39.339999999999996 1.4 2027 290 0 1
18.269083119266867 -39.339999999999996 1.4 2027 290 0 1
22.56605541284458 -39.339999999999996 1.4 2027 290 0 1
26.86302770642229 -39.339999999999996 1.4 2027 290 0 1
31.160000000000007 -39.339999999999996 1.4 2027 290 0 1
35.45697229357772 -39.339999999999996 1.4 2027 290 0 1
39.75394458715543 -39.339999999999996 1.4 2027 290 0 1
44.05091688073314 -39.339999999999996 1.4 2027 290 0 1
48.34788917431085 -39.339999999999996 1.4 2027 290 0 1
52.64486146788857 -39.339999999999996 1.4 2027 290 0 1
56.941833761466285 -39.339999999999996 1.4 2027 290 0 1
11.384160767524211 -36.019999999999996 1.4 2027 290 0 1
15.4924951734289 -36.019999999999996 1.4 2027 290 0 1
19.600829579333592 -36.019999999999996 1.4 2027 290 0 1
23.70916398523828 -36.019999999999996 1.4 2027 290 0 1
27.81749839114297 -36.019999999999996 1.4 2027 290 0 1
31.925832797047658 -36.019999999999996 1.4 2027 290 0 1
36.03416720295235 -36.019999999999996 1.4 2027 290 0 1
40.14250160885704 -36.019999999999996 1.4 2027 290 0 1
44.25083601476172 -36.019999999999996 1.4 2027 290 0 1
48.359170420666416 -36.019999999999996 1.4 2027 290 0 1
52.4675048265711 -36.019999999999996 1.4 2027 290 0 1
56.5758392324758 -36.019999999999996 1.4 2027 290 0 1
17.55845848341026 -32.699999999999996 1.4 2027 290 0 1
21.506766786728207 -32.699999999999996 1.4 2027 290 0 1
25.455075090046154 -32.699999999999996 1.4 2027 290 0 1
29.403383393364106 -32.699999999999996 1.4 2027 290 0 1
33.35169169668205 -32.699999999999996 1.4 2027 290 0 1
37.3 -32.699999999999996 1.4 2027 290 0 1
41.24830830331795 -32.699999999999996 1.4 2027 290 0 1
45.1966166066359 -32.699999999999996 1.4 2027 290 0 1
49.14492490995385 -32.699999999999996 1.4 2027 290 0 1
53.093233213271795 -32.699999999999996 1.4 2027 290 0 1
57.041541516589746 -32.699999999999996 1.4 2027 290 0 1
23.463116787633417 -29.38 1.4 2027 290 0 1
27.275757501492656 -29.38 1.4 2027 290 0 1
31.088398215351894 -29.38 1.4 2027 290 0 1
34.90103892921114 -29.38 1.4 2027 290 0 1
38.71367964307038 -29.38 1.4 2027 290 0 1
42.526320356929624 -29.38 1.4 2027 290 0 1
46.33896107078886 -29.38 1.4 2027 290 0 1
50.1516017846481 -29.38 1.4 2027 290 0 1
53.96424249850733 -29.38 1.4 2027 290 0 1
57.776883212366585 -29.38 1.4 2027 290 0 1
29.14791005593897 -26.060000000000002 1.4 2027 290 0 1
32.84593254195423 -26.060000000000002 1.4 2027 290 0 1
36.54395502796948 -26.060000000000002 1.4 2027 290 0 1
40.24197751398474 -26.060000000000002 1.4 2027 290 0 1
43.940000000000005 -26.060000000000002 1.4 2027 290 0 1
47.63802248601527 -26.060000000000002 1.4 2027 290 0 1
51.33604497203052 -26.060000000000002 1.4 2027 290 0 1
55.03406745804578 -26.060000000000002 1.4 2027 290 0 1
58.73208994406104 -26.060000000000002 1.4 2027 290 0 1
32.852550609799536 -22.74 1.4 2027 290 0 1
36.45441295734965 -22.74 1.4 2027 290 0 1
40.05627530489976 -22.74 1.4 2027 290 0 1
43.65813765244989 -22.74 1.4 2027 290 0 1
47.260000000000005 -22.74 1.4 2027 290 0 1
50.861862347550115 -22.74 1.4 2027 290 0 1
54.46372469510024 -22.74 1.4 2027 290 0 1
58.06558704265036 -22.74 1.4 2027 290 0 1
61.667449390200474 -22.74 1.4 2027 290 0 1
38.252558334251674 -19.419999999999998 1.4 2027 290 0 1
41.774684524465485 -19.419999999999998 1.4 2027 290 0 1
45.296810714679296 -19.419999999999998 1.4 2027 290 0 1
48.8189369048931 -19.419999999999998 1.4 2027 290 0 1
52.34106309510691 -19.419999999999998 1.4 2027 290 0 1
55.863189285320715 -19.419999999999998 1.4 2027 290 0 1
59.385315475534526 -19.419999999999998 1.4 2027 290 0 1
62.90744166574833 -19.419999999999998 1.4 2027 290 0 1
1.0599708966633525 -62.57999999999999 1.4 2027 300 0 1
8.294978172497515 -62.57999999999999 1.4 2027 300 0 1
15.529985448331677 -62.57999999999999 1.4 2027 300 0 1
22.76499272416584 -62.57999999999999 1.4 2027 300 0 1
30.0 -62.57999999999999 1.4 2027 300 0 1
37.235007275834164 -62.57999999999999 1.4 2027 300 0 1
44.47001455166833 -62.57999999999999 1.4 2027 300 0 1
51.70502182750249 -62.57999999999999 1.4 2027 300 0 1
58.940029103336656 -62.57999999999999 1.4 2027 300 0 1
0.6895171908579147 -59.26 1.4 2027 300 0 1
7.202957815111711 -59.26 1.4 2027 300 0 1
13.716398439365507 -59.26 1.4 2027 300 0 1
20.229839063619302 -59.26 1.4 2027 300 0 1
26.743279687873102 -59.26 1.4 2027 300 0 1
33.256720312126895 -59.26 1.4 2027 300 0 1
39.77016093638069 -59.26 1.4 2027 300 0 1
46.283601560634494 -59.26 1.4 2027 300 0 1
52.797042184888284 -59.26 1.4 2027 300 0 1
59.31048280914209 -59.26 1.4 2027 300 0 1
0.293322366487323 -55.94 1.4 2027 300 0 1
6.234657893189859 -55.94 1.4 2027 300 0 1
12.175993419892395 -55.94 1.4 2027 300 0 1
18.11732894659493 -55.94 1.4 2027 300 0 1
24.05866447329747 -55.94 1.4 2027 300 0 1
30.000000000000004 -55.94 1.4 2027 300 0 1
35.94133552670254 -55.94 1.4 2027 300 0 1
41.882671053405076 -55.94 1.4 2027 300 0 1
47.82400658010762 -55.94 1.4 2027 300 0 1
53.76534210681015 -55.94 1.4 2027 300 0 1
59.70667763351268 -55.94 1.4 2027 300 0 1
-0.13347774131321377 -52.61999999999999 1.4 2027 300 0 1
5.3453363934710065 -52.61999999999999 1.4 2027 300 0 1
10.824150528255227 -52.61999999999999 1.4 2027 300 0 1
16.302964663039447 -52.61999999999999 1.4 2027 300 0 1
21.78177879782367 -52.61999999999999 1.4 2027 300 0 1
27.26059293260789 -52.61999999999999 1.4 2027 300 0 1
32.73940706739211 -52.61999999999999 1.4 2027 300 0 1
38.21822120217633 -52.61999999999999 1.4 2027 300 0 1
43.69703533696055 -52.61999999999999 1.4 2027 300 0 1
49.175849471744776 -52.61999999999999 1.4 2027 300 0 1
54.65466360652899 -52.61999999999999 1.4 2027 300 0 1
60.133477741313214 -52.61999999999999 1.4 2027 300 0 1
-0.5950943266123883 -49.3 1.4 2027 300 0 1
4.504088061156343 -49.3 1.4 2027 300 0 1
9.603270448925073 -49.3 1.4 2027 300 0 1
14.702452836693807 -49.3 1.4 2027 300 0 1
19.801635224462537 -49.3 1.4 2027 300 0 1
24.90081761223127 -49.3 1.4 2027 300 0 1
30.000000000000004 -49.3 1.4 2027 300 0 1
35.099182387768735 -49.3 1.4 2027 300 0 1
40.19836477553746 -49.3 1.4 2027 300 0 1
45.2975471633062 -49.3 1.4 2027 300 0 1
50.39672955107493 -49.3 1.4 2027 300 0 1
55.49591193884366 -49.3 1.4 2027 300 0 1
60.5950943266124 -49.3 1.4 2027 300 0 1
-1.0954109116377642 -45.98 1.4 2027 300 0 1
3.688498459383431 -45.98 1.4 2027 300 0 1
8.472407830404626 -45.98 1.4 2027 300 0 1
13.25631720142582 -45.98 1.4 2027 300 0 1
18.040226572447015 -45.98 1.4 2027 300 0 1
22.82413594346821 -45.98 1.4 2027 300 0 1
27.608045314489402 -45.98 1.4 2027 300 0 1
32.3919546855106 -45.98 1.4 2027 300 0 1
37.17586405653179 -45.98 1.4 2027 300 0 1
41.95977342755299 -45.98 1.4 2027 300 0 1
46.743682798574184 -45.98 1.4 2027 300 0 1
51.52759216959537 -45.98 1.4 2027 300 0 1
56.31150154061657 -45.98 1.4 2027 300 0 1
61.095410911637764 -45.98 1.4 2027 300 0 1
0.6216692648952433 -42.66 1.4 2027 300 0 1
5.14141245491136 -42.66 1.4 2027 300 0 1
9.661155644927476 -42.66 1.4 2027 300 0 1
14.180898834943594 -42.66 1.4 2027 300 0 1
18.70064202495971 -42.66 1.4 2027 300 0 1
23.220385214975828 -42.66 1.4 2027 300 0 1
27.740128404991943 -42.66 1.4 2027 300 0 1
32.25987159500806 -42.66 1.4 2027 300 0 1
36.77961478502418 -42.66 1.4 2027 300 0 1
41.299357975040294 -42.66 1.4 2027 300 0 1
45.819101165056416 -42.66 1.4 2027 300 0 1
50.33884435507253 -42.66 1.4 2027 300 0 1
54.85858754508864 -42.66 1.4 2027 300 0 1
59.378330735104754 -42.66 1.4 2027 300 0 1
5.378166238533729 -39.339999999999996 1.4 2027 300 0 1
9.675138532111442 -39.339999999999996 1.4 2027 300 0 1
13.972110825689155 -39.339999999999996 1.4 2027 300 0 1
18.269083119266867 -39.339999999999996 1.4 2027 300 0 1
22.56605541284458 -39.339999999999996 1.4 2027 300 0 1
26.86302770642229 -39.339999999999996 1.4 2027 300 0 1
31.160000000000007 -39.339999999999996 1.4 2027 300 0 1
35.45697229357772 -39.339999999999996 1.4 2027 300 0 1
39.75394458715543 -39.339999999999996 1.4 2027 300 0 1
44.05091688073314 -39.339999999999996 1.4 2027 300 0 1
48.34788917431085 -39.339999999999996 1.4 2027 300 0 1
52.64486146788857 -39.339999999999996 1.4 2027 300 0 1
56.941833761466285 -39.339999999999996 1.4 2027 300 0 1
11.384160767524211 -36.019999999999996 1.4 2027 300 0 1
15.4924951734289 -36.019999999999996 1.4 2027 300 0 1
19.600829579333592 -36.019999999999996 1.4 2027 300 0 1
23.70916398523828 -36.019999999999996 1.4 2027 300 0 1
27.81749839114297 -36.019999999999996 1.4 2027 300 0 1
31.925832797047658 -36.019999999999996 1.4 2027 300 0 1
36.03416720295235 -36.019999999999996 1.4 2027 300 0 1
40.14250160885704 -36.019999999999996 1.4 2027 300 0 1
44.25083601476172 -36.019999999999996 1.4 2027 300 0 1
48.359170420666416 -36.019999999999996 1.4 2027 300 0 1
52.4675048265711 -36.019999999999996 1.4 2027 300 0 1
56.5758392324758 -36.019999999999996 1.4 2027 300 0 1
17.55845848341026 -32.699999999999996 1.4 2027 300 0 1
21.506766786728207 -32.699999999999996 1.4 2027 300 0 1
25.455075090046154 -32.699999999999996 1.4 2027 300 0 1
29.403383393364106 -32.699999999999996 1.4 2027 300 0 1
33.35169169668205 -32.699999999999996 1.4 2027 300 0 1
37.3 -32.699999999999996 1.4 2027 300 0 1
41.24830830331795 -32.699999999999996 1.4 2027 300 0 1
45.1966166066359 -32.699999999999996 1.4 2027 300 0 1
49.14492490995385 -32.699999999999996 1.4 2027 300 0 1
53.093233213271795 -32.699999999999996 1.4 2027 300 0 1
57.041541516589746 -32.699999999999996 1.4 2027 300 0 1
23.463116787633417 -29.38 1.4 2027 300 0 1
27.275757501492656 -29.38 1.4 2027 300 0 1
31.088398215351894 -29.38 1.4 2027 300 0 1
34.90103892921114 -29.38 1.4 2027 300 0 1
38.71367964307038 -29.38 1.4 2027 300 0 1
42.526320356929624 -29.38 1.4 2027 300 0 1
46.33896107078886 -29.38 1.4 2027 300 0 1
50.1516017846481 -29.38 1.4 2027 300 0 1
53.96424249850733 -29.38 1.4 2027 300 0 1
57.776883212366585 -29.38 1.4 2027 300 0 1
29.14791005593897 -26.060000000000002 1.4 2027 300 0 1
32.84593254195423 -26.060000000000002 1.4 2027 300 0 1
36.54395502796948 -26.060000000000002 1.4 2027 300 0 1
40.24197751398474 -26.060000000000002 1.4 2027 300 0 1
43.940000000000005 -26.060000000000002 1.4 2027 300 0 1
47.63802248601527 -26.060000000000002 1.4 2027 300 0 1
51.33604497203052 -26.060000000000002 1.4 2027 300 0 1
55.03406745804578 -26.060000000000002 1.4 2027 300 0 1
58.73208994406104 -26.060000000000002 1.4 2027 300 0 1
32.852550609799536 -22.74 1.4 2027 300 0 1
36.45441295734965 -22.74 1.4 2027 300 0 1
40.05627530489976 -22.74 1.4 2027 300 0 1
43.65813765244989 -22.74 1.4 2027 300 0 1
47.260000000000005 -22.74 1.4 2027 300 0 1
50.861862347550115 -22.74 1.4 2027 300 0 1
54.46372469510024 -22.74 1.4 2027 300 0 1
58.06558704265036 -22.74 1.4 2027 300 0 1
61.667449390200474 -22.74 1.4 2027 300 0 1
38.252558334251674 -19.419999999999998 1.4 2027 300 0 1
41.774684524465485 -19.419999999999998 1.4 2027 300 0 1
45.296810714679296 -19.419999999999998 1.4 2027 300 0 1
48.8189369048931 -19.419999999999998 1.4 2027 300 0 1
52.34106309510691 -19.419999999999998 1.4 2027 300 0 1
55.863189285320715 -19.419999999999998 1.4 2027 300 0 1
59.385315475534526 -19.419999999999998 1.4 2027 300 0 1
62.90744166574833 -19.419999999999998 1.4 2027 300 0 1
1.0599708966633525 -62.57999999999999 1.4 2027 310 0 1
8.294978172497515 -62.57999999999999 1.4 2027 310 0 1
15.529985448331677 -62.57999999999999 1.4 2027 310 0 1
22.76499272416584 -62.57999999999999 1.4 2027 310 0 1
30.0 -62.57999999999999 1.4 2027 310 0 1
37.235007275834164 -62.57999999999999 1.4 2027 310 0 1
44.47001455166833 -62.57999999999999 1.4 2027 310 0 1
51.70502182750249 -62.57999999999999 1.4 2027 310 0 1
58.940029103336656 -62.57999999999999 1.4 2027 310 0 1
0.6895171908579147 -59.26 1.4 2027 310 0 1
7.202957815111711 -59.26 1.4 2027 310 0 1
13.716398439365507 -59.26 1.4 2027 310 0 1
20.229839063619302 -59.26 1.4 2027 310 0 1
26.743279687873102 -59.26 1.4 2027 310 0 1
33.256720312126895 -59.26 1.4 2027 310 0 1
39.77016093638069 -59.26 1.4 2027 310 0 1
46.283601560634494 -59.26 1.4 2027 310 0 1
52.797042184888284 -59.26 1.4 2027 310 0 1
59.31048280914209 -59.26 1.4 2027 310 0 1
0.293322366487323 -55.94 1.4 2027 310 0 1
6.234657893189859 -55.94 1.4 2027 310 0 1
12.175993419892395 -55.94 1.4 2027 310 0 1
18.11732894659493 -55.94 1.4 2027 310 0 1
24.05866447329747 -55.94 1.4 2027 310 0 1
30.000000000000004 -55.94 1.4 2027 310 0 1
35.94133552670254 -55.94 1.4 2027 310 0 1
41.882671053405076 -55.94 1.4 2027 310 0 1
47.82400658010762 -55.94 1.4 2027 310 0 1
53.76534210681015 -55.94 1.4 2027 310 0 1
59.70667763351268 -55.94 1.4 2027 310 0 1
-0.13347774131321377 -52.61999999999999 1.4 2027 310 0 1
5.3453363934710065 -52.61999999999999 1.4 2027 310 0 1
10.824150528255227 -52.61999999999999 1.4 2027 310 0 1
16.302964663039447 -52.61999999999999 1.4 2027 310 0 1
21.78177879782367 -52.61999999999999 1.4 2027 310 0 1
27.26059293260789 -52.61999999999999 1.4 2027 310 0 1
32.73940706739211 -52.61999999999999 1.4 2027 310 0 1
38.21822120217633 -52.61999999999999 1.4 2027 310 0 1
43.69703533696055 -52.61999999999999 1.4 2027 310 0 1
49.175849471744776 -52.61999999999999 1.4 2027 310 0 1
54.65466360652899 -52.61999999999999 1.4 2027 310 0 1
60.133477741313214 -52.61999999999999 1.4 2027 310 0 1
-0.5950943266123883 -49.3 1.4 2027 310 0 1
4.504088061156343 -49.3 1.4 2027 310 0 1
9.603270448925073 -49.3 1.4 2027 310 0 1
14.702452836693807 -49.3 1.4 2027 310 0 1
19.801635224462537 -49.3 1.4 2027 310 0 1
24.90081761223127 -49.3 1.4 2027 310 0 1
30.000000000000004 -49.3 1.4 2027 310 0 1
35.099182387768735 -49.3 1.4 2027 310 0 1
40.19836477553746 -49.3 1.4 2027 310 0 1
45.2975471633062 -49.3 1.4 2027 310 0 1
50.39672955107493 -49.3 1.4 2027 310 0 1
55.49591193884366 -49.3 1.4 2027 310 0 1
60.5950943266124 -49.3 1.4 2027 310 0 1
-1.0954109116377642 -45.98 1.4 2027 310 0 1
3.688498459383431 -45.98 1.4 2027 310 0 1
8.472407830404626 -45.98 1.4 2027 310 0 1
13.25631720142582 -45.98 1.4 2027 310 0 1
18.040226572447015 -45.98 1.4 2027 310 0 1
22.82413594346821 -45.98 1.4 2027 310 0 1
27.608045314489402 -45.98 1.4 2027 310 0 1
32.3919546855106 -45.98 1.4 2027 310 0 1
37.17586405653179 -45.98 1.4 2027 310 0 1
41.95977342755299 -45.98 1.4 2027 310 0 1
46.743682798574184 -45.98 1.4 2027 310 0 1
51.52759216959537 -45.98 1.4 2027 310 0 1
56.31150154061657 -45.98 1.4 2027 310 0 1
61.095410911637764 -45.98 1.4 2027 310 0 1
0.6216692648952433 -42.66 1.4 2027 310 0 1
5.14141245491136 -42.66 1.4 2027 310 0 1
9.661155644927476 -42.66 1.4 2027 310 0 1
14.180898834943594 -42.66 1.4 2027 310 0 1
18.70064202495971 -42.66 1.4 2027 310 0 1
23.220385214975828 -42.66 1.4 2027 310 0 1
27.740128404991943 -42.66 1.4 2027 310 0 1
32.25987159500806 -42.66 1.4 2027 310 0 1
36.77961478502418 -42.66 1.4 2027 310 0 1
41.299357975040294 -42.66 1.4 2027 310 0 1
45.819101165056416 -42.66 1.4 2027 310 0 1
50.33884435507253 -42.66 1.4 2027 310 0 1
54.85858754508864 -42.66 1.4 2027 310 0 1
59.378330735104754 -42.66 1.4 2027 310 0 1
5.378166238533729 -39.339999999999996 1.4 2027 310 0 1
9.675138532111442 -39.339999999999996 1.4 2027 310 0 1
13.972110825689155 -39.339999999999996 1.4 2027 310 0 1
18.269083119266867 -39.339999999999996 1.4 2027 310 0 1
22.56605541284458 -39.339999999999996 1.4 2027 310 0 1
26.86302770642229 -39.339999999999996 1.4 2027 310 0 1
31.160000000000007 -39.339999999999996 1.4 2027 310 0 1
35.45697229357772 -39.339999999999996 1.4 2027 310 0 1
39.75394458715543 -39.339999999999996 1.4 2027 310 0 1
44.05091688073314 -39.339999999999996 1.4 2027 310 0 1
48.34788917431085 -39.339999999999996 1.4 2027 310 0 1
52.64486146788857 -39.339999999999996 1.4 2027 310 0 1
56.941833761466285 -39.339999999999996 1.4 2027 310 0 1
11.384160767524211 -36.019999999999996 1.4 2027 310 0 1
15.4924951734289 -36.019999999999996 1.4 2027 310 0 1
19.600829579333592 -36.019999999999996 1.4 2027 310 0 1
23.70916398523828 -36.019999999999996 1.4 2027 310 0 1
27.81749839114297 -36.019999999999996 1.4 2027 310 0 1
31.925832797047658 -36.019999999999996 1.4 2027 310 0 1
36.03416720295235 -36.019999999999996 1.4 2027 310 0 1
40.14250160885704 -36.019999999999996 1.4 2027 310 0 1
44.25083601476172 -36.019999999999996 1.4 2027 310 0 1
48.359170420666416 -36.019999999999996 1.4 2027 310 0 1
52.4675048265711 -36.019999999999996 1.4 2027 310 0 1
56.5758392324758 -36.019999999999996 1.4 2027 310 0 1
17.55845848341026 -32.699999999999996 1.4 2027 310 0 1
21.506766786728207 -32.699999999999996 1.4 2027 310 0 1
25.455075090046154 -32.699999999999996 1.4 2027 310 0 1
29.403383393364106 -32.699999999999996 1.4 2027 310 0 1
33.35169169668205 -32.699999999999996 1.4 2027 310 0 1
37.3 -32.699999999999996 1.4 2027 310 0 1
41.24830830331795 -32.699999999999996 1.4 2027 310 0 1
45.1966166066359 -32.699999999999996 1.4 2027 310 0 1
49.14492490995385 -32.699999999999996 1.4 2027 310 0 1
53.093233213271795 -32.699999999999996 1.4 2027 310 0 1
57.041541516589746 -32.699999999999996 1.4 2027 310 0 1
23.463116787633417 -29.38 1.4 2027 310 0 1
27.275757501492656 -29.38 1.4 2027 310 0 1
31.088398215351894 -29.38 1.4 2027 310 0 1
34.90103892921114 -29.38 1.4 2027 310 0 1
38.71367964307038 -29.38 1.4 2027 310 0 1
42.526320356929624 -29.38 1.4 2027 310 0 1
46.33896107078886 -29.38 1.4 2027 310 0 1
50.1516017846481 -29.38 1.4 2027 310 0 1
53.96424249850733 -29.38 1.4 2027 310 0 1
57.776883212366585 -29.38 1.4 2027 310 0 1
29.14791005593897 -26.060000000000002 1.4 2027 310 0 1
32.84593254195423 -26.060000000000002 1.4 2027 310 0 1
36.54395502796948 -26.060000000000002 1.4 2027 310 0 1
40.24197751398474 -26.060000000000002 1.4 2027 310 0 1
43.940000000000005 -26.060000000000002 1.4 2027 310 0 1
47.63802248601527 -26.060000000000002 1.4 2027 310 0 1
51.33604497203052 -26.060000000000002 1.4 2027 310 0 1
55.03406745804578 -26.060000000000002 1.4 2027 310 0 1
58.73208994406104 -26.060000000000002 1.4 2027 310 0 1
32.852550609799536 -22.74 1.4 2027 310 0 1
36.45441295734965 -22.74 1.4 2027 310 0 1
40.05627530489976 -22.74 1.4 2027 310 0 1
43.65813765244989 -22.74 1.4 2027 310 0 1
47.260000000000005 -22.74 1.4 2027 310 0 1
50.861862347550115 -22.74 1.4 2027 310 0 1
54.46372469510024 -22.74 1.4 2027 310 0 1
58.06558704265036 -22.74 1.4 2027 310 0 1
61.667449390200474 -22.74 1.4 2027 310 0 1
38.252558334251674 -19.419999999999998 1.4 2027 310 0 1
41.774684524465485 -19.419999999999998 1.4 2027 310 0 1
45.296810714679296 -19.419999999999998 1.4 2027 310 0 1
48.8189369048931 -19.419999999999998 1.4 2027 310 0 1
52.34106309510691 -19.419999999999998 1.4 2027 310 0 1
55.863189285320715 -19.419999999999998 1.4 2027 310 0 1
59.385315475534526 -19.419999999999998 1.4 2027 310 0 1
62.90744166574833 -19.419999999999998 1.4 2027 310 0 1
1.0599708966633525 -62.57999999999999 1.4 2027 320 0 1
8.294978172497515 -62.57999999999999 1.4 2027 320 0 1
15.529985448331677 -62.57999999999999 1.4 2027 320 0 1
22.76499272416584 -62.57999999999999 1.4 2027 320 0 1
30.0 -62.57999999999999 1.4 2027 320 0 1
37.235007275834164 -62.57999999999999 1.4 2027 320 0 1
44.47001455166833 -62.57999999999999 1.4 2027 320 0 1
51.70502182750249 -62.57999999999999 1.4 2027 320 0 1
58.940029103336656 -62.57999999999999 1.4 2027 320 0 1
0.6895171908579147 -59.26 1.4 2027 320 0 1
7.202957815111711 -59.26 1.4 2027 320 0 1
13.716398439365507 -59.26 1.4 2027 320 0 1
20.229839063619302 -59.26 1.4 2027 320 0 1
26.743279687873102 -59.26 1.4 2027 320 0 1
33.256720312126895 -59.26 1.4 2027 320 0 1
39.77016093638069 -59.26 1.4 2027 320 0 1
46.283601560634494 -59.26 1.4 2027 320 0 1
52.797042184888284 -59.26 1.4 2027 320 0 1
59.31048280914209 -59.26 1.4 2027 320 0 1
0.293322366487323 -55.94 1.4 2027 320 0 1
6.234657893189859 -55.94 1.4 2027 320 0 1
12.175993419892395 -55.94 1.4 2027 320 0 1
18.11732894659493 -55.94 1.4 2027 320 0 1
24.05866447329747 -55.94 1.4 2027 320 0 1
30.000000000000004 -55.94 1.4 2027 320 0 1
35.94133552670254 -55.94 1.4 2027 320 0 1
41.882671053405076 -55.94 1.4 2027 320 0 1
47.82400658010762 -55.94 1.4 2027 320 0 1
53.76534210681015 -55.94 1.4 2027 320 0 1
59.70667763351268 -55.94 1.4 2027 320 0 1
-0.13347774131321377 -52.61999999999999 1.4 2027 320 0 1
5.3453363934710065 -52.61999999999999 1.4 2027 320 0 1
10.824150528255227 -52.61999999999999 1.4 2027 320 0 1
16.302964663039447 -52.61999999999999 1.4 2027 320 0 1
21.78177879782367 -52.61999999999999 1.4 2027 320 0 1
27.26059293260789 -52.61999999999999 1.4 2027 320 0 1
32.73940706739211 -52.61999999999999 1.4 2027 320 0 1
38.21822120217633 -52.61999999999999 1.4 2027 320 0 1
43.69703533696055 -52.61999999999999 1.4 2027 320 0 1
49.175849471744776 -52.61999999999999 1.4 2027 320 0 1
54.65466360652899 -52.61999999999999 1.4 2027 320 0 1
60.133477741313214 -52.61999999999999 1.4 2027 320 0 1
-0.5950943266123883 -49.3 1.4 2027 320 0 1
4.504088061156343 -49.3 1.4 2027 320 0 1
9.603270448925073 -49.3 1.4 2027 320 0 1
14.702452836693807 -49.3 1.4 2027 320 0 1
19.801635224462537 -49.3 1.4 2027 320 0 1
24.90081761223127 -49.3 1.4 2027 320 0 1
30.000000000000004 -49.3 1.4 2027 320 0 1
35.099182387768735 -49.3 1.4 2027 320 0 1
40.19836477553746 -49.3 1.4 2027 320 0 1
45.2975471633062 -49.3 1.4 2027 320 0 1
50.39672955107493 -49.3 1.4 2027 320 0 1
55.49591193884366 -49.3 1.4 2027 320 0 1
60.5950943266124 -49.3 1.4 2027 320 0 1
-1.0954109116377642 -45.98 1.4 2027 320 0 1
3.688498459383431 -45.98 1.4 2027 320 0 1
8.472407830404626 -45.98 1.4 2027 320 0 1
13.25631720142582 -45.98 1.4 2027 320 0 1
18.040226572447015 -45.98 1.4 2027 320 0 1
22.82413594346821 -45.98 1.4 2027 320 0 1
27.608045314489402 -45.98 1.4 2027 320 0 1
32.3919546855106 -45.98 1.4 2027 320 0 1
37.17586405653179 -45.98 1.4 2027 320 0 1
41.95977342755299 -45.98 1.4 2027 320 0 1
46.743682798574184 -45.98 1.4 2027 320 0 1
51.52759216959537 -45.98 1.4 2027 320 0 1
56.31150154061657 -45.98 1.4 2027 320 0 1
61.095410911637764 -45.98 1.4 2027 320 0 1
0.6216692648952433 -42.66 1.4 2027 320 0 1
5.14141245491136 -42.66 1.4 2027 320 0 1
9.661155644927476 -42.66 1.4 2027 320 0 1
14.180898834943594 -42.66 1.4 2027 320 0 1
18.70064202495971 -42.66 1.4 2027 320 0 1
23.220385214975828 -42.66 1.4 2027 320 0 1
27.740128404991943 -42.66 1.4 2027 320 0 1
32.25987159500806 -42.66 1.4 2027 320 0 1
36.77961478502418 -42.66 1.4 2027 320 0 1
41.299357975040294 -42.66 1.4 2027 320 0 1
45.819101165056416 -42.66 1.4 2027 320 0 1
50.33884435507253 -42.66 1.4 2027 320 0 1
54.85858754508864 -42.66 1.4 2027 320 0 1
59.378330735104754 -42.66 1.4 2027 320 0 1
5.378166238533729 -39.339999999999996 1.4 2027 320 0 1
9.675138532111442 -39.339999999999996 1.4 2027 320 0 1
13.972110825689155 -39.339999999999996 1.4 2027 320 0 1
18.269083119266867 -39.339999999999996 1.4 2027 320 0 1
22.56605541284458 -39.339999999999996 1.4 2027 320 0 1
26.86302770642229 -39.339999999999996 1.4 2027 320 0 1
31.160000000000007 -39.339999999999996 1.4 2027 320 0 1
35.45697229357772 -39.339999999999996 1.4 2027 320 0 1
39.75394458715543 -39.339999999999996 1.4 2027 320 0 1
44.05091688073314 -39.339999999999996 1.4 2027 320 0 1
48.34788917431085 -39.339999999999996 1.4 2027 320 0 1
52.64486146788857 -39.339999999999996 1.4 2027 320 0 1
56.941833761466285 -39.339999999999996 1.4 2027 320 0 1
11.384160767524211 -36.019999999999996 1.4 2027 320 0 1
15.4924951734289 -36.019999999999996 1.4 2027 320 0 1
19.600829579333592 -36.019999999999996 1.4 2027 320 0 1
23.70916398523828 -36.019999999999996 1.4 2027 320 0 1
27.81749839114297 -36.019999999999996 1.4 2027 320 0 1
31.925832797047658 -36.019999999999996 1.4 2027 320 0 1
36.03416720295235 -36.019999999999996 1.4 2027 320 0 1
40.14250160885704 -36.019999999999996 1.4 2027 320 0 1
44.25083601476172 -36.019999999999996 1.4 2027 320 0 1
48.359170420666416 -36.019999999999996 1.4 2027 320 0 1
52.4675048265711 -36.019999999999996 1.4 2027 320 0 1
56.5758392324758 -36.019999999999996 1.4 2027 320 0 1
17.55845848341026 -32.699999999999996 1.4 2027 320 0 1
21.506766786728207 -32.699999999999996 1.4 2027 320 0 1
25.455075090046154 -32.699999999999996 1.4 2027 320 0 1
29.403383393364106 -32.699999999999996 1.4 2027 320 0 1
33.35169169668205 -32.699999999999996 1.4 2027 320 0 1
37.3 -32.699999999999996 1.4 2027 320 0 1
41.24830830331795 -32.699999999999996 1.4 2027 320 0 1
45.1966166066359 -32.699999999999996 1.4 2027 320 0 1
49.14492490995385 -32.699999999999996 1.4 2027 320 0 1
53.093233213271795 -32.699999999999996 1.4 2027 320 0 1
57.041541516589746 -32.699999999999996 1.4 2027 320 0 1
23.463116787633417 -29.38 1.4 2027 320 0 1
27.275757501492656 -29.38 1.4 2027 320 0 1
31.088398215351894 -29.38 1.4 2027 320 0 1
34.90103892921114 -29.38 1.4 2027 320 0 1
38.71367964307038 -29.38 1.4 2027 320 0 1
42.526320356929624 -29.38 1.4 2027 320 0 1
46.33896107078886 -29.38 1.4 2027 320 0 1
50.1516017846481 -29.38 1.4 2027 320 0 1
53.96424249850733 -29.38 1.4 2027 320 0 1
57.776883212366585 -29.38 1.4 2027 320 0 1
29.14791005593897 -26.060000000000002 1.4 2027 320 0 1
32.84593254195423 -26.060000000000002 1.4 2027 320 0 1
36.54395502796948 -26.060000000000002 1.4 2027 320 0 1
40.24197751398474 -26.060000000000002 1.4 2027 320 0 1
43.940000000000005 -26.060000000000002 1.4 2027 320 0 1
47.63802248601527 -26.060000000000002 1.4 2027 320 0 1
51.33604497203052 -26.060000000000002 1.4 2027 320 0 1
55.03406745804578 -26.060000000000002 1.4 2027 320 0 1
58.73208994406104 -26.060000000000002 1.4 2027 320 0 1
32.852550609799536 -22.74 1.4 2027 320 0 1
36.45441295734965 -22.74 1.4 2027 320 0 1
40.05627530489976 -22.74 1.4 2027 320 0 1
43.65813765244989 -22.74 1.4 2027 320 0 1
47.260000000000005 -22.74 1.4 2027 320 0 1
50.861862347550115 -22.74 1.4 2027 320 0 1
54.46372469510024 -22.74 1.4 2027 320 0 1
58.06558704265036 -22.74 1.4 2027 320 0 1
61.667449390200474 -22.74 1.4 2027 320 0 1
38.252558334251674 -19.419999999999998 1.4 2027 320 0 1
41.774684524465485 -19.419999999999998 1.4 2027 320 0 1
45.296810714679296 -19.419999999999998 1.4 2027 320 0 1
48.8189369048931 -19.419999999999998 1.4 2027 320 0 1
52.34106309510691 -19.419999999999998 1.4 2027 320 0 1
55.863189285320715 -19.419999999999998 1.4 2027 320 0 1
59.385315475534526 -19.419999999999998 1.4 2027 320 0 1
62.90744166574833 -19.419999999999998 1.4 2027 320 0 1
1.0599708966633525 -62.57999999999999 1.4 2027 330 0 1
8.294978172497515 -62.57999999999999 1.4 2027 330 0 1
15.529985448331677 -62.57999999999999 1.4 2027 330 0 1
22.76499272416584 -62.57999999999999 1.4 2027 330 0 1
30.0 -62.57999999999999 1.4 2027 330 0 1
37.235007275834164 -62.57999999999999 1.4 2027 330 0 1
44.47001455166833 -62.57999999999999 1.4 2027 330 0 1
51.70502182750249 -62.57999999999999 1.4 2027 330 0 1
58.940029103336656 -62.57999999999999 1.4 2027 330 0 1
0.6895171908579147 -59.26 1.4 2027 330 0 1
7.202957815111711 -59.26 1.4 2027 330 0 1
13.716398439365507 -59.26 1.4 2027 330 0 1
20.229839063619302 -59.26 1.4 2027 330 0 1
26.743279687873102 -59.26 1.4 2027 330 0 1
33.256720312126895 -59.26 1.4 2027 330 0 1
39.77016093638069 -59.26 1.4 2027 330 0 1
46.283601560634494 -59.26 1.4 2027 330 0 1
52.797042184888284 -59.26 1.4 2027 330 0 1
59.31048280914209 -59.26 1.4 2027 330 0 1
0.293322366487323 -55.94 1.4 2027 330 0 1
6.234657893189859 -55.94 1.4 2027 330 0 1
12.175993419892395 -55.94 1.4 2027 330 0 1
18.11732894659493 -55.94 1.4 2027 330 0 1
24.05866447329747 -55.94 1.4 2027 330 0 1
30.000000000000004 -55.94 1.4 2027 330 0 1
35.94133552670254 -55.94 1.4 2027 330 0 1
41.882671053405076 -55.94 1.4 2027 330 0 1
47.82400658010762 -55.94 1.4 2027 330 0 1
53.76534210681015 -55.94 1.4 2027 330 0 1
59.70667763351268 -55.94 1.4 2027 330 0 1
-0.13347774131321377 -52.61999999999999 1.4 2027 330 0 1
5.3453363934710065 -52.61999999999999 1.4 2027 330 0 1
10.824150528255227 -52.61999999999999 1.4 2027 330 0 1
16.302964663039447 -52.61999999999999 1.4 2027 330 0 1
21.78177879782367 -52.61999999999999 1.4 2027 330 0 1
27.26059293260789 -52.61999999999999 1.4 2027 330 0 1
32.73940706739211 -52.61999999999999 1.4 2027 330 0 1
38.21822120217633 -52.61999999999999 1.4 2027 330 0 1
43.69703533696055 -52.61999999999999 1.4 2027 330 0 1
49.175849471744776 -52.61999999999999 1.4 2027 330 0 1
54.65466360652899 -52.61999999999999 1.4 2027 330 0 1
60.133477741313214 -52.61999999999999 1.4 2027 330 0 1
-0.5950943266123883 -49.3 1.4 2027 330 0 1
4.504088061156343 -49.3 1.4 2027 330 0 1
9.603270448925073 -49.3 1.4 2027 330 0 1
14.702452836693807 -49.3 1.4 2027 330 0 1
19.801635224462537 -49.3 1.4 2027 330 0 1
24.90081761223127 -49.3 1.4 2027 330 0 1
30.000000000000004 -49.3 1.4 2027 330 0 1
35.099182387768735 -49.3 1.4 2027 330 0 1
40.19836477553746 -49.3 1.4 2027 330 0 1
45.2975471633062 -49.3 1.4 2027 330 0 1
50.39672955107493 -49.3 1.4 2027 330 0 1
55.49591193884366 -49.3 1.4 2027 330 0 1
60.5950943266124 -49.3 1.4 2027 330 0 1
-1.0954109116377642 -45.98 1.4 2027 330 0 1
3.688498459383431 -45.98 1.4 2027 330 0 1
8.472407830404626 -45.98 1.4 2027 330 0 1
13.25631720142582 -45.98 1.4 2027 330 0 1
18.040226572447015 -45.98 1.4 2027 330 0 1
22.82413594346821 -45.98 1.4 2027 330 0 1
27.608045314489402 -45.98 1.4 2027 330 0 1
32.3919546855106 -45.98 1.4 2027 330 0 1
37.17586405653179 -45.98 1.4 2027 330 0 1
41.95977342755299 -45.98 1.4 2027 330 0 1
46.743682798574184 -45.98 1.4 2027 330 0 1
51.52759216959537 -45.98 1.4 2027 330 0 1
56.31150154061657 -45.98 1.4 2027 330 0 1
61.095410911637764 -45.98 1.4 2027 330 0 1
0.6216692648952433 -42.66 1.4 2027 330 0 1
5.14141245491136 -42.66 1.4 2027 330 0 1
9.661155644927476 -42.66 1.4 2027 330 0 1
14.180898834943594 -42.66 1.4 2027 330 0 1
18.70064202495971 -42.66 1.4 2027 330 0 1
23.220385214975828 -42.66 1.4 2027 330 0 1
27.740128404991943 -42.66 1.4 2027 330 0 1
32.25987159500806 -42.66 1.4 2027 330 0 1
36.77961478502418 -42.66 1.4 2027 330 0 1
41.299357975040294 -42.66 1.4 2027 330 0 1
45.819101165056416 -42.66 1.4 2027 330 0 1
50.33884435507253 -42.66 1.4 2027 330 0 1
54.85858754508864 -42.66 1.4 2027 330 0 1
59.378330735104754 -42.66 1.4 2027 330 0 1
5.378166238533729 -39.339999999999996 1.4 2027 330 0 1
9.675138532111442 -39.339999999999996 1.4 2027 330 0 1
13.972110825689155 -39.339999999999996 1.4 2027 330 0 1
18.269083119266867 -39.339999999999996 1.4 2027 330 0 1
22.56605541284458 -39.339999999999996 1.4 2027 330 0 1
26.86302770642229 -39.339999999999996 1.4 2027 330 0 1
31.160000000000007 -39.339999999999996 1.4 2027 330 0 1
35.45697229357772 -39.339999999999996 1.4 2027 330 0 1
39.75394458715543 -39.339999999999996 1.4 2027 330 0 1
44.05091688073314 -39.339999999999996 1.4 2027 330 0 1
48.34788917431085 -39.339999999999996 1.4 2027 330 0 1
52.64486146788857 -39.339999999999996 1.4 2027 330 0 1
56.941833761466285 -39.339999999999996 1.4 2027 330 0 1
11.384160767524211 -36.019999999999996 1.4 2027 330 0 1
15.4924951734289 -36.019999999999996 1.4 2027 330 0 1
19.600829579333592 -36.019999999999996 1.4 2027 330 0 1
23.70916398523828 -36.019999999999996 1.4 2027 330 0 1
27.81749839114297 -36.019999999999996 1.4 2027 330 0 1
31.925832797047658 -36.019999999999996 1.4 2027 330 0 1
36.03416720295235 -36.019999999999996 1.4 2027 330 0 1
40.14250160885704 -36.019999999999996 1.4 2027 330 0 1
44.25083601476172 -36.019999999999996 1.4 2027 330 0 1
48.359170420666416 -36.019999999999996 1.4 2027 330 0 1
52.4675048265711 -36.019999999999996 1.4 2027 330 0 1
56.5758392324758 -36.019999999999996 1.4 2027 330 0 1
17.55845848341026 -32.699999999999996 1.4 2027 330 0 1
21.506766786728207 -32.699999999999996 1.4 2027 330 0 1
25.455075090046154 -32.699999999999996 1.4 2027 330 0 1
29.403383393364106 -32.699999999999996 1.4 2027 330 0 1
33.35169169668205 -32.699999999999996 1.4 2027 330 0 1
37.3 -32.699999999999996 1.4 2027 330 0 1
41.24830830331795 -32.699999999999996 1.4 2027 330 0 1
45.1966166066359 -32.699999999999996 1.4 2027 330 0 1
49.14492490995385 -32.699999999999996 1.4 2027 330 0 1
53.093233213271795 -32.699999999999996 1.4 2027 330 0 1
57.041541516589746 -32.699999999999996 1.4 2027 330 0 1
23.463116787633417 -29.38 1.4 2027 330 0 1
27.275757501492656 -29.38 1.4 2027 330 0 1
31.088398215351894 -29.38 1.4 2027 330 0 1
34.90103892921114 -29.38 1.4 2027 330 0 1
38.71367964307038 -29.38 1.4 2027 330 0 1
42.526320356929624 -29.38 1.4 2027 330 0 1
46.33896107078886 -29.38 1.4 2027 330 0 1
50.1516017846481 -29.38 1.4 2027 330 0 1
53.96424249850733 -29.38 1.4 2027 330 0 1
57.776883212366585 -29.38 1.4 2027 330 0 1
29.14791005593897 -26.060000000000002 1.4 2027 330 0 1
32.84593254195423 -26.060000000000002 1.4 2027 330 0 1
36.54395502796948 -26.060000000000002 1.4 2027 330 0 1
40.24197751398474 -26.060000000000002 1.4 2027 330 0 1
43.940000000000005 -26.060000000000002 1.4 2027 330 0 1
47.63802248601527 -26.060000000000002 1.4 2027 330 0 1
51.33604497203052 -26.060000000000002 1.4 2027 330 0 1
55.03406745804578 -26.060000000000002 1.4 2027 330 0 1
58.73208994406104 -26.060000000000002 1.4 2027 330 0 1
32.852550609799536 -22.74 1.4 2027 330 0 1
36.45441295734965 -22.74 1.4 2027 330 0 1
40.05627530489976 -22.74 1.4 2027 330 0 1
43.65813765244989 -22.74 1.4 2027 330 0 1
47.260000000000005 -22.74 1.4 2027 330 0 1
50.861862347550115 -22.74 1.4 2027 330 0 1
54.46372469510024 -22.74 1.4 2027 330 0 1
58.06558704265036 -22.74 1.4 2027 330 0 1
61.667449390200474 -22.74 1.4 2027 330 0 1
38.252558334251674 -19.419999999999998 1.4 2027 330 0 1
41.774684524465485 -19.419999999999998 1.4 2027 330 0 1
45.296810714679296 -19.419999999999998 1.4 2027 330 0 1
48.8189369048931 -19.419999999999998 1.4 2027 330 0 1
52.34106309510691 -19.419999999999998 1.4 2027 330 0 1
55.863189285320715 -19.419999999999998 1.4 2027 330 0 1
59.385315475534526 -19.419999999999998 1.4 2027 330 0 1
62.90744166574833 -19.419999999999998 1.4 2027 330 0 1
1.0599708966633525 -62.57999999999999 1.4 2027 340 0 1
8.294978172497515 -62.57999999999999 1.4 2027 340 0 1
15.529985448331677 -62.57999999999999 1.4 2027 340 0 1
22.76499272416584 -62.57999999999999 1.4 2027 340 0 1
30.0 -62.57999999999999 1.4 2027 340 0 1
37.235007275834164 -62.57999999999999 1.4 2027 340 0 1
44.47001455166833 -62.57999999999999 1.4 2027 340 0 1
51.70502182750249 -62.57999999999999 1.4 2027 340 0 1
58.940029103336656 -62.57999999999999 1.4 2027 340 0 1
0.6895171908579147 -59.26 1.4 2027 340 0 1
7.202957815111711 -59.26 1.4 2027 340 0 1
13.716398439365507 -59.26 1.4 2027 340 0 1
20.229839063619302 -59.26 1.4 2027 340 0 1
26.743279687873102 -59.26 1.4 2027 340 0 1
33.256720312126895 -59.26 1.4 2027 340 0 1
39.77016093638069 -59.26 1.4 2027 340 0 1
46.283601560634494 -59.26 1.4 2027 340 0 1
52.797042184888284 -59.26 1.4 2027 340 0 1
59.31048280914209 -59.26 1.4 2027 340 0 1
0.293322366487323 -55.94 1.4 2027 340 0 1
6.234657893189859 -55.94 1.4 2027 340 0 1
12.175993419892395 -55.94 1.4 2027 340 0 1
18.11732894659493 -55.94 1.4 2027 340 0 1
24.05866447329747 -55.94 1.4 2027 340 0 1
30.000000000000004 -55.94 1.4 2027 340 0 1
35.94133552670254 -55.94 1.4 2027 340 0 1
41.882671053405076 -55.94 1.4 2027 340 0 1
47.82400658010762 -55.94 1.4 2027 340 0 1
53.76534210681015 -55.94 1.4 2027 340 0 1
59.70667763351268 -55.94 1.4 2027 340 0 1
-0.13347774131321377 -52.61999999999999 1.4 2027 340 0 1
5.3453363934710065 -52.61999999999999 1.4 2027 340 0 1
10.824150528255227 -52.61999999999999 1.4 2027 340 0 1
16.302964663039447 -52.61999999999999 1.4 2027 340 0 1
21.78177879782367 -52.61999999999999 1.4 2027 340 0 1
27.26059293260789 -52.61999999999999 1.4 2027 340 0 1
32.73940706739211 -52.61999999999999 1.4 2027 340 0 1
38.21822120217633 -52.61999999999999 1.4 2027 340 0 1
43.69703533696055 -52.61999999999999 1.4 2027 340 0 1
49.175849471744776 -52.61999999999999 1.4 2027 340 0 1
54.65466360652899 -52.61999999999999 1.4 2027 340 0 1
60.133477741313214 -52.61999999999999 1.4 2027 340 0 1
-0.5950943266123883 -49.3 1.4 2027 340 0 1
4.504088061156343 -49.3 1.4 2027 340 0 1
9.603270448925073 -49.3 1.4 2027 340 0 1
14.702452836693807 -49.3 1.4 2027 340 0 1
19.801635224462537 -49.3 1.4 2027 340 0 1
24.90081761223127 -49.3 1.4 2027 340 0 1
30.000000000000004 -49.3 1.4 2027 340 0 1
35.099182387768735 -49.3 1.4 2027 340 0 1
40.19836477553746 -49.3 1.4 2027 340 0 1
45.2975471633062 -49.3 1.4 2027 340 0 1
50.39672955107493 -49.3 1.4 2027 340 0 1
55.49591193884366 -49.3 1.4 2027 340 0 1
60.5950943266124 -49.3 1.4 2027 340 0 1
-1.0954109116377642 -45.98 1.4 2027 340 0 1
3.688498459383431 -45.98 1.4 2027 340 0 1
8.472407830404626 -45.98 1.4 2027 340 0 1
13.25631720142582 -45.98 1.4 2027 340 0 1
18.040226572447015 -45.98 1.4 2027 340 0 1
22.82413594346821 -45.98 1.4 2027 340 0 1
27.608045314489402 -45.98 1.4 2027 340 0 1
32.3919546855106 -45.98 1.4 2027 340 0 1
37.17586405653179 -45.98 1.4 2027 340 0 1
41.95977342755299 -45.98 1.4 2027 340 0 1
46.743682798574184 -45.98 1.4 2027 340 0 1
51.52759216959537 -45.98 1.4 2027 340 0 1
56.31150154061657 -45.98 1.4 2027 340 0 1
61.095410911637764 -45.98 1.4 2027 340 0 1
0.6216692648952433 -42.66 1.4 2027 340 0 1
5.14141245491136 -42.66 1.4 2027 340 0 1
9.661155644927476 -42.66 1.4 2027 340 0 1
14.180898834943594 -42.66 1.4 2027 340 0 1
18.70064202495971 -42.66 1.4 2027 340 0 1
23.220385214975828 -42.66 1.4 2027 340 0 1
27.740128404991943 -42.66 1.4 2027 340 0 1
32.25987159500806 -42.66 1.4 2027 340 0 1
36.77961478502418 -42.66 1.4 2027 340 0 1
41.299357975040294 -42.66 1.4 2027 340 0 1
45.819101165056416 -42.66 1.4 2027 340 0 1
50.33884435507253 -42.66 1.4 2027 340 0 1
54.85858754508864 -42.66 1.4 2027 340 0 1
59.378330735104754 -42.66 1.4 2027 340 0 1
5.378166238533729 -39.339999999999996 1.4 2027 340 0 1
9.675138532111442 -39.339999999999996 1.4 2027 340 0 1
13.972110825689155 -39.339999999999996 1.4 2027 340 0 1
18.269083119266867 -39.339999999999996 1.4 2027 340 0 1
22.56605541284458 -39.339999999999996 1.4 2027 340 0 1
26.86302770642229 -39.339999999999996 1.4 2027 340 0 1
31.160000000000007 -39.339999999999996 1.4 2027 340 0 1
35.45697229357772 -39.339999999999996 1.4 2027 340 0 1
39.75394458715543 -39.339999999999996 1.4 2027 340 0 1
44.05091688073314 -39.339999999999996 1.4 2027 340 0 1
48.34788917431085 -39.339999999999996 1.4 2027 340 0 1
52.64486146788857 -39.339999999999996 1.4 2027 340 0 1
56.941833761466285 -39.339999999999996 1.4 2027 340 0 1
11.384160767524211 -36.019999999999996 1.4 2027 340 0 1
15.4924951734289 -36.019999999999996 1.4 2027 340 0 1
19.600829579333592 -36.019999999999996 1.4 2027 340 0 1
23.70916398523828 -36.019999999999996 1.4 2027 340 0 1
27.81749839114297 -36.019999999999996 1.4 2027 340 0 1
31.925832797047658 -36.019999999999996 1.4 2027 340 0 1
36.03416720295235 -36.019999999999996 1.4 2027 340 0 1
40.14250160885704 -36.019999999999996 1.4 2027 340 0 1
44.25083601476172 -36.019999999999996 1.4 2027 340 0 1
48.359170420666416 -36.019999999999996 1.4 2027 340 0 1
52.4675048265711 -36.019999999999996 1.4 2027 340 0 1
56.5758392324758 -36.019999999999996 1.4 2027 340 0 1
17.55845848341026 -32.699999999999996 1.4 2027 340 0 1
21.506766786728207 -32.699999999999996 1.4 2027 340 0 1
25.455075090046154 -32.699999999999996 1.4 2027 340 0 1
29.403383393364106 -32.699999999999996 1.4 2027 340 0 1
33.35169169668205 -32.699999999999996 1.4 2027 340 0 1
37.3 -32.699999999999996 1.4 2027 340 0 1
41.24830830331795 -32.699999999999996 1.4 2027 340 0 1
45.1966166066359 -32.699999999999996 1.4 2027 340 0 1
49.14492490995385 -32.699999999999996 1.4 2027 340 0 1
53.093233213271795 -32.699999999999996 1.4 2027 340 0 1
57.041541516589746 -32.699999999999996 1.4 2027 340 0 1
23.463116787633417 -29.38 1.4 2027 340 0 1
27.275757501492656 -29.38 1.4 2027 340 0 1
31.088398215351894 -29.38 1.4 2027 340 0 1
34.90103892921114 -29.38 1.4 2027 340 0 1
38.71367964307038 -29.38 1.4 2027 340 0 1
42.526320356929624 -29.38 1.4 2027 340 0 1
46.33896107078886 -29.38 1.4 2027 340 0 1
50.1516017846481 -29.38 1.4 2027 340 0 1
53.96424249850733 -29.38 1.4 2027 340 0 1
57.776883212366585 -29.38 1.4 2027 340 0 1
29.14791005593897 -26.060000000000002 1.4 2027 340 0 1
32.84593254195423 -26.060000000000002 1.4 2027 340 0 1
36.54395502796948 -26.060000000000002 1.4 2027 340 0 1
40.24197751398474 -26.060000000000002 1.4 2027 340 0 1
43.940000000000005 -26.060000000000002 1.4 2027 340 0 1
47.63802248601527 -26.060000000000002 1.4 2027 340 0 1
51.33604497203052 -26.060000000000002 1.4 2027 340 0 1
55.03406745804578 -26.060000000000002 1.4 2027 340 0 1
58.73208994406104 -26.060000000000002 1.4 2027 340 0 1
32.852550609799536 -22.74 1.4 2027 340 0 1
36.45441295734965 -22.74 1.4 2027 340 0 1
40.05627530489976 -22.74 1.4 2027 340 0 1
43.65813765244989 -22.74 1.4 2027 340 0 1
47.260000000000005 -22.74 1.4 2027 340 0 1
50.861862347550115 -22.74 1.4 2027 340 0 1
54.46372469510024 -22.74 1.4 2027 340 0 1
58.06558704265036 -22.74 1.4 2027 340 0 1
61.667449390200474 -22.74 1.4 2027 340 0 1
38.252558334251674 -19.419999999999998 1.4 2027 340 0 1
41.774684524465485 -19.419999999999998 1.4 2027 340 0 1
45.296810714679296 -19.419999999999998 1.4 2027 340 0 1
48.8189369048931 -19.419999999999998 1.4 2027 340 0 1
52.34106309510691 -19.419999999999998 1.4 2027 340 0 1
55.863189285320715 -19.419999999999998 1.4 2027 340 0 1
59.385315475534526 -19.419999999999998 1.4 2027 340 0 1
62.90744166574833 -19.419999999999998 1.4 2027 340 0 1
1.0599708966633525 -62.57999999999999 1.4 2027 350 0 1
8.294978172497515 -62.57999999999999 1.4 2027 350 0 1
15.529985448331677 -62.57999999999999 1.4 2027 350 0 1
22.76499272416584 -62.57999999999999 1.4 2027 350 0 1
30.0 -62.57999999999999 1.4 2027 350 0 1
37.235007275834164 -62.57999999999999 1.4 2027 350 0 1
44.47001455166833 -62.57999999999999 1.4 2027 350 0 1
51.70502182750249 -62.57999999999999 1.4 2027 350 0 1
58.940029103336656 -62.57999999999999 1.4 2027 350 0 1
0.6895171908579147 -59.26 1.4 2027 350 0 1
7.202957815111711 -59.26 1.4 2027 350 0 1
13.716398439365507 -59.26 1.4 2027 350 0 1
20.229839063619302 -59.26 1.4 2027 350 0 1
26.743279687873102 -59.26 1.4 2027 350 0 1
33.256720312126895 -59.26 1.4 2027 350 0 1
39.77016093638069 -59.26 1.4 2027 350 0 1
46.283601560634494 -59.26 1.4 2027 350 0 1
52.797042184888284 -59.26 1.4 2027 350 0 1
59.31048280914209 -59.26 1.4 2027 350 0 1
0.293322366487323 -55.94 1.4 2027 350 0 1
6.234657893189859 -55.94 1.4 2027 350 0 1
12.175993419892395 -55.94 1.4 2027 350 0 1
18.11732894659493 -55.94 1.4 2027 350 0 1
24.05866447329747 -55.94 1.4 2027 350 0 1
30.000000000000004 -55.94 1.4 2027 350 0 1
35.94133552670254 -55.94 1.4 2027 350 0 1
41.882671053405076 -55.94 1.4 2027 350 0 1
47.82400658010762 -55.94 1.4 2027 350 0 1
53.76534210681015 -55.94 1.4 2027 350 0 1
59.70667763351268 -55.94 1.4 2027 350 0 1
-0.13347774131321377 -52.61999999999999 1.4 2027 350 0 1
5.3453363934710065 -52.61999999999999 1.4 2027 350 0 1
10.824150528255227 -52.61999999999999 1.4 2027 350 0 1
16.302964663039447 -52.61999999999999 1.4 2027 350 0 1
21.78177879782367 -52.61999999999999 1.4 2027 350 0 1
27.26059293260789 -52.61999999999999 1.4 2027 350 0 1
32.73940706739211 -52.61999999999999 1.4 2027 350 0 1
38.21822120217633 -52.61999999999999 1.4 2027 350 0 1
43.69703533696055 -52.61999999999999 1.4 2027 350 0 1
49.175849471744776 -52.61999999999999 1.4 2027 350 0 1
54.65466360652899 -52.61999999999999 1.4 2027 350 0 1
60.133477741313214 -52.61999999999999 1.4 2027 350 0 1
-0.5950943266123883 -49.3 1.4 2027 350 0 1
4.504088061156343 -49.3 1.4 2027 350 0 1
9.603270448925073 -49.3 1.4 2027 350 0 1
14.702452836693807 -49.3 1.4 2027 350 0 1
19.801635224462537 -49.3 1.4 2027 350 0 1
24.90081761223127 -49.3 1.4 2027 350 0 1
30.000000000000004 -49.3 1.4 2027 350 0 1
35.099182387768735 -49.3 1.4 2027 350 0 1
40.19836477553746 -49.3 1.4 2027 350 0 1
45.2975471633062 -49.3 1.4 2027 350 0 1
50.39672955107493 -49.3 1.4 2027 350 0 1
55.49591193884366 -49.3 1.4 2027 350 0 1
60.5950943266124 -49.3 1.4 2027 350 0 1
-1.0954109116377642 -45.98 1.4 2027 350 0 1
3.688498459383431 -45.98 1.4 2027 350 0 1
8.472407830404626 -45.98 1.4 2027 350 0 1
13.25631720142582 -45.98 1.4 2027 350 0 1
18.040226572447015 -45.98 1.4 2027 350 0 1
22.82413594346821 -45.98 1.4 2027 350 0 1
27.608045314489402 -45.98 1.4 2027 350 0 1
32.3919546855106 -45.98 1.4 2027 350 0 1
37.17586405653179 -45.98 1.4 2027 350 0 1
41.95977342755299 -45.98 1.4 2027 350 0 1
46.743682798574184 -45.98 1.4 2027 350 0 1
51.52759216959537 -45.98 1.4 2027 350 0 1
56.31150154061657 -45.98 1.4 2027 350 0 1
61.095410911637764 -45.98 1.4 2027 350 0 1
0.6216692648952433 -42.66 1.4 2027 350 0 1
5.14141245491136 -42.66 1.4 2027 350 0 1
9.661155644927476 -42.66 1.4 2027 350 0 1
14.180898834943594 -42.66 1.4 2027 350 0 1
18.70064202495971 -42.66 1.4 2027 350 0 1
23.220385214975828 -42.66 1.4 2027 350 0 1
27.740128404991943 -42.66 1.4 2027 350 0 1
32.25987159500806 -42.66 1.4 2027 350 0 1
36.77961478502418 -42.66 1.4 2027 350 0 1
41.299357975040294 -42.66 1.4 2027 350 0 1
45.819101165056416 -42.66 1.4 2027 350 0 1
50.33884435507253 -42.66 1.4 2027 350 0 1
54.85858754508864 -42.66 1.4 2027 350 0 1
59.378330735104754 -42.66 1.4 2027 350 0 1
5.378166238533729 -39.339999999999996 1.4 2027 350 0 1
9.675138532111442 -39.339999999999996 1.4 2027 350 0 1
13.972110825689155 -39.339999999999996 1.4 2027 350 0 1
18.269083119266867 -39.339999999999996 1.4 2027 350 0 1
22.56605541284458 -39.339999999999996 1.4 2027 350 0 1
26.86302770642229 -39.339999999999996 1.4 2027 350 0 1
31.160000000000007 -39.339999999999996 1.4 2027 350 0 1
35.45697229357772 -39.339999999999996 1.4 2027 350 0 1
39.75394458715543 -39.339999999999996 1.4 2027 350 0 1
44.05091688073314 -39.339999999999996 1.4 2027 350 0 1
48.34788917431085 -39.339999999999996 1.4 2027 350 0 1
52.64486146788857 -39.339999999999996 1.4 2027 350 0 1
56.941833761466285 -39.339999999999996 1.4 2027 350 0 1
11.384160767524211 -36.019999999999996 1.4 2027 350 0 1
15.4924951734289 -36.019999999999996 1.4 2027 350 0 1
19.600829579333592 -36.019999999999996 1.4 2027 350 0 1
23.70916398523828 -36.019999999999996 1.4 2027 350 0 1
27.81749839114297 -36.019999999999996 1.4 2027 350 0 1
31.925832797047658 -36.019999999999996 1.4 2027 350 0 1
36.03416720295235 -36.019999999999996 1.4 2027 350 0 1
40.14250160885704 -36.019999999999996 1.4 2027 350 0 1
44.25083601476172 -36.019999999999996 1.4 2027 350 0 1
48.359170420666416 -36.019999999999996 1.4 2027 350 0 1
52.4675048265711 -36.019999999999996 1.4 2027 350 0 1
56.5758392324758 -36.019999999999996 1.4 2027 350 0 1
17.55845848341026 -32.699999999999996 1.4 2027 350 0 1
21.506766786728207 -32.699999999999996 1.4 2027 350 0 1
25.455075090046154 -32.699999999999996 1.4 2027 350 0 1
29.403383393364106 -32.699999999999996 1.4 2027 350 0 1
33.35169169668205 -32.699999999999996 1.4 2027 350 0 1
37.3 -32.699999999999996 1.4 2027 350 0 1
41.24830830331795 -32.699999999999996 1.4 2027 350 0 1
45.1966166066359 -32.699999999999996 1.4 2027 350 0 1
49.14492490995385 -32.699999999999996 1.4 2027 350 0 1
53.093233213271795 -32.699999999999996 1.4 2027 350 0 1
57.041541516589746 -32.699999999999996 1.4 2027 350 0 1
23.463116787633417 -29.38 1.4 2027 350 0 1
27.275757501492656 -29.38 1.4 2027 350 0 1
31.088398215351894 -29.38 1.4 2027 350 0 1
34.90103892921114 -29.38 1.4 2027 350 0 1
38.71367964307038 -29.38 1.4 2027 350 0 1
42.526320356929624 -29.38 1.4 2027 350 0 1
46.33896107078886 -29.38 1.4 2027 350 0 1
50.1516017846481 -29.38 1.4 2027 350 0 1
53.96424249850733 -29.38 1.4 2027 350 0 1
57.776883212366585 -29.38 1.4 2027 350 0 1
29.14791005593897 -26.060000000000002 1.4 2027 350 0 1
32.84593254195423 -26.060000000000002 1.4 2027 350 0 1
36.54395502796948 -26.060000000000002 1.4 2027 350 0 1
40.24197751398474 -26.060000000000002 1.4 2027 350 0 1
43.940000000000005 -26.060000000000002 1.4 2027 350 0 1
47.63802248601527 -26.060000000000002 1.4 2027 350 0 1
51.33604497203052 -26.060000000000002 1.4 2027 350 0 1
55.03406745804578 -26.060000000000002 1.4 2027 350 0 1
58.73208994406104 -26.060000000000002 1.4 2027 350 0 1
32.852550609799536 -22.74 1.4 2027 350 0 1
36.45441295734965 -22.74 1.4 2027 350 0 1
40.05627530489976 -22.74 1.4 2027 350 0 1
43.65813765244989 -22.74 1.4 2027 350 0 1
47.260000000000005 -22.74 1.4 2027 350 0 1
50.861862347550115 -22.74 1.4 2027 350 0 1
54.46372469510024 -22.74 1.4 2027 350 0 1
58.06558704265036 -22.74 1.4 2027 350 0 1
61.667449390200474 -22.74 1.4 2027 350 0 1
38.252558334251674 -19.419999999999998 1.4 2027 350 0 1
41.774684524465485 -19.419999999999998 1.4 2027 350 0 1
45.296810714679296 -19.419999999999998 1.4 2027 350 0 1
48.8189369048931 -19.419999999999998 1.4 2027 350 0 1
52.34106309510691 -19.419999999999998 1.4 2027 350 0 1
55.863189285320715 -19.419999999999998 1.4 2027 350 0 1
59.385315475534526 -19.419999999999998 1.4 2027 350 0 1
62.90744166574833 -19.419999999999998 1.4 2027 350 0 1
1.0599708966633525 -62.57999999999999 1.4 2027 360 0 1
8.294978172497515 -62.57999999999999 1.4 2027 360 0 1
15.529985448331677 -62.57999999999999 1.4 2027 360 0 1
22.76499272416584 -62.57999999999999 1.4 2027 360 0 1
30.0 -62.57999999999999 1.4 2027 360 0 1
37.235007275834164 -62.57999999999999 1.4 2027 360 0 1
44.47001455166833 -62.57999999999999 1.4 2027 360 0 1
51.70502182750249 -62.57999999999999 1.4 2027 360 0 1
58.940029103336656 -62.57999999999999 1.4 2027 360 0 1
0.6895171908579147 -59.26 1.4 2027 360 0 1
7.202957815111711 -59.26 1.4 2027 360 0 1
13.716398439365507 -59.26 1.4 2027 360 0 1
20.229839063619302 -59.26 1.4 2027 360 0 1
26.743279687873102 -59.26 1.4 2027 360 0 1
33.256720312126895 -59.26 1.4 2027 360 0 1
39.77016093638069 -59.26 1.4 2027 360 0 1
46.283601560634494 -59.26 1.4 2027 360 0 1
52.797042184888284 -59.26 1.4 2027 360 0 1
59.31048280914209 -59.26 1.4 2027 360 0 1
0.293322366487323 -55.94 1.4 2027 360 0 1
6.234657893189859 -55.94 1.4 2027 360 0 1
12.175993419892395 -55.94 1.4 2027 360 0 1
18.11732894659493 -55.94 1.4 2027 360 0 1
24.05866447329747 -55.94 1.4 2027 360 0 1
30.000000000000004 -55.94 1.4 2027 360 0 1
35.94133552670254 -55.94 1.4 2027 360 0 1
41.882671053405076 -55.94 1.4 2027 360 0 1
47.82400658010762 -55.94 1.4 2027 360 0 1
53.76534210681015 -55.94 1.4 2027 360 0 1
59.70667763351268 -55.94 1.4 2027 360 0 1
-0.13347774131321377 -52.61999999999999 1.4 2027 360 0 1
5.3453363934710065 -52.61999999999999 1.4 2027 360 0 1
10.824150528255227 -52.61999999999999 1.4 2027 360 0 1
16.302964663039447 -52.61999999999999 1.4 2027 360 0 1
21.78177879782367 -52.61999999999999 1.4 2027 360 0 1
27.26059293260789 -52.61999999999999 1.4 2027 360 0 1
32.73940706739211 -52.61999999999999 1.4 2027 360 0 1
38.21822120217633 -52.61999999999999 1.4 2027 360 0 1
43.69703533696055 -52.61999999999999 1.4 2027 360 0 1
49.175849471744776 -52.61999999999999 1.4 2027 360 0 1
54.65466360652899 -52.61999999999999 1.4 2027 360 0 1
60.133477741313214 -52.61999999999999 1.4 2027 360 0 1
-0.5950943266123883 -49.3 1.4 2027 360 0 1
4.504088061156343 -49.3 1.4 2027 360 0 1
9.603270448925073 -49.3 1.4 2027 360 0 1
14.702452836693807 -49.3 1.4 2027 360 0 1
19.801635224462537 -49.3 1.4 2027 360 0 1
24.90081761223127 -49.3 1.4 2027 360 0 1
30.000000000000004 -49.3 1.4 2027 360 0 1
35.099182387768735 -49.3 1.4 2027 360 0 1
40.19836477553746 -49.3 1.4 2027 360 0 1
45.2975471633062 -49.3 1.4 2027 360 0 1
50.39672955107493 -49.3 1.4 2027 360 0 1
55.49591193884366 -49.3 1.4 2027 360 0 1
60.5950943266124 -49.3 1.4 2027 360 0 1
-1.0954109116377642 -45.98 1.4 2027 360 0 1
3.688498459383431 -45.98 1.4 2027 360 0 1
8.472407830404626 -45.98 1.4 2027 360 0 1
13.25631720142582 -45.98 1.4 2027 360 0 1
18.040226572447015 -45.98 1.4 2027 360 0 1
22.82413594346821 -45.98 1.4 2027 360 0 1
27.608045314489402 -45.98 1.4 2027 360 0 1
32.3919546855106 -45.98 1.4 2027 360 0 1
37.17586405653179 -45.98 1.4 2027 360 0 1
41.95977342755299 -45.98 1.4 2027 360 0 1
46.743682798574184 -45.98 1.4 2027 360 0 1
51.52759216959537 -45.98 1.4 2027 360 0 1
56.31150154061657 -45.98 1.4 2027 360 0 1
61.095410911637764 -45.98 1.4 2027 360 0 1
0.6216692648952433 -42.66 1.4 2027 360 0 1
5.14141245491136 -42.66 1.4 2027 360 0 1
9.661155644927476 -42.66 1.4 2027 360 0 1
14.180898834943594 -42.66 1.4 2027 360 0 1
18.70064202495971 -42.66 1.4 2027 360 0 1
23.220385214975828 -42.66 1.4 2027 360 0 1
27.740128404991943 -42.66 1.4 2027 360 0 1
32.25987159500806 -42.66 1.4 2027 360 0 1
36.77961478502418 -42.66 1.4 2027 360 0 1
41.299357975040294 -42.66 1.4 2027 360 0 1
45.819101165056416 -42.66 1.4 2027 360 0 1
50.33884435507253 -42.66 1.4 2027 360 0 1
54.85858754508864 -42.66 1.4 2027 360 0 1
59.378330735104754 -42.66 1.4 2027 360 0 1
5.378166238533729 -39.339999999999996 1.4 2027 360 0 1
9.675138532111442 -39.339999999999996 1.4 2027 360 0 1
13.972110825689155 -39.339999999999996 1.4 2027 360 0 1
18.269083119266867 -39.339999999999996 1.4 2027 360 0 1
22.56605541284458 -39.339999999999996 1.4 2027 360 0 1
26.86302770642229 -39.339999999999996 1.4 2027 360 0 1
31.160000000000007 -39.339999999999996 1.4 2027 360 0 1
35.45697229357772 -39.339999999999996 1.4 2027 360 0 1
39.75394458715543 -39.339999999999996 1.4 2027 360 0 1
44.05091688073314 -39.339999999999996 1.4 2027 360 0 1
48.34788917431085 -39.339999999999996 1.4 2027 360 0 1
52.64486146788857 -39.339999999999996 1.4 2027 360 0 1
56.941833761466285 -39.339999999999996 1.4 2027 360 0 1
11.384160767524211 -36.019999999999996 1.4 2027 360 0 1
15.4924951734289 -36.019999999999996 1.4 2027 360 0 1
19.600829579333592 -36.019999999999996 1.4 2027 360 0 1
23.70916398523828 -36.019999999999996 1.4 2027 360 0 1
27.81749839114297 -36.019999999999996 1.4 2027 360 0 1
31.925832797047658 -36.019999999999996 1.4 2027 360 0 1
36.03416720295235 -36.019999999999996 1.4 2027 360 0 1
40.14250160885704 -36.019999999999996 1.4 2027 360 0 1
44.25083601476172 -36.019999999999996 1.4 2027 360 0 1
48.359170420666416 -36.019999999999996 1.4 2027 360 0 1
52.4675048265711 -36.019999999999996 1.4 2027 360 0 1
56.5758392324758 -36.019999999999996 1.4 2027 360 0 1
17.55845848341026 -32.699999999999996 1.4 2027 360 0 1
21.506766786728207 -32.699999999999996 1.4 2027 360 0 1
25.455075090046154 -32.699999999999996 1.4 2027 360 0 1
29.403383393364106 -32.699999999999996 1.4 2027 360 0 1
33.35169169668205 -32.699999999999996 1.4 2027 360 0 1
37.3 -32.699999999999996 1.4 2027 360 0 1
41.24830830331795 -32.699999999999996 1.4 2027 360 0 1
45.1966166066359 -32.699999999999996 1.4 2027 360 0 1
49.14492490995385 -32.699999999999996 1.4 2027 360 0 1
53.093233213271795 -32.699999999999996 1.4 2027 360 0 1
57.041541516589746 -32.699999999999996 1.4 2027 360 0 1
23.463116787633417 -29.38 1.4 2027 360 0 1
27.275757501492656 -29.38 1.4 2027 360 0 1
31.088398215351894 -29.38 1.4 2027 360 0 1
34.90103892921114 -29.38 1.4 2027 360 0 1
38.71367964307038 -29.38 1.4 2027 360 0 1
42.526320356929624 -29.38 1.4 2027 360 0 1
46.33896107078886 -29.38 1.4 2027 360 0 1
50.1516017846481 -29.38 1.4 2027 360 0 1
53.96424249850733 -29.38 1.4 2027 360 0 1
57.776883212366585 -29.38 1.4 2027 360 0 1
29.14791005593897 -26.060000000000002 1.4 2027 360 0 1
32.84593254195423 -26.060000000000002 1.4 2027 360 0 1
36.54395502796948 -26.060000000000002 1.4 2027 360 0 1
40.24197751398474 -26.060000000000002 1.4 2027 360 0 1
43.940000000000005 -26.060000000000002 1.4 2027 360 0 1
47.63802248601527 -26.060000000000002 1.4 2027 360 0 1
51.33604497203052 -26.060000000000002 1.4 2027 360 0 1
55.03406745804578 -26.060000000000002 1.4 2027 360 0 1
58.73208994406104 -26.060000000000002 1.4 2027 360 0 1
32.852550609799536 -22.74 1.4 2027 360 0 1
36.45441295734965 -22.74 1.4 2027 360 0 1
40.05627530489976 -22.74 1.4 2027 360 0 1
43.65813765244989 -22.74 1.4 2027 360 0 1
47.260000000000005 -22.74 1.4 2027 360 0 1
50.861862347550115 -22.74 1.4 2027 360 0 1
54.46372469510024 -22.74 1.4 2027 360 0 1
58.06558704265036 -22.74 1.4 2027 360 0 1
61.667449390200474 -22.74 1.4 2027 360 0 1
38.252558334251674 -19.419999999999998 1.4 2027 360 0 1
41.774684524465485 -19.419999999999998 1.4 2027 360 0 1
45.296810714679296 -19.419999999999998 1.4 2027 360 0 1
48.8189369048931 -19.419999999999998 1.4 2027 360 0 1
52.34106309510691 -19.419999999999998 1.4 2027 360 0 1
55.863189285320715 -19.419999999999998 1.4 2027 360 0 1
59.385315475534526 -19.419999999999998 1.4 2027 360 0 1
62.90744166574833 -19.419999999999998 1.4 2027 360 0 1
